0,1,2,3,4,5,6,7,8,9,10,11,12,13,14,15,16,17,18,19,20,21,22,23,24,25,26,27,28,29,30,31,32,33,34,35,36,37,38,39,40,41
0.0,0.0,-0.076409444,-0.37839317,-0.23677106,-0.67920214,-0.42207888,-0.83901167,-0.49450865,-1.0,-0.49761593,-0.6139145,-0.68636924,-0.65766585,-0.56324077,-0.6343701,-0.4455184,-0.59877545,-0.55637103,-0.3880911,-0.6940633,-0.46429202,-0.5844245,-0.44645134,-0.4906803,-0.40647054,-0.58103454,-0.16465272,-0.6724038,-0.25053763,-0.5831553,-0.23560604,-0.49751312,-0.19536194,-0.5831857,0.05077122,-0.6463603,-0.050105855,-0.56473583,-0.044530906,-0.5012999,-0.013129284
0.0,0.0,-0.0814696,-0.3238422,-0.20435247,-0.5868888,-0.26120204,-0.8200938,-0.26388732,-1.0,-0.46550435,-0.57126296,-0.6691791,-0.5393741,-0.58856875,-0.4615669,-0.47734645,-0.44614846,-0.51506627,-0.3691404,-0.6605554,-0.324605,-0.57903516,-0.26078612,-0.4840774,-0.25052467,-0.53220373,-0.15537922,-0.61345977,-0.12174576,-0.5423153,-0.078603655,-0.45472914,-0.06349293,-0.5268738,0.04439666,-0.5738777,0.075752124,-0.49614823,0.11042275,-0.42203188,0.12333516
0.0,0.0,0.09323208,-0.30514896,0.120471776,-0.581822,0.1668126,-0.8330405,0.2598046,-1.0,-0.10599021,-0.75041366,-0.28825074,-0.8122102,-0.2514167,-0.70072126,-0.17824675,-0.6381499,-0.22379251,-0.62038803,-0.3549691,-0.6745885,-0.31048876,-0.57945716,-0.24316229,-0.5150461,-0.31709135,-0.4613828,-0.38371435,-0.5098316,-0.34665602,-0.43784252,-0.2912822,-0.3795311,-0.38881627,-0.3102399,-0.4211966,-0.37139824,-0.37669954,-0.2986422,-0.32870704,-0.24419256
0.0,0.0,0.078605376,-0.30332726,0.09223507,-0.58215,0.13407661,-0.83213246,0.22499345,-1.0,-0.13353597,-0.73696357,-0.3258787,-0.7967831,-0.28754362,-0.69527406,-0.2117552,-0.64173186,-0.24449416,-0.59666604,-0.3830242,-0.6537223,-0.33618742,-0.5651816,-0.26531127,-0.50799805,-0.33278546,-0.43340513,-0.41004878,-0.49379128,-0.37059465,-0.42662093,-0.3109061,-0.37119508,-0.40149593,-0.28087962,-0.44597524,-0.36449233,-0.39935955,-0.2983746,-0.3474696,-0.2444425
0.0,0.0,-0.028076611,-0.36782372,-0.1092659,-0.6391739,-0.18414754,-0.810415,-0.24151368,-0.9094817,-0.41016373,-0.6112968,-0.7234094,-0.635231,-0.83365846,-0.56169873,-0.8678127,-0.48540443,-0.4594756,-0.39353508,-0.7581334,-0.43244246,-0.9066068,-0.3926083,-0.9929365,-0.32880425,-0.4888831,-0.172375,-0.76253784,-0.23462653,-0.90780455,-0.2312481,-1.0,-0.20347564,-0.50163436,0.032749973,-0.7365006,-0.07027206,-0.8590915,-0.10712181,-0.9477371,-0.11837398
0.0,0.0,-0.14212799,-0.33110747,-0.28396773,-0.5966395,-0.3997735,-0.81134695,-0.4714312,-1.0,-0.5981888,-0.42284706,-0.73300767,-0.27026093,-0.6469899,-0.23166333,-0.54672045,-0.26348335,-0.60960746,-0.19496827,-0.6842149,-0.09644245,-0.59002274,-0.076982886,-0.4906853,-0.09992759,-0.5749805,0.024139402,-0.6325497,0.06079273,-0.552982,0.066182226,-0.4602577,0.047539044,-0.5241351,0.21900848,-0.57772523,0.2107158,-0.49503472,0.20170048,-0.41405612,0.19146603
0.0,0.0,0.06438974,-0.31749588,0.18296732,-0.57403564,0.25905442,-0.8039136,0.25457993,-1.0,0.35958728,-0.44891876,0.60569286,-0.51118505,0.5177782,-0.49011725,0.42863393,-0.46660542,0.3782228,-0.2560811,0.5983151,-0.34216723,0.51801056,-0.34981808,0.43700036,-0.3188964,0.373838,-0.080485426,0.5622311,-0.17427684,0.4931096,-0.1845315,0.417956,-0.15474674,0.3630754,0.0727537,0.49768874,-0.02818436,0.43635637,-0.042220872,0.37515652,-0.012322161
0.0,0.0,0.07502146,-0.30405855,0.16295485,-0.56935716,0.19074881,-0.81248313,0.15637298,-1.0,0.40633443,-0.48354387,0.5928329,-0.47666773,0.52703595,-0.42258212,0.45331392,-0.417349,0.44517165,-0.30437315,0.60056657,-0.32393694,0.53495157,-0.2873684,0.4615374,-0.2726064,0.45711422,-0.12367342,0.5853572,-0.16710925,0.531728,-0.14264955,0.4565428,-0.12586181,0.45711142,0.03742586,0.5732896,-0.029481607,0.519491,-0.021075448,0.45278952,-0.00013804703
0.0,0.0,0.052662466,-0.2617558,0.17372905,-0.5360786,0.23544148,-0.7767654,0.24976178,-1.0,0.33970475,-0.39932323,0.65188205,-0.44973347,0.55647737,-0.41223708,0.43967348,-0.39151582,0.3542166,-0.19516459,0.6617402,-0.26782963,0.5658788,-0.25723532,0.45273337,-0.24896243,0.3484945,-0.0075321896,0.62289333,-0.08968961,0.53543115,-0.08520839,0.43736732,-0.073100254,0.33465073,0.1612297,0.53924495,0.07620699,0.46743307,0.067868784,0.38215286,0.08392949
0.0,0.0,0.09935591,-0.28706166,0.21714337,-0.5582457,0.25832254,-0.802839,0.2324446,-1.0,0.44393754,-0.4455554,0.65836835,-0.3427128,0.5868417,-0.29062748,0.49591312,-0.31353837,0.4547591,-0.27952418,0.6375706,-0.18272111,0.56427914,-0.13823417,0.4773186,-0.16139455,0.4492453,-0.0979371,0.5998896,-0.04108843,0.53561413,-0.0055585713,0.4522491,-0.021506423,0.43366542,0.072567336,0.5752989,0.09197463,0.5146088,0.10939077,0.43929216,0.101379134
0.0,0.0,0.033348538,-0.2643642,0.15669653,-0.57122046,0.17558576,-0.805422,0.14052416,-1.0,0.19014186,-0.46856457,0.59403306,-0.5221319,0.5211516,-0.4991964,0.39160126,-0.4836684,0.2024847,-0.2239707,0.6043628,-0.31563124,0.5211822,-0.32029864,0.3824921,-0.3068086,0.21677622,-0.012027688,0.5695622,-0.12345388,0.4840704,-0.12282637,0.3603446,-0.09982628,0.23271108,0.16847493,0.50365424,0.04608747,0.4429687,0.033241875,0.33301407,0.06802938
0.0,0.0,-0.1974518,-0.29038194,-0.44160578,-0.5295159,-0.5836933,-0.77725357,-0.6488675,-1.0,-0.6842395,-0.35553533,-0.9189011,-0.072994694,-0.8226113,-0.014491653,-0.72896314,-0.07153985,-0.64663655,-0.13929245,-0.829187,0.14651115,-0.7197975,0.15510651,-0.6330346,0.0586626,-0.58435804,0.08444614,-0.7153532,0.29635257,-0.6186326,0.28574392,-0.5394774,0.2019277,-0.5095243,0.2936503,-0.60581154,0.40928325,-0.50839657,0.38745067,-0.4317965,0.32568532
0.0,0.0,-0.10662997,-0.3811781,-0.31915215,-0.657388,-0.54628426,-0.81855434,-0.6770226,-1.0,-0.5967394,-0.34655118,-0.7675117,-0.4486533,-0.6364288,-0.48627973,-0.5044168,-0.4547265,-0.5977105,-0.08726895,-0.7671652,-0.20694715,-0.65176135,-0.24995928,-0.5369431,-0.21680471,-0.561764,0.12587841,-0.70384735,0.004213977,-0.60676616,-0.038428955,-0.5052766,-0.017332025,-0.50207525,0.3054517,-0.6241604,0.18472503,-0.53397375,0.13542275,-0.44530037,0.14637029
0.0,0.0,-0.12427436,0.14621712,-0.15125987,0.37273875,-0.13012765,0.56338936,-0.099928394,0.7043707,0.016088448,0.420566,0.084283456,0.72263855,0.088255234,0.8793082,0.08076521,0.9880389,0.119189985,0.40521684,0.16902132,0.7352523,0.14985754,0.89491785,0.11712268,1.0,0.18667299,0.39343417,0.22797988,0.69918823,0.20456493,0.8507884,0.16881205,0.9508662,0.22332074,0.38815454,0.25317267,0.634097,0.2401666,0.7633796,0.21421863,0.85427153
0.0,0.0,0.10784411,-0.29973012,0.22537415,-0.5546977,0.27157402,-0.7999651,0.24040756,-1.0,0.42333215,-0.36895272,0.63699985,-0.37048286,0.5601577,-0.3722297,0.48437974,-0.36831975,0.42941868,-0.16417429,0.62812096,-0.20917682,0.5548531,-0.23717676,0.47747472,-0.22153336,0.4188791,0.011062278,0.58879125,-0.059827734,0.5298778,-0.0826186,0.4544423,-0.06206334,0.40762717,0.15462469,0.5496386,0.073258184,0.49617374,0.049490582,0.43046078,0.07315518
0.0,0.0,0.10027887,-0.31993902,0.22630483,-0.57305515,0.27664444,-0.80470186,0.25585186,-1.0,0.5445089,-0.37050843,0.6814404,-0.37698042,0.6055968,-0.36510834,0.5227491,-0.35612267,0.5662192,-0.17261782,0.67266846,-0.19193427,0.60340047,-0.20152104,0.52347845,-0.19481085,0.54745376,0.008598944,0.629376,-0.025513098,0.5695841,-0.038220957,0.49032724,-0.03773335,0.51180255,0.16047253,0.57954776,0.11711631,0.5286021,0.0959181,0.4644628,0.094996825
0.0,0.0,-0.18540674,-0.26629525,-0.42121214,-0.49990478,-0.5546365,-0.74376416,-0.57686186,-1.0,-0.6384313,-0.35675746,-0.85265374,-0.055202443,-0.74848986,-0.022428596,-0.65606755,-0.10207398,-0.5924828,-0.15079983,-0.76690394,0.14949231,-0.6593321,0.14254814,-0.57129437,0.03779385,-0.52359456,0.058926348,-0.6603951,0.2832678,-0.56367487,0.26531947,-0.4794006,0.16795477,-0.44769067,0.25350645,-0.56114274,0.38995242,-0.46524057,0.3608372,-0.3829327,0.28629923
0.0,0.0,-0.21655396,-0.4038855,-0.50680804,-0.6389599,-0.78083,-0.76920676,-0.9760135,-0.88717544,-0.86970526,-0.31565517,-1.0,-0.536199,-0.8791209,-0.6510081,-0.76882726,-0.68117076,-0.84279555,-0.033319123,-0.91074216,-0.23890296,-0.7906841,-0.32345432,-0.67628616,-0.32438424,-0.75045884,0.21072836,-0.7991161,0.019325573,-0.6942551,-0.045467313,-0.57586724,-0.042813364,-0.64800644,0.41622466,-0.7061134,0.25068513,-0.6141879,0.17814821,-0.51651704,0.17059514
0.0,0.0,0.12830475,-0.3325516,0.32261747,-0.59994143,0.48707008,-0.8064617,0.58822924,-1.0,0.5910595,-0.4301057,0.7134202,-0.37731767,0.64381945,-0.3525805,0.54327464,-0.34661266,0.640472,-0.23045397,0.77270645,-0.17434256,0.70680285,-0.16211575,0.60391504,-0.15457346,0.6480505,-0.035729796,0.788312,-0.00069406035,0.7199606,-0.008297937,0.6234894,-0.013827194,0.6273081,0.14955461,0.783748,0.14856078,0.7290225,0.1286345,0.6434457,0.12669167
0.0,0.0,-0.07612849,-0.28395247,-0.19577822,-0.55088365,-0.27758703,-0.7862381,-0.2751306,-1.0,-0.4293281,-0.57951015,-0.63178533,-0.39636818,-0.57125455,-0.2982416,-0.4918228,-0.2911699,-0.47319454,-0.42173597,-0.62685114,-0.21508954,-0.5540669,-0.15081988,-0.4751285,-0.17256342,-0.493944,-0.22747336,-0.59808105,-0.071866415,-0.5307276,-0.031434946,-0.4581935,-0.052418526,-0.5013664,-0.025854042,-0.55646485,0.0645157,-0.4788227,0.086568035,-0.41558665,0.0693372
0.0,0.0,0.13336143,-0.28390864,0.3153925,-0.510246,0.41073263,-0.76220965,0.4095124,-1.0,0.5150546,-0.2823435,0.8008228,-0.15597402,0.87459624,-0.098716274,0.8651038,-0.063840404,0.50025976,-0.059143685,0.7620212,0.028095165,0.7391353,0.0017209204,0.6577652,-0.033772156,0.46321014,0.13610718,0.6969401,0.18001145,0.6695955,0.14844671,0.5883947,0.10910187,0.4203056,0.30015638,0.5969251,0.30275658,0.5787831,0.26950854,0.5174442,0.23956308
0.0,0.0,-0.082671516,-0.42073694,-0.27824163,-0.7398679,-0.5541156,-0.82515436,-0.7551193,-0.75088745,-0.40967923,-0.9594088,-0.8174171,-0.8581549,-0.7741069,-0.71471006,-0.657347,-0.6717722,-0.4945502,-0.73361075,-0.8800017,-0.62493753,-0.85260534,-0.5035509,-0.76449907,-0.48160952,-0.5692821,-0.4743843,-0.9311014,-0.4224073,-0.9410111,-0.3348163,-0.88725597,-0.33070984,-0.6329252,-0.20616865,-0.9287892,-0.21815096,-0.9848945,-0.19154793,-1.0,-0.20663285
0.0,0.0,-0.049356926,-0.29040685,-0.13523172,-0.5591398,-0.18621233,-0.7984021,-0.1594862,-1.0,-0.36106545,-0.5733186,-0.56570417,-0.4360013,-0.51117736,-0.33924752,-0.43323287,-0.33549568,-0.39796716,-0.41870794,-0.55376893,-0.24048959,-0.479558,-0.18272758,-0.40422073,-0.20668264,-0.41548282,-0.24016573,-0.5197009,-0.10097333,-0.448724,-0.05902745,-0.37702748,-0.079850405,-0.42549384,-0.06359627,-0.49400857,0.01939876,-0.4111101,0.053849168,-0.33842328,0.046003856
0.0,0.0,-0.08686387,-0.32743338,-0.2294808,-0.59439975,-0.34446377,-0.8061857,-0.39217168,-1.0,-0.5936467,-0.41696575,-0.52657443,-0.39344043,-0.4110718,-0.35966945,-0.3405294,-0.32361007,-0.610275,-0.20030612,-0.5288973,-0.22332345,-0.43139014,-0.20952606,-0.35921037,-0.17859909,-0.57627165,-0.0063332333,-0.5073887,-0.06296157,-0.42537323,-0.064779855,-0.35538056,-0.044616044,-0.5220478,0.16460466,-0.47630385,0.08820249,-0.39638108,0.07335067,-0.33752877,0.08526047
0.0,0.0,-0.24854696,-0.28748193,-0.5249919,-0.43766674,-0.7637136,-0.49080783,-0.9437136,-0.5510057,-0.6862302,0.079283126,-1.0,0.15781994,-0.8837399,-0.019914994,-0.7332492,-0.11148594,-0.6110662,0.31944752,-0.9149365,0.33646747,-0.8241714,0.17276555,-0.68802416,0.094543725,-0.5254573,0.5017727,-0.80081373,0.47685316,-0.7334932,0.34736767,-0.6126361,0.28601655,-0.44132853,0.63428265,-0.6659741,0.60503894,-0.6215879,0.48869827,-0.5238574,0.41897026
0.0,0.0,-0.030766858,-0.33003455,-0.15066752,-0.60748494,-0.24867716,-0.8187933,-0.28249425,-1.0,-0.358189,-0.5168278,-0.60819453,-0.5572637,-0.53578675,-0.5295465,-0.4357061,-0.503396,-0.40964225,-0.3416966,-0.6117641,-0.40379393,-0.5365917,-0.39984593,-0.44475678,-0.3725511,-0.4349326,-0.17437424,-0.5986715,-0.25675422,-0.5364963,-0.25608125,-0.4570134,-0.23188362,-0.44606557,-0.031820387,-0.58597195,-0.13182363,-0.52361006,-0.11911425,-0.44926742,-0.08043484
0.0,0.0,0.03491393,-0.35105377,0.17109847,-0.60648745,0.30257002,-0.8097957,0.36729518,-1.0,0.4792714,-0.44626352,0.58149385,-0.53638625,0.49052978,-0.5265145,0.4139982,-0.47592294,0.5209182,-0.26518792,0.5733632,-0.36600596,0.4963551,-0.36386764,0.43309066,-0.3089826,0.50975245,-0.10209577,0.55258405,-0.20951454,0.4933351,-0.21462311,0.42813835,-0.17494363,0.48290494,0.035009183,0.5094322,-0.070921175,0.45261624,-0.07521609,0.39776498,-0.042569038
0.0,0.0,0.30450153,-0.21619907,0.6227533,-0.33155128,0.86248565,-0.49565944,0.9886848,-0.73552346,0.6964314,0.036162745,1.0,0.29917896,0.89475054,0.23909824,0.778467,0.14162263,0.5855961,0.29604322,0.8962946,0.5274532,0.80865973,0.42915764,0.6930181,0.32832712,0.45438063,0.49780697,0.7443883,0.68300146,0.6766716,0.5911889,0.57067907,0.5021913,0.33047563,0.6553102,0.57291293,0.7753152,0.53016204,0.68224376,0.44415218,0.6126834
0.0,0.0,-0.09258859,-0.2800596,-0.1356405,-0.6222022,-0.19062074,-0.8654554,-0.29135066,-1.0,0.009663855,-0.75586206,0.25746602,-0.9294579,0.23971581,-0.8115931,0.16239099,-0.72357315,0.11459538,-0.6476958,0.35668978,-0.8272931,0.32122606,-0.7101782,0.24002935,-0.6325337,0.21869673,-0.5141929,0.4222941,-0.6933779,0.38159186,-0.59023595,0.30634767,-0.51374584,0.31191343,-0.37204313,0.45940375,-0.5596705,0.42353037,-0.485734,0.36317387,-0.41563228
0.0,0.0,0.09496785,-0.26070297,0.21676503,-0.5268116,0.25623775,-0.78201115,0.2330605,-1.0,0.41442728,-0.35688287,0.6821521,-0.32192594,0.59989303,-0.29822475,0.5035722,-0.30031568,0.4018818,-0.15565494,0.6605731,-0.13755013,0.5720394,-0.14013228,0.47224152,-0.14539433,0.37653705,0.030356457,0.60375464,0.026076116,0.5280171,0.023091456,0.43501985,0.023086462,0.3500221,0.1971448,0.5400773,0.16889329,0.4784527,0.15861021,0.40043628,0.16625737
0.0,0.0,0.0014033363,-0.25087634,0.08485987,-0.5434141,0.11080524,-0.78837866,0.08173584,-1.0,0.2251733,-0.41579187,0.5330629,-0.4530677,0.46179944,-0.44406235,0.35511345,-0.43845752,0.25063044,-0.20872511,0.5310791,-0.2896218,0.47434753,-0.31005198,0.38087532,-0.30645996,0.26334652,-0.028249105,0.5107292,-0.13061455,0.4600233,-0.14702922,0.37427768,-0.14035477,0.27775574,0.11677874,0.4605304,0.019920394,0.42295685,-0.0016846107,0.35069957,0.0037944608
0.0,0.0,-0.06573634,-0.30943948,-0.16427687,-0.56877524,-0.2338943,-0.8004826,-0.22531268,-1.0,-0.4017411,-0.50886786,-0.62390935,-0.42588264,-0.54805183,-0.36070442,-0.45123798,-0.37008235,-0.42442334,-0.3133612,-0.59473884,-0.24260561,-0.5094046,-0.2043384,-0.41605654,-0.22285585,-0.42144194,-0.117230475,-0.5199905,-0.07488218,-0.4480216,-0.05518181,-0.3691476,-0.06805278,-0.40364903,0.06377414,-0.4723602,0.070988424,-0.39541775,0.0819736,-0.32503054,0.07453815
0.0,0.0,-0.22835931,-0.36408925,-0.52904063,-0.55923367,-0.8054305,-0.6625602,-1.0,-0.7970531,-0.85691345,-0.065578714,-0.8282602,-0.18251008,-0.68228555,-0.25916797,-0.5757952,-0.26074764,-0.80372196,0.20644625,-0.7373423,0.06393274,-0.6163975,-0.010817707,-0.52313143,-0.02023281,-0.6904676,0.418605,-0.649528,0.27655375,-0.5507969,0.20986478,-0.4655867,0.19331346,-0.56304663,0.5864388,-0.551969,0.48762974,-0.4653874,0.41224712,-0.3909263,0.38380027
0.0,0.0,-0.19626883,-0.27366918,-0.3436178,-0.52423584,-0.4895726,-0.76879436,-0.64536756,-0.9189173,-0.061527263,-0.99377286,0.09923702,-1.0,0.10396802,-0.8287495,0.057411805,-0.71826535,0.1164681,-0.97140056,0.25281283,-0.9441743,0.22787425,-0.7865072,0.16384123,-0.67498785,0.27714774,-0.8615804,0.38235906,-0.84169155,0.34732267,-0.7083987,0.27340117,-0.60350204,0.41519895,-0.7179901,0.5069645,-0.71959734,0.4601143,-0.5917441,0.38265666,-0.49867904
0.0,0.0,-0.02362556,-0.32095978,-0.1435629,-0.6028909,-0.26967156,-0.82197416,-0.34072787,-1.0,-0.39537498,-0.5313706,-0.61130196,-0.570513,-0.5355285,-0.4985382,-0.42059594,-0.44697255,-0.44268426,-0.34385857,-0.6144084,-0.36489162,-0.5210381,-0.30616775,-0.41605774,-0.27662206,-0.4613587,-0.15597779,-0.5987854,-0.1876705,-0.5166546,-0.15224558,-0.4229181,-0.12668201,-0.46051946,0.019624261,-0.5636111,-0.03172659,-0.48461288,-0.0076350663,-0.40395734,0.013512373
0.0,0.0,-0.09357373,-0.29367864,-0.23336454,-0.557596,-0.30011868,-0.7974068,-0.28986508,-1.0,-0.40136203,-0.484593,-0.65854096,-0.38580358,-0.5725649,-0.34451,-0.47196728,-0.36773038,-0.40695179,-0.2775283,-0.6393661,-0.22039571,-0.5476826,-0.18546247,-0.44626033,-0.19876416,-0.40451375,-0.07702677,-0.5737795,-0.05704669,-0.501116,-0.031635784,-0.41154057,-0.044604428,-0.39884803,0.10649898,-0.5407242,0.08175434,-0.47084972,0.09410707,-0.38854262,0.096557
0.0,0.0,0.18521482,-0.34175134,0.4399101,-0.57195306,0.60888803,-0.7363859,0.67083454,-0.8242922,0.61339265,-0.41893128,1.0,-0.35072404,0.9028851,-0.34588507,0.77933884,-0.3513958,0.58878165,-0.1331141,0.9723311,-0.096246965,0.8728392,-0.13019095,0.72986287,-0.13927037,0.5459904,0.12467041,0.8857831,0.1274449,0.7975662,0.09270051,0.67600566,0.09024471,0.49429968,0.3501804,0.77299774,0.32357708,0.6980383,0.28194162,0.589121,0.29285717
0.0,0.0,0.011832441,-0.25435483,0.04394031,-0.58974594,0.03423837,-0.8282488,-0.024515323,-1.0,0.044136025,-0.51703733,0.3001954,-0.6907585,0.30416244,-0.5996667,0.2335375,-0.51891935,0.08403806,-0.36177588,0.38566387,-0.5294975,0.36046895,-0.4484547,0.27057278,-0.3818771,0.14384657,-0.20943834,0.43778688,-0.37976745,0.39766464,-0.3126464,0.31257552,-0.24772881,0.21085231,-0.069874376,0.44359288,-0.22656927,0.41254273,-0.18079229,0.3374966,-0.1261231
0.0,0.0,-0.09735315,-0.29228833,-0.24279708,-0.5538073,-0.3295664,-0.79244053,-0.3402633,-1.0,-0.47563794,-0.508945,-0.6880783,-0.3533399,-0.6016783,-0.29033387,-0.5046799,-0.320751,-0.48825425,-0.31816456,-0.65354174,-0.1693075,-0.5624586,-0.13189563,-0.47389844,-0.17925231,-0.48086536,-0.11600573,-0.5804365,-0.016996523,-0.5003542,0.006973973,-0.41862646,-0.032522105,-0.46093494,0.07304775,-0.52171427,0.114541635,-0.43467662,0.13185665,-0.3580304,0.11063585
0.0,0.0,0.058094256,-0.28030634,0.15806958,-0.5700605,0.18874744,-0.80185306,0.15942709,-1.0,0.35691133,-0.56284386,0.6114221,-0.45568383,0.53207785,-0.3992233,0.4312993,-0.41912863,0.37683755,-0.3950941,0.6096632,-0.28905413,0.52294016,-0.2539213,0.42696694,-0.27833194,0.38386667,-0.20582016,0.57680666,-0.12389041,0.49433327,-0.09279023,0.40714434,-0.10709668,0.3809373,-0.018999593,0.5251004,0.017541068,0.44746813,0.03686345,0.3737688,0.025065163
0.0,0.0,-0.028632553,-0.3147299,-0.040301304,-0.62708074,-0.10020259,-0.85742754,-0.20230281,-1.0,0.23637398,-0.8075228,0.45762935,-0.77815765,0.41917157,-0.6522906,0.33202738,-0.59336686,0.32401523,-0.700823,0.52723163,-0.64830333,0.48113555,-0.53269154,0.3859776,-0.48434025,0.40307644,-0.548797,0.5777475,-0.52020866,0.524618,-0.42026618,0.4311143,-0.3858427,0.4667168,-0.3777026,0.6057043,-0.3957042,0.54679215,-0.31388235,0.4622749,-0.27756685
0.0,0.0,0.32176206,-0.11508839,0.6314164,-0.16251293,0.86462045,-0.28677338,1.0,-0.4658724,0.7973757,0.3332652,0.8522293,0.63163483,0.78254133,0.72696495,0.7202764,0.72458327,0.68698394,0.5427742,0.68693316,0.8109233,0.5984992,0.77980375,0.53356576,0.66245985,0.532067,0.7003067,0.5208229,0.88136226,0.44451615,0.82764363,0.39039963,0.6971703,0.36638328,0.82020694,0.3581526,0.9511214,0.2980257,0.8780706,0.25705978,0.74746644
0.0,0.0,-0.10285304,-0.27286422,-0.14418174,-0.5832137,-0.13161615,-0.8217347,-0.07899707,-1.0,-0.08874587,-0.82988673,-0.42071027,-0.72108334,-0.37826893,-0.5545534,-0.28535026,-0.53586483,-0.0789222,-0.73316294,-0.4361203,-0.5561193,-0.37118247,-0.4151374,-0.29195935,-0.39438942,-0.10187828,-0.58584297,-0.4184635,-0.41746694,-0.36089948,-0.26954487,-0.2863843,-0.23879999,-0.13900799,-0.41256,-0.38377625,-0.2544005,-0.34177002,-0.1476315,-0.2716812,-0.14041768
0.0,0.0,-0.3003062,-0.18117124,-0.58077127,-0.11902289,-0.815684,-9.3455696e-05,-1.0,0.0148522435,-0.62037396,0.40278023,-0.7227025,0.37068194,-0.63508075,0.23964475,-0.5469511,0.1913534,-0.49354586,0.5660359,-0.60015684,0.5106921,-0.5371127,0.3854849,-0.45772076,0.33675182,-0.35472357,0.6545595,-0.47158104,0.60784304,-0.42301443,0.49649104,-0.34947714,0.43808094,-0.22689931,0.7070185,-0.3358909,0.6743021,-0.3020278,0.5694923,-0.2459171,0.50989246
0.0,0.0,-0.15296774,-0.2651624,-0.24575722,-0.58347946,-0.28964764,-0.84364516,-0.36938348,-1.0,-0.045442604,-0.86109525,0.18212429,-0.97873217,0.18727715,-0.85718006,0.122190274,-0.7550487,0.07712141,-0.78923553,0.29160842,-0.894198,0.28657922,-0.7706182,0.22047597,-0.67282236,0.20269105,-0.6745685,0.38415143,-0.7888216,0.36584964,-0.6797732,0.2977062,-0.58188957,0.32042325,-0.5397913,0.4488598,-0.67422146,0.4205577,-0.58128697,0.36022243,-0.4982634
0.0,0.0,0.07064999,-0.30103672,0.14339676,-0.5707085,0.15170239,-0.8128703,0.09931813,-1.0,0.44109035,-0.47294718,0.598048,-0.44262356,0.5343109,-0.39357546,0.45561415,-0.3921255,0.48103032,-0.30658075,0.59746516,-0.28541714,0.5267937,-0.24580029,0.44635016,-0.23570189,0.48525903,-0.13624102,0.57712114,-0.13100363,0.5213694,-0.10216097,0.44174787,-0.09782214,0.47417971,0.013450303,0.5648153,0.004310119,0.5159455,0.017651135,0.45112237,0.021107316
0.0,0.0,0.23962477,-0.23476224,0.3668035,-0.52786195,0.46067086,-0.8144448,0.5699463,-1.0,0.05591446,-0.8241449,0.011280296,-0.9748009,0.052397568,-0.87114143,0.0823595,-0.7714866,-0.09975011,-0.73725545,-0.075940266,-0.8597789,-0.025325881,-0.77648103,-0.0030459953,-0.6652238,-0.21226723,-0.60802346,-0.15833129,-0.72550994,-0.11841233,-0.66147,-0.097065814,-0.5609985,-0.28760946,-0.48444918,-0.23241068,-0.5884744,-0.19439584,-0.52384245,-0.16927554,-0.43810478
0.0,0.0,-0.06354188,-0.3250692,-0.136247,-0.61087275,-0.17051832,-0.8246026,-0.14701676,-1.0,-0.22051512,-0.7509331,-0.39376366,-0.7236622,-0.36396834,-0.6117852,-0.2987834,-0.5573188,-0.23704135,-0.6488211,-0.4068126,-0.55178535,-0.3756069,-0.45982453,-0.31755763,-0.41190574,-0.24102372,-0.49979794,-0.38760698,-0.39402747,-0.35464868,-0.30216902,-0.29792354,-0.23961799,-0.23985891,-0.34101552,-0.3550127,-0.25526434,-0.33630362,-0.16710153,-0.3013797,-0.104380466
0.0,0.0,0.030028965,-0.29064247,0.022661692,-0.57526934,0.04020223,-0.8154131,0.10219457,-1.0,-0.17434168,-0.6809514,-0.33852744,-0.6671121,-0.31294218,-0.58758014,-0.2496946,-0.5353436,-0.2644598,-0.56814766,-0.37682298,-0.55209434,-0.33210656,-0.49191564,-0.26365957,-0.43827742,-0.33900467,-0.4201172,-0.40382755,-0.43076828,-0.3660075,-0.38026106,-0.30695435,-0.33584568,-0.39644006,-0.26961732,-0.43356794,-0.30936253,-0.38775286,-0.26527762,-0.3413675,-0.22468916
0.0,0.0,-0.10876265,-0.29969573,-0.26457247,-0.56021076,-0.36109295,-0.78959924,-0.37309006,-1.0,-0.49146608,-0.40915594,-0.71577466,-0.27700567,-0.62181395,-0.25272202,-0.5184226,-0.29325762,-0.48705876,-0.18824965,-0.68674934,-0.11215749,-0.58456564,-0.095656306,-0.47935113,-0.12757881,-0.46465757,0.011789723,-0.61769164,0.041625693,-0.53396785,0.05303587,-0.44223535,0.025607195,-0.4329541,0.18754545,-0.5598423,0.16718285,-0.47821057,0.17308977,-0.3956631,0.16080295
0.0,0.0,0.061097864,-0.29473597,0.15722816,-0.58354133,0.18995564,-0.8104862,0.16210814,-1.0,0.3488767,-0.5504814,0.60218453,-0.46724132,0.53015965,-0.40111864,0.42643145,-0.42142722,0.36932582,-0.38877785,0.5882912,-0.3076126,0.51728785,-0.25834873,0.42345494,-0.28031802,0.3812839,-0.20764944,0.5684084,-0.14570552,0.49969175,-0.09852773,0.40899763,-0.10767659,0.3808502,-0.029911477,0.5303793,0.0032717981,0.46169847,0.039949827,0.381344,0.03987693
0.0,0.0,0.08908805,-0.3146738,0.1783911,-0.55908155,0.22656815,-0.79878503,0.21191184,-1.0,0.49705032,-0.40996394,0.5817505,-0.4046307,0.50572467,-0.36522248,0.43458897,-0.34664124,0.53728026,-0.23329063,0.5986251,-0.25723734,0.52308434,-0.24006337,0.44924268,-0.21900293,0.5279179,-0.05839107,0.574446,-0.10379099,0.51086944,-0.08980372,0.4334998,-0.07467442,0.5018408,0.09625199,0.54030323,0.044763446,0.4769515,0.046340454,0.41163749,0.056717854
0.0,0.0,0.09272318,-0.30699605,0.22141208,-0.54885083,0.2911141,-0.7913,0.28090233,-1.0,0.4983494,-0.32644284,0.64076763,-0.35728142,0.5640491,-0.35043702,0.4701649,-0.33264455,0.519434,-0.14010353,0.6381525,-0.18283892,0.5728233,-0.19966172,0.49547413,-0.18091951,0.50048214,0.02419453,0.60536397,-0.026193205,0.5598271,-0.0424025,0.48949143,-0.02805443,0.4705378,0.16230215,0.565245,0.11138236,0.5325082,0.09118202,0.4763889,0.10441766
0.0,0.0,-0.07257401,-0.30619454,-0.18964854,-0.5665339,-0.2844132,-0.7956805,-0.31376266,-1.0,-0.51784724,-0.44406655,-0.50916636,-0.35984707,-0.41649017,-0.31041008,-0.35010973,-0.29176077,-0.5556037,-0.23650718,-0.5012223,-0.1813599,-0.41418198,-0.1577814,-0.3527549,-0.1499135,-0.5452675,-0.03380683,-0.47806725,-0.016860545,-0.4097778,-0.0059290356,-0.35709924,-0.0015804791,-0.5162914,0.15037952,-0.4668757,0.14650528,-0.39528006,0.13997754,-0.34942827,0.13846473
0.0,0.0,-0.05558556,-0.31474158,-0.17254819,-0.56156087,-0.25553253,-0.7992079,-0.27977663,-1.0,-0.420946,-0.5030364,-0.6037402,-0.4422393,-0.52523625,-0.39254096,-0.42839035,-0.37283266,-0.4618004,-0.30424854,-0.60526,-0.30357826,-0.524689,-0.27615482,-0.43246627,-0.25577843,-0.47442803,-0.101397306,-0.576043,-0.1494806,-0.50906354,-0.13410081,-0.42858526,-0.10956052,-0.47429442,0.084247544,-0.5455549,-0.00019452693,-0.47950283,0.0014467123,-0.41544414,0.02350543
0.0,0.0,-0.055778526,-0.32679385,-0.07926459,-0.64893025,-0.12174276,-0.88203275,-0.20453636,-1.0,0.13672397,-0.9058696,0.38725635,-0.9400858,0.3687949,-0.8060425,0.29348278,-0.7359964,0.2469049,-0.7926223,0.4723923,-0.8222457,0.43668294,-0.6917839,0.34913516,-0.61600083,0.35127988,-0.63258755,0.5350595,-0.6828794,0.49475166,-0.56756616,0.41406754,-0.49412423,0.4437278,-0.45204204,0.57920814,-0.55100787,0.5367242,-0.45871434,0.47676536,-0.38687438
0.0,0.0,-0.08888504,-0.3071058,-0.21805175,-0.55658704,-0.30742788,-0.78899837,-0.32235324,-1.0,-0.48401272,-0.4735557,-0.6629226,-0.3598084,-0.59087205,-0.31903774,-0.49693695,-0.31895402,-0.51259816,-0.2750374,-0.6322265,-0.2016746,-0.55051064,-0.18181959,-0.46071914,-0.18877827,-0.50394773,-0.077206634,-0.5826136,-0.05372412,-0.519121,-0.03138221,-0.44177353,-0.031920623,-0.4822553,0.10204899,-0.54402316,0.096132584,-0.4762977,0.10774748,-0.41096002,0.10396505
0.0,0.0,-0.0821161,-0.2817203,-0.20204194,-0.5461639,-0.2758449,-0.785171,-0.27284452,-1.0,-0.453748,-0.5880187,-0.6609519,-0.38872352,-0.60090864,-0.28295177,-0.52056366,-0.2698076,-0.4992852,-0.43922,-0.6549004,-0.19570006,-0.57514036,-0.12868623,-0.49042603,-0.1481687,-0.51988083,-0.24831128,-0.61319894,-0.04233053,-0.5373789,-0.004671829,-0.46142685,-0.030378189,-0.5249007,-0.04940244,-0.56062776,0.09743662,-0.47059667,0.1228159,-0.4029046,0.09758737
0.0,0.0,-0.066583805,-0.4098087,-0.19621898,-0.68404055,-0.35963973,-0.87396187,-0.48676977,-1.0,-0.60069555,-0.47132543,-0.78615296,-0.54174155,-0.6625307,-0.57524824,-0.54140615,-0.56528926,-0.6448945,-0.2174551,-0.7515871,-0.35044557,-0.6404556,-0.37837377,-0.53797454,-0.35415623,-0.62544537,0.006720359,-0.7123278,-0.15014271,-0.6282071,-0.17874444,-0.53053635,-0.15250434,-0.5794456,0.18930212,-0.6490614,0.04474291,-0.5745488,0.016083727,-0.49438554,0.039564613
0.0,0.0,-0.02521368,-0.4672914,-0.18517616,-0.81501037,-0.3842206,-0.95732427,-0.50947773,-0.9725311,-0.64159054,-0.9037475,-0.9016806,-0.75721544,-0.82137144,-0.63524413,-0.68907225,-0.6147405,-0.7577297,-0.63910383,-0.9766969,-0.53024435,-0.8726866,-0.43128657,-0.72956353,-0.41246286,-0.8061689,-0.3296452,-1.0,-0.27000716,-0.89517576,-0.20279545,-0.7644961,-0.18782368,-0.8045313,-0.018156668,-0.9183224,0.0047908328,-0.8178249,0.042941626,-0.7085589,0.05960458
0.0,0.0,-0.05880213,-0.3246648,-0.18391593,-0.58950216,-0.27707428,-0.805553,-0.29614624,-1.0,-0.5498828,-0.48066252,-0.552323,-0.48430613,-0.45041293,-0.44928023,-0.3786838,-0.4047071,-0.58226186,-0.28917927,-0.5395034,-0.30925682,-0.44684616,-0.29409838,-0.3814952,-0.25357953,-0.56634057,-0.10478809,-0.5103036,-0.14825499,-0.4353728,-0.14486636,-0.37319767,-0.11434685,-0.52744055,0.059022423,-0.48469162,-0.0041446914,-0.41283807,-0.005569089,-0.36348185,0.02395028
0.0,0.0,-0.08176513,-0.30979273,-0.20098364,-0.57235944,-0.25592142,-0.80733365,-0.25105482,-1.0,-0.4680949,-0.5302768,-0.64317507,-0.4771333,-0.5775643,-0.42273164,-0.48258248,-0.41337815,-0.5088287,-0.33725557,-0.6401625,-0.3096035,-0.5742797,-0.26635918,-0.4865352,-0.25574335,-0.5218628,-0.13585879,-0.61878437,-0.14284873,-0.5602812,-0.10448657,-0.47888955,-0.08699421,-0.5172232,0.0494131,-0.59530926,0.01575985,-0.530523,0.040437095,-0.4636803,0.05462752
0.0,0.0,-0.2965029,-0.12836859,-0.5981638,-0.073034115,-0.83190113,0.023634415,-1.0,0.04658391,-0.6494004,0.4771236,-0.6906539,0.6346406,-0.628639,0.53970146,-0.57002646,0.43019098,-0.5061355,0.625737,-0.5504569,0.7536864,-0.49750572,0.6537346,-0.4379977,0.54122996,-0.34892333,0.7142714,-0.39411643,0.81417733,-0.3540544,0.723717,-0.30146,0.6162355,-0.19735518,0.7658302,-0.2298831,0.83891904,-0.19943531,0.7462103,-0.16647092,0.64661807
0.0,0.0,-0.30244666,-0.11049544,-0.57719445,-0.035025973,-0.81274873,0.06694495,-1.0,0.050489124,-0.6308777,0.53013045,-0.6160016,0.6079939,-0.5317475,0.48006248,-0.48304844,0.3778544,-0.47192243,0.68521035,-0.4465301,0.68937725,-0.38399932,0.55675596,-0.34168568,0.44783697,-0.29383075,0.76671225,-0.29367122,0.745018,-0.24888752,0.62538093,-0.21016775,0.51305234,-0.12966217,0.81666833,-0.1427934,0.79031175,-0.108925134,0.6705565,-0.08126903,0.57311434
0.0,0.0,0.11917428,-0.27077398,0.28977206,-0.54272574,0.40222076,-0.7924244,0.4567641,-1.0,0.4443126,-0.36022577,0.7117084,-0.2748563,0.7597539,-0.18188214,0.7417672,-0.13895129,0.4268367,-0.18053684,0.6975084,-0.08926951,0.74118197,-0.014065061,0.72281766,0.01193862,0.3988678,0.004923193,0.66474396,0.08958791,0.7061498,0.15339379,0.6909318,0.1702863,0.3695832,0.17586878,0.5897071,0.23594777,0.6398675,0.2951854,0.6442164,0.31647417
0.0,0.0,0.27799988,-0.28050086,0.5774863,-0.3539574,0.8213447,-0.39595512,1.0,-0.4927791,0.7463255,0.23277076,0.7422778,0.17125441,0.61943287,0.060924873,0.5447675,0.033421613,0.6678014,0.43023053,0.6672677,0.32470983,0.5628727,0.19363055,0.46882048,0.14008497,0.556952,0.5527488,0.5917774,0.4373102,0.5038709,0.31787747,0.40927774,0.26167357,0.45019776,0.60973793,0.49105403,0.5238279,0.41973293,0.41782522,0.3374885,0.36277416
0.0,0.0,-0.10435655,-0.31941643,-0.2584295,-0.57118845,-0.35198677,-0.79601866,-0.36987707,-1.0,-0.4938278,-0.39577022,-0.7152004,-0.26399386,-0.6186186,-0.2452572,-0.51205194,-0.28672945,-0.4865822,-0.16880935,-0.6751616,-0.09023581,-0.5721065,-0.082445994,-0.46664047,-0.11711426,-0.45531824,0.034572158,-0.59518784,0.06078196,-0.50718194,0.06140022,-0.41284484,0.032894284,-0.41054195,0.21002886,-0.50815165,0.18651238,-0.42578933,0.18323483,-0.34695342,0.1694975
0.0,0.0,-0.29918593,-0.20133762,-0.6011597,-0.14638485,-0.8333965,-0.00483488,-1.0,0.0012915963,-0.66842824,0.44184452,-0.8287586,0.43794104,-0.74962854,0.28701138,-0.6634419,0.2207699,-0.53793555,0.63661164,-0.6920553,0.61821854,-0.6297728,0.47118148,-0.5373535,0.4159428,-0.3906107,0.7453496,-0.54233116,0.7681642,-0.49993354,0.6390189,-0.41481376,0.56741786,-0.25289884,0.8080845,-0.4003493,0.87019265,-0.37641683,0.7642033,-0.31225076,0.6887683
0.0,0.0,-0.12624255,0.09665075,-0.26180246,0.22257929,-0.37267888,0.3024645,-0.49379689,0.36953342,-0.060469426,0.0119032925,-0.06838382,0.42512015,-0.06108219,0.6888835,-0.060752593,0.9005102,0.09186452,-0.0072433255,0.070818126,0.47137633,0.070948206,0.7763008,0.07392901,1.0,0.20454094,0.020585021,0.19979383,0.47734156,0.18757387,0.75820625,0.17807646,0.9686617,0.2878975,0.08170951,0.2909598,0.4163396,0.28696942,0.63324034,0.2861862,0.8081619
0.0,0.0,-0.0075816023,-0.2606543,-0.07419705,-0.5558476,-0.106828384,-0.8089079,-0.122442156,-1.0,-0.10887349,-0.46246272,-0.3662896,-0.48503286,-0.31050816,-0.4169148,-0.21138398,-0.38344756,-0.15317902,-0.2809862,-0.38525635,-0.30721536,-0.32546228,-0.24608725,-0.23068176,-0.21858715,-0.2009539,-0.11486906,-0.39364597,-0.15410341,-0.33935878,-0.10117154,-0.25833794,-0.0753697,-0.24721076,0.030049585,-0.38010904,-0.019519877,-0.32339713,0.023101332,-0.25023484,0.05379489
0.0,0.0,-0.05106141,-0.29474598,-0.16908129,-0.57018644,-0.23764005,-0.8063332,-0.23068593,-1.0,-0.3635878,-0.5005348,-0.61668736,-0.41847304,-0.5358372,-0.3610045,-0.43209007,-0.36978814,-0.38840625,-0.30213454,-0.5992709,-0.25007543,-0.5082776,-0.21006249,-0.4100762,-0.21900697,-0.40175563,-0.10451756,-0.5419351,-0.08495995,-0.45961753,-0.059390564,-0.37181038,-0.06608294,-0.4054975,0.08260829,-0.5031757,0.058305606,-0.41819218,0.07630028,-0.3413913,0.07937649
0.0,0.0,0.23663484,-0.3095557,0.5183445,-0.5313359,0.7121496,-0.7597417,0.79181415,-1.0,0.68062097,-0.25192848,0.9568568,-0.08680426,0.8500396,-0.094545364,0.73369026,-0.14854088,0.6284977,-0.017243085,0.8778038,0.121782325,0.7827445,0.09152016,0.675356,0.03795074,0.5475231,0.19485791,0.7689075,0.29224342,0.6862892,0.26003063,0.5811302,0.21403761,0.46431264,0.3794917,0.6678035,0.44854945,0.6017138,0.40578833,0.50843287,0.36751407
0.0,0.0,-0.22319236,-0.24414296,-0.38163635,-0.47981378,-0.52814245,-0.7001464,-0.6784819,-0.8214124,-0.14462043,-0.9738368,0.034670785,-0.9860999,0.051581603,-0.8165739,0.010228381,-0.7100566,0.025656145,-1.0,0.19337499,-0.9506595,0.17884171,-0.7850832,0.11486084,-0.6690519,0.19132711,-0.92838794,0.31231228,-0.87870425,0.28763297,-0.7292829,0.214688,-0.62764275,0.33859637,-0.80844283,0.44314012,-0.7888368,0.41059333,-0.6543232,0.3348441,-0.5584968
0.0,0.0,-0.04709127,-0.3208276,-0.14629012,-0.59448516,-0.22107086,-0.81141216,-0.26345766,-1.0,-0.4579103,-0.49622732,-0.5648766,-0.53874296,-0.45585072,-0.5075923,-0.35040325,-0.46203494,-0.4876703,-0.31904835,-0.54657894,-0.3743519,-0.43638244,-0.34723198,-0.34133768,-0.29862258,-0.4822736,-0.14430046,-0.5079734,-0.20813152,-0.41611293,-0.18755016,-0.33454898,-0.15278481,-0.45530996,0.015097609,-0.4899965,-0.055099282,-0.4096943,-0.044996742,-0.3422657,-0.01660271
0.0,0.0,-0.20330706,-0.38885805,-0.53338176,-0.55178905,-0.8127484,-0.6353763,-1.0,-0.78672945,-0.8152617,-0.10117806,-0.7291382,-0.20829636,-0.5805074,-0.27098733,-0.4792643,-0.270157,-0.7671799,0.16531801,-0.65704185,0.05521374,-0.5313594,-0.011672804,-0.44567516,-0.023745753,-0.65295625,0.37630403,-0.58297044,0.29416528,-0.48045462,0.2219968,-0.39596453,0.19537954,-0.51961094,0.5539077,-0.4685582,0.52926195,-0.3831209,0.4391929,-0.31180003,0.3858095
0.0,0.0,-0.056327328,-0.2964434,-0.058702137,-0.58358896,-0.064258866,-0.82007116,-0.12194232,-1.0,0.2052592,-0.6379762,0.18350887,-0.7749062,0.096281596,-0.7108062,0.03835461,-0.62667215,0.28915805,-0.5191474,0.2679262,-0.63945216,0.2008852,-0.58138925,0.15769386,-0.49925044,0.34221986,-0.3768069,0.3412186,-0.48916104,0.28061286,-0.4475186,0.23161729,-0.36918807,0.37553594,-0.23427524,0.39120185,-0.33817384,0.34350443,-0.31565502,0.31022543,-0.2608575
0.0,0.0,0.19284754,-0.33141986,0.42946044,-0.5715098,0.56515557,-0.7954002,0.61682117,-1.0,0.5946875,-0.32435286,0.8869824,-0.22940184,0.80971795,-0.26012447,0.7108132,-0.2904184,0.5661857,-0.09488657,0.8673517,-0.040982675,0.7857377,-0.09422334,0.6814831,-0.115712985,0.5194628,0.10817475,0.7983391,0.13039899,0.7300267,0.08070805,0.6316777,0.06203039,0.4627144,0.28173003,0.7039339,0.2848123,0.6536332,0.23388286,0.5638585,0.22135366
0.0,0.0,0.15369606,-0.28445014,0.33961907,-0.5211281,0.43283775,-0.76955414,0.44851092,-1.0,0.47056234,-0.26346016,0.7374919,-0.22827215,0.6470068,-0.2730613,0.5478551,-0.2904913,0.4375297,-0.04157954,0.70213026,-0.028283222,0.6245485,-0.103271864,0.520546,-0.11864156,0.39198053,0.14149599,0.62056684,0.122863606,0.56056327,0.061540153,0.46639743,0.05902068,0.3505826,0.28655192,0.54704416,0.25735024,0.4983502,0.20070109,0.41460007,0.20326659
0.0,0.0,0.04631254,-0.26006436,0.15859346,-0.54747075,0.20837314,-0.8063912,0.16866337,-1.0,0.42654788,-0.32361332,0.60364574,-0.42635593,0.5164109,-0.40569234,0.414716,-0.36737874,0.4740751,-0.14880571,0.6203205,-0.24307063,0.54613733,-0.22674374,0.4670651,-0.18744239,0.48737788,-0.0010281012,0.6262352,-0.077077545,0.5711208,-0.07004157,0.5042872,-0.043321796,0.48452798,0.111402005,0.6094286,0.064891644,0.5654067,0.07194826,0.5116689,0.10264106
0.0,0.0,0.21652085,-0.3074732,0.49882326,-0.41469887,0.7379244,-0.3436519,0.86896515,-0.176309,0.6100733,-0.36456913,1.0,-0.28220645,0.9084533,-0.25736305,0.77450436,-0.25403458,0.580933,-0.07025652,0.9692244,-0.007996126,0.8747648,-0.02653589,0.73081577,-0.04114257,0.5376767,0.20251234,0.87400424,0.2271621,0.78754294,0.18891025,0.6651779,0.17440674,0.4845795,0.44247395,0.7698703,0.41929245,0.6969134,0.3709667,0.5854354,0.37654212
0.0,0.0,-0.039062213,-0.2870053,9.143473e-05,-0.5792425,0.028558386,-0.8242966,0.014603294,-1.0,0.22249538,-0.6383207,0.42772225,-0.7147222,0.38342285,-0.62593883,0.30377093,-0.5744647,0.30456686,-0.5040515,0.48807815,-0.5898608,0.43849218,-0.5108108,0.3663851,-0.4606387,0.36892447,-0.34900796,0.52833796,-0.44742477,0.47836322,-0.38241625,0.40873656,-0.33336174,0.41518524,-0.18656664,0.5447747,-0.3034801,0.4941566,-0.26386076,0.43072566,-0.22202821
0.0,0.0,-0.102026604,-0.38670447,-0.22799519,-0.6717249,-0.37008843,-0.86529434,-0.49321687,-1.0,-0.60924405,-0.4382355,-0.6357227,-0.57761884,-0.51285356,-0.5697408,-0.42438933,-0.50123394,-0.65344745,-0.22796094,-0.6424917,-0.3782233,-0.5414716,-0.37880448,-0.4634883,-0.3114192,-0.63293564,-0.03971966,-0.62989014,-0.19237246,-0.54718846,-0.19769418,-0.4759544,-0.1440682,-0.582586,0.12064581,-0.60120326,-0.025288884,-0.5262957,-0.036816034,-0.46329787,0.010287657
0.0,0.0,-0.047118146,-0.3539239,-0.18957268,-0.6264279,-0.30877343,-0.8285702,-0.3820998,-1.0,-0.48956287,-0.45155627,-0.59420055,-0.38670585,-0.5138769,-0.35380507,-0.41578972,-0.3480812,-0.5127454,-0.24960537,-0.5679733,-0.20861034,-0.48273963,-0.18753043,-0.39044616,-0.18566841,-0.49256372,-0.05568824,-0.5375168,-0.04932858,-0.466686,-0.0364239,-0.38234878,-0.04101404,-0.45632848,0.11584085,-0.4951361,0.10110085,-0.4202585,0.104079776,-0.34653798,0.09767369
0.0,0.0,-0.08017098,-0.30509475,-0.1918752,-0.5644491,-0.25908363,-0.79986674,-0.25487536,-1.0,-0.40866718,-0.48395365,-0.62992066,-0.4059942,-0.5518319,-0.36545858,-0.46136212,-0.3758854,-0.43125817,-0.2855388,-0.62028426,-0.2531439,-0.5351105,-0.23273578,-0.44079012,-0.23817849,-0.431018,-0.09549488,-0.5658251,-0.10568794,-0.49224293,-0.09323417,-0.40962353,-0.091579534,-0.41863158,0.07443765,-0.5078554,0.035398908,-0.43260887,0.040133886,-0.36315355,0.04419211
0.0,0.0,-0.08597466,-0.30241558,-0.20595899,-0.5618642,-0.29952085,-0.796551,-0.32269707,-1.0,-0.5281651,-0.43648008,-0.5100016,-0.3427111,-0.4218928,-0.28809693,-0.35959375,-0.2674349,-0.5639298,-0.22751075,-0.498564,-0.16463342,-0.41256166,-0.13990477,-0.34859934,-0.13404652,-0.5517745,-0.025328446,-0.4817622,-0.0013222786,-0.4136809,0.007789207,-0.35542727,0.009870749,-0.52068275,0.15627064,-0.4717322,0.16217852,-0.4007027,0.1564415,-0.3505953,0.15373097
0.0,0.0,-0.046079904,-0.30356163,-0.12284045,-0.560129,-0.1517855,-0.80545944,-0.14757033,-1.0,-0.36357465,-0.5149304,-0.581046,-0.4954827,-0.50523925,-0.45571703,-0.41404387,-0.4530305,-0.4050479,-0.33420655,-0.58848965,-0.34656537,-0.5045999,-0.31888887,-0.4103371,-0.30019256,-0.42087895,-0.15687436,-0.53952396,-0.19453245,-0.46965885,-0.17688175,-0.38995916,-0.15503602,-0.41926706,8.905272e-05,-0.49880278,-0.06424832,-0.42858833,-0.049549226,-0.3601612,-0.025174934
0.0,0.0,-0.06545358,-0.303209,-0.16286267,-0.5824779,-0.2154264,-0.81476396,-0.2054256,-1.0,-0.3509702,-0.49011886,-0.5340788,-0.40537485,-0.4544012,-0.36084607,-0.36534527,-0.37048528,-0.3724079,-0.29409954,-0.539883,-0.25710922,-0.45800948,-0.22636671,-0.3661031,-0.22410059,-0.3761326,-0.11070349,-0.50186485,-0.1075931,-0.4316787,-0.08925507,-0.3524363,-0.08755236,-0.37014616,0.052730616,-0.4698211,0.022535708,-0.40050298,0.034768067,-0.3310427,0.038393423
0.0,0.0,-0.26752153,-0.35503873,-0.564935,-0.5425474,-0.82272106,-0.63700545,-1.0,-0.7707034,-0.81994313,0.010167735,-0.8427835,-0.20442978,-0.7077033,-0.3223706,-0.59669954,-0.33255976,-0.7335993,0.24651687,-0.7381118,0.007927887,-0.6270043,-0.09804583,-0.5271011,-0.09426017,-0.6069134,0.41100612,-0.6283243,0.20057532,-0.5369436,0.10907147,-0.4454866,0.10185815,-0.48044392,0.5353816,-0.519295,0.3843415,-0.44186336,0.29206547,-0.36253408,0.27306947
0.0,0.0,0.10411516,-0.3806254,0.25614595,-0.6655824,0.34602883,-0.8449679,0.3349301,-0.9695344,0.41731438,-1.0,0.82283944,-0.7963422,0.7631574,-0.60453784,0.6257407,-0.5722093,0.47522202,-0.92184824,0.8335084,-0.6536262,0.74751896,-0.512072,0.6101877,-0.525052,0.52450144,-0.76425457,0.8259293,-0.5147457,0.7327076,-0.38981134,0.60344815,-0.41268024,0.5588546,-0.56437474,0.76021063,-0.36523497,0.67882466,-0.2519757,0.5669146,-0.2572883
0.0,0.0,-0.1330832,-0.2253403,-0.23743631,-0.52888024,-0.300588,-0.7810101,-0.30861127,-1.0,-0.27309906,-0.75419664,-0.60548306,-0.5671269,-0.5649694,-0.3907858,-0.47182056,-0.33182412,-0.2446359,-0.6708513,-0.597824,-0.41709694,-0.5241558,-0.25200483,-0.43516713,-0.20677283,-0.23215187,-0.531557,-0.5544192,-0.29424953,-0.47227317,-0.12696944,-0.3788615,-0.07017852,-0.23085228,-0.36146837,-0.47168323,-0.17022836,-0.42228034,-0.037641086,-0.3559001,-0.005238961
0.0,0.0,0.13588874,-0.29285157,0.28929487,-0.55075735,0.35365215,-0.79502994,0.34903383,-1.0,0.6028983,-0.40508723,0.7466629,-0.22093941,0.6569831,-0.17162868,0.5579982,-0.20265272,0.61146873,-0.20566185,0.71040916,-0.044767886,0.62279934,-0.013348662,0.5338719,-0.049191203,0.58639985,-0.0005330303,0.6680933,0.107959256,0.5913515,0.13072006,0.50587875,0.092714794,0.54275894,0.17820057,0.6137183,0.23656927,0.5388128,0.24742894,0.46323505,0.21769646
0.0,0.0,0.027364708,-0.31365538,0.13093153,-0.58847785,0.23992634,-0.81476706,0.2664522,-1.0,0.3771328,-0.51448685,0.5795154,-0.50158954,0.5042952,-0.44511053,0.4166351,-0.4363304,0.41867706,-0.33020592,0.5831966,-0.3401079,0.5080746,-0.29914668,0.426864,-0.2830478,0.43086082,-0.1461395,0.563026,-0.17704183,0.49596685,-0.14697921,0.42075625,-0.12696353,0.42762876,0.03100061,0.5453669,-0.020564804,0.4799673,-0.0065954607,0.4128968,0.016609002
0.0,0.0,0.002531099,-0.31896174,-0.050513014,-0.57252246,-0.10266376,-0.80368954,-0.09681292,-1.0,-0.3245643,-0.53157806,-0.5007453,-0.54383653,-0.43008333,-0.5022952,-0.34549037,-0.47951588,-0.38673687,-0.35670725,-0.48266014,-0.3859558,-0.40757313,-0.3565051,-0.33603433,-0.32737765,-0.41154486,-0.17758995,-0.45064074,-0.22608435,-0.39147487,-0.20252289,-0.32813898,-0.17539223,-0.42251766,-0.021678701,-0.45984104,-0.07879845,-0.39822596,-0.061990898,-0.33815622,-0.042145222
0.0,0.0,-0.12080747,-0.33793774,-0.28430536,-0.5850615,-0.41066742,-0.80014217,-0.45769745,-1.0,-0.64905405,-0.33750078,-0.7133685,-0.2173949,-0.63237077,-0.16469939,-0.5552749,-0.16843386,-0.6552259,-0.11386357,-0.6541393,-0.061186936,-0.55541337,-0.056491744,-0.46799892,-0.076294154,-0.60220987,0.090288915,-0.579225,0.08124593,-0.49883878,0.07614348,-0.4241855,0.057550516,-0.53537285,0.2706492,-0.51506066,0.22777404,-0.44053435,0.20627066,-0.3841082,0.18826322
0.0,0.0,-0.06131041,-0.4055247,-0.2684161,-0.75704896,-0.53662837,-0.8543613,-0.74614155,-0.7747142,-0.40639338,-1.0,-0.80389404,-0.92321354,-0.7653438,-0.76231724,-0.63362056,-0.70861286,-0.46853366,-0.7722105,-0.8677298,-0.69289666,-0.80518484,-0.55410475,-0.66833013,-0.50426495,-0.51622754,-0.5131926,-0.8618014,-0.4439448,-0.7930932,-0.3421246,-0.66872126,-0.30426684,-0.5479677,-0.25603566,-0.8211849,-0.22466636,-0.7455116,-0.14458308,-0.6304829,-0.11208937
0.0,0.0,0.25039217,-0.32888192,0.55230355,-0.52584714,0.7699123,-0.7242858,0.87044686,-0.9533546,0.735157,-0.14528787,1.0,0.0070324796,0.88536304,-0.05515945,0.77069056,-0.12183357,0.6673882,0.1188215,0.92375165,0.2216254,0.8284694,0.1405241,0.7150356,0.08592522,0.57254225,0.33371052,0.8020302,0.40319863,0.7303139,0.32673898,0.62386316,0.27738768,0.47888193,0.50225925,0.6936475,0.557706,0.6437768,0.4832532,0.54967535,0.44031134
0.0,0.0,0.10184276,-0.27039197,0.24325675,-0.5306709,0.29424828,-0.7768507,0.26069346,-1.0,0.45301887,-0.39094988,0.79223365,-0.34761345,0.70724636,-0.29948643,0.5710621,-0.28298575,0.4445218,-0.1541931,0.7790629,-0.09440107,0.6955148,-0.052356742,0.5590456,-0.0566748,0.41816348,0.075556286,0.69544375,0.08801459,0.5990121,0.12533265,0.47675708,0.1323038,0.37649623,0.29459435,0.59899074,0.26546523,0.5179891,0.28009072,0.40133464,0.28729248
0.0,0.0,-0.11961845,-0.29608163,-0.19928238,-0.64029646,-0.27903497,-0.88122135,-0.39519712,-1.0,-0.060368013,-0.7996947,0.20252168,-0.99727803,0.19279516,-0.87131494,0.113650285,-0.7742449,0.058837164,-0.6926356,0.31107092,-0.89024967,0.28543672,-0.76487285,0.20384032,-0.6757222,0.180611,-0.56080633,0.39425138,-0.7607052,0.36269736,-0.64860535,0.2846848,-0.55806935,0.2924719,-0.41979107,0.44952807,-0.62739843,0.4174303,-0.54150164,0.3519192,-0.4595515
0.0,0.0,0.03972168,-0.48626566,-0.13358241,-0.85261035,-0.3433173,-0.98155844,-0.48341653,-1.0,-0.60808086,-0.8226582,-0.9376392,-0.8301464,-0.8142298,-0.7756135,-0.66109836,-0.7493593,-0.69580513,-0.4838239,-0.981,-0.5368813,-0.84501547,-0.49159893,-0.7031869,-0.448395,-0.7288395,-0.14711393,-0.95138586,-0.22963041,-0.8312853,-0.20714644,-0.69961035,-0.16170119,-0.7120503,0.17226131,-0.9145077,0.02990515,-0.8086629,0.043551892,-0.7008148,0.08969899
0.0,0.0,0.08311823,-0.28519645,0.21548617,-0.5621761,0.2991308,-0.79529935,0.3121119,-1.0,0.3853598,-0.4602806,0.63493943,-0.41917694,0.5578107,-0.37179616,0.45578876,-0.368787,0.39427176,-0.27140108,0.6462646,-0.24076077,0.5605011,-0.2142556,0.45797214,-0.2161742,0.38820058,-0.08778162,0.6212093,-0.07978456,0.5420608,-0.0637758,0.4442815,-0.06293549,0.37032953,0.08418373,0.5553151,0.06826233,0.48774058,0.06801356,0.4048831,0.063160345
0.0,0.0,-0.01739181,-0.39077374,0.07729107,-0.6732534,0.15475358,-0.85862094,0.15472876,-1.0,0.53596574,-0.62314343,0.44300038,-0.5530679,0.35892984,-0.4715011,0.30302078,-0.43831432,0.6115853,-0.36503133,0.50509125,-0.32424355,0.41617614,-0.2761116,0.3545536,-0.23858757,0.61291814,-0.11839681,0.51833206,-0.11535642,0.44155967,-0.098014586,0.3833704,-0.07708294,0.5749166,0.09089961,0.52638096,0.08184816,0.45687488,0.083327815,0.40468827,0.088035196
0.0,0.0,0.03602743,-0.49104208,0.26392862,-0.8346139,0.5345323,-0.9506875,0.7024773,-0.9129813,0.42361408,-0.75464594,0.9187647,-0.7540404,0.8804918,-0.7247751,0.7464073,-0.67821455,0.4952632,-0.45280775,0.9894046,-0.5553618,0.92190367,-0.546722,0.76938605,-0.48689222,0.548758,-0.15244214,1.0,-0.27979165,0.90656483,-0.2874049,0.755466,-0.24675845,0.5797643,0.1253656,0.9212408,-0.0065405895,0.8335217,-0.016341696,0.7018743,0.029540941
0.0,0.0,-0.10500046,-0.26230505,-0.19561358,-0.5735642,-0.21690096,-0.80902696,-0.18115449,-1.0,-0.22198665,-0.7543582,-0.519057,-0.67314386,-0.4922276,-0.49110743,-0.40634978,-0.41064516,-0.20885289,-0.64600694,-0.51332027,-0.48736346,-0.46385247,-0.3228645,-0.38046086,-0.25070107,-0.20688736,-0.49267378,-0.47948465,-0.3476597,-0.4311934,-0.19512351,-0.3549133,-0.10996633,-0.20961325,-0.32038626,-0.4058172,-0.22776826,-0.38845217,-0.099973634,-0.3481404,-0.02150159
0.0,0.0,0.24852297,-0.3199692,0.551017,-0.52713865,0.77275395,-0.7392777,0.8686619,-0.9732913,0.74265206,-0.14130455,1.0,-0.025554271,0.89188665,-0.0873375,0.77807975,-0.14218608,0.6770463,0.11674567,0.92231923,0.19145131,0.830324,0.108057335,0.7207738,0.063296385,0.57987356,0.3271613,0.8020806,0.3751534,0.7320893,0.3003787,0.6262992,0.26088345,0.48514992,0.49580613,0.6970485,0.52885324,0.64583194,0.4529312,0.54978776,0.41964883
0.0,0.0,-0.065303095,-0.2994461,-0.16351649,-0.5758812,-0.22701785,-0.80775046,-0.23065583,-1.0,-0.37911257,-0.50975746,-0.55561846,-0.40990335,-0.48414657,-0.35034713,-0.39899155,-0.35666394,-0.40912074,-0.32569674,-0.5633494,-0.25296903,-0.4848952,-0.20605975,-0.39758566,-0.21032901,-0.41616666,-0.1429541,-0.5371629,-0.10743895,-0.46738306,-0.073809646,-0.38879636,-0.0770258,-0.4103942,0.029306015,-0.5121398,0.02156725,-0.44316745,0.04436441,-0.3727211,0.045965884
0.0,0.0,-0.07222504,-0.3062911,-0.20211379,-0.56700724,-0.27695796,-0.803439,-0.28114578,-1.0,-0.41884276,-0.50421995,-0.65983665,-0.40379503,-0.57559955,-0.33547488,-0.47203934,-0.350176,-0.43981552,-0.2990366,-0.631847,-0.21627338,-0.5399096,-0.17282155,-0.4408802,-0.1954668,-0.4458459,-0.08973065,-0.5645791,-0.044504862,-0.48171368,-0.016890036,-0.39453202,-0.03431384,-0.4395924,0.1048475,-0.5084634,0.10622566,-0.42074123,0.12759733,-0.3454469,0.12067983
0.0,0.0,-0.2565513,-0.2705626,-0.5360148,-0.39466804,-0.7951612,-0.41962263,-0.9647957,-0.4328144,-0.7454934,0.09557669,-0.99000615,0.23764437,-1.0,0.21269998,-0.9653422,0.17121062,-0.6548882,0.35922047,-0.8803172,0.444062,-0.8618324,0.36495283,-0.7932831,0.3013074,-0.5338191,0.5687257,-0.7393163,0.6272948,-0.7212625,0.5488905,-0.6350147,0.48081103,-0.41336805,0.726953,-0.59153503,0.7762828,-0.5803109,0.70223004,-0.5121094,0.6366698
0.0,0.0,0.019316353,-0.27590525,0.116773404,-0.57822263,0.19603382,-0.8066897,0.21762168,-1.0,0.30716425,-0.5809581,0.5736289,-0.57589537,0.49954787,-0.4958108,0.39168486,-0.4732694,0.34260258,-0.404335,0.59136736,-0.39608318,0.510514,-0.32912672,0.40916643,-0.31344005,0.36682355,-0.21490155,0.58875823,-0.21061336,0.5119092,-0.15771618,0.41480064,-0.14169048,0.3809241,-0.026713364,0.56244093,-0.053042375,0.48169792,-0.01503102,0.3887568,-0.0011386838
0.0,0.0,0.057861764,-0.28236616,0.17396544,-0.5245386,0.2332585,-0.77661294,0.22844775,-1.0,0.46716675,-0.29972124,0.66087914,-0.40350562,0.57557607,-0.44255647,0.4788587,-0.41551337,0.4959569,-0.12235567,0.6632246,-0.25641695,0.58273816,-0.29771495,0.50949764,-0.26743257,0.49192208,0.013752051,0.6363848,-0.12294408,0.57786536,-0.1594692,0.5081344,-0.13952942,0.48014927,0.10862246,0.5933504,-0.002775439,0.5464793,-0.03419448,0.4903326,-0.013283132
0.0,0.0,-0.065336324,-0.2996639,-0.15819307,-0.5764206,-0.21670106,-0.8124724,-0.22027661,-1.0,-0.36330444,-0.4943638,-0.53508896,-0.41449502,-0.46484214,-0.36536813,-0.38221413,-0.36940274,-0.3913823,-0.3066858,-0.5376808,-0.25880513,-0.46375132,-0.22518377,-0.37979275,-0.22539097,-0.39920852,-0.12768172,-0.50715333,-0.11201286,-0.444606,-0.08872464,-0.37133846,-0.087676555,-0.39704728,0.033173706,-0.48040023,0.019723842,-0.4149555,0.037902754,-0.34996817,0.040420733
0.0,0.0,0.11692883,-0.26974836,0.27796614,-0.52673036,0.34520787,-0.7766861,0.35180962,-1.0,0.4276041,-0.32144287,0.67877513,-0.26308507,0.5968924,-0.251505,0.49659598,-0.26895845,0.4065021,-0.12700534,0.64671695,-0.075565524,0.569944,-0.088727765,0.4735353,-0.112554654,0.36978486,0.054119684,0.5820538,0.080369644,0.5148582,0.064541414,0.42429197,0.047550604,0.3265252,0.21159112,0.50833064,0.21511824,0.44761562,0.19155553,0.36536396,0.17720892
0.0,0.0,0.058342546,-0.46155742,0.22780176,-0.76993555,0.42243996,-0.8855896,0.51114804,-0.934287,0.5296764,-0.7211987,0.8796879,-0.8668832,0.96503776,-0.85738736,1.0,-0.84153324,0.5930932,-0.44733712,0.90356094,-0.57759655,0.8379645,-0.5855893,0.7377187,-0.5597424,0.6249981,-0.19266343,0.8779744,-0.33449802,0.80487865,-0.35017103,0.7028894,-0.31869707,0.63731384,0.027861346,0.8455736,-0.14322661,0.77504057,-0.1642928,0.6792982,-0.12126189
0.0,0.0,-0.06474602,-0.3023184,-0.1554854,-0.5803506,-0.21318457,-0.8135518,-0.21245,-1.0,-0.36732814,-0.49863052,-0.54093945,-0.40686634,-0.46282083,-0.3578591,-0.37557366,-0.36678836,-0.3907892,-0.30712855,-0.5454599,-0.2542499,-0.46600825,-0.22039579,-0.37752926,-0.2196295,-0.39267027,-0.124859676,-0.50817657,-0.10321963,-0.43946862,-0.08193224,-0.3618525,-0.08093409,-0.38455078,0.039802827,-0.47793338,0.025463598,-0.4082178,0.041280154,-0.33926216,0.043442767
0.0,0.0,0.07764503,-0.30052269,0.16931574,-0.5595895,0.21868187,-0.8057159,0.19719057,-1.0,0.4827166,-0.42345566,0.5476989,-0.40226895,0.47156057,-0.34585413,0.40322307,-0.3257654,0.5249782,-0.26252183,0.55187017,-0.22929963,0.4789,-0.19361779,0.41366667,-0.18176891,0.51868576,-0.098272495,0.5290451,-0.07171614,0.4699529,-0.049002267,0.4012102,-0.05230166,0.49390188,0.050761145,0.49811286,0.08233798,0.44070342,0.08874147,0.3816602,0.07822929
0.0,0.0,-0.060809504,-0.35111478,-0.17644057,-0.5890419,-0.29757202,-0.7994589,-0.33745795,-1.0,-0.5018343,-0.42208698,-0.69358116,-0.42560485,-0.5967188,-0.4184778,-0.48703685,-0.4008123,-0.52905214,-0.20861788,-0.67511934,-0.25279185,-0.58191663,-0.2627787,-0.4883192,-0.24260099,-0.51105744,-0.012203064,-0.6238213,-0.07931102,-0.5501225,-0.08818603,-0.4684152,-0.06780666,-0.47630742,0.15416467,-0.57798123,0.083959386,-0.512236,0.06371881,-0.44276145,0.07163206
0.0,0.0,0.11895763,-0.25701708,0.28408185,-0.53525627,0.34200376,-0.7874148,0.33933896,-1.0,0.36760104,-0.38917914,0.6392683,-0.3350918,0.5981803,-0.2774104,0.52839005,-0.2644086,0.34631136,-0.20082882,0.61894524,-0.12853761,0.55157155,-0.121124595,0.45444632,-0.14465176,0.3150451,-0.017680004,0.55377436,0.02669889,0.47953632,0.027784463,0.38233274,0.012001057,0.27943623,0.14992422,0.45604026,0.16493732,0.38610736,0.1537624,0.3013636,0.14279002
0.0,0.0,-0.04292028,-0.31666073,-0.06287424,-0.6319398,-0.13059612,-0.86101115,-0.23822397,-1.0,0.19693713,-0.83061993,0.42958176,-0.80932,0.3938619,-0.67903364,0.30805779,-0.61289185,0.28766692,-0.7393616,0.49841285,-0.68717605,0.4554679,-0.5625455,0.36591715,-0.5097903,0.37410563,-0.5934276,0.55522346,-0.56768686,0.50378424,-0.45644167,0.4151403,-0.41523767,0.44597197,-0.42254907,0.59197354,-0.44806215,0.53310496,-0.35702777,0.45168254,-0.31314883
0.0,0.0,-0.08659577,0.06392492,-0.11437412,0.19940576,-0.08491676,0.35259596,-0.08590221,0.50296867,0.2497944,0.13304293,0.25121528,0.52643025,0.2286875,0.76034933,0.20602985,0.9456952,0.3767002,0.13507776,0.34980562,0.5809781,0.28500825,0.82987636,0.22476399,1.0,0.44016895,0.17015857,0.43203014,0.59085834,0.3705864,0.8093403,0.31482717,0.96928465,0.46297768,0.23327458,0.4966117,0.5236854,0.46466643,0.7027628,0.4323954,0.8460624
0.0,0.0,-0.25514716,-0.34385404,-0.56392586,-0.50036365,-0.82092565,-0.62159127,-1.0,-0.765507,-0.8400432,0.06245508,-0.86164427,0.025869751,-0.7307782,-0.05536863,-0.62447315,-0.09806664,-0.7677154,0.315367,-0.7364408,0.24714734,-0.62320644,0.15435615,-0.528991,0.10606197,-0.6425378,0.50780404,-0.6334179,0.44375363,-0.5407891,0.3555023,-0.4528075,0.29906988,-0.51571685,0.6562152,-0.52239555,0.6425453,-0.4457713,0.5651551,-0.37305528,0.51146805
0.0,0.0,0.07602031,-0.27470818,0.18481426,-0.56054693,0.21308492,-0.80449736,0.17379473,-1.0,0.3603365,-0.42177868,0.6442822,-0.39042255,0.56633526,-0.36755988,0.4589232,-0.36537847,0.3520946,-0.2236013,0.63753647,-0.21380204,0.5664851,-0.20895027,0.4597659,-0.20565386,0.34066132,-0.037554257,0.5915995,-0.04208847,0.5296797,-0.03600205,0.43730408,-0.029368898,0.33077407,0.13014475,0.5393181,0.10445526,0.4884639,0.105056964,0.41025364,0.11962159
0.0,0.0,-0.14384545,-0.29691464,-0.22724395,-0.5811506,-0.25655875,-0.80455095,-0.24023324,-1.0,-0.19335724,-0.81131494,-0.492041,-0.7054618,-0.45939794,-0.51946,-0.3820027,-0.43594956,-0.17641728,-0.7127652,-0.48980066,-0.5380526,-0.4465387,-0.3499941,-0.38098112,-0.2502637,-0.18232065,-0.559975,-0.46533522,-0.4052072,-0.42839354,-0.23027404,-0.36873484,-0.12537725,-0.19399658,-0.3815217,-0.3975079,-0.27395934,-0.40146574,-0.15512067,-0.3879321,-0.08637392
0.0,0.0,-0.15563472,-0.26158035,-0.36350295,-0.5123327,-0.46324942,-0.7608744,-0.46431753,-1.0,-0.5633046,-0.45407414,-0.79099,-0.18769631,-0.7143508,-0.11731262,-0.6336619,-0.1662659,-0.5356901,-0.2695606,-0.7291686,0.02471657,-0.6352465,0.03597475,-0.5522574,-0.05296238,-0.49018386,-0.06514874,-0.64666307,0.16037637,-0.55693567,0.1587372,-0.47725722,0.078422055,-0.4400277,0.13210687,-0.5553722,0.27155727,-0.46010157,0.25520977,-0.38269803,0.18792585
0.0,0.0,0.13972443,-0.35775134,0.3595413,-0.62740177,0.5616605,-0.8152334,0.67525315,-1.0,0.61829764,-0.46951592,0.7593438,-0.4756691,0.6430812,-0.43804556,0.5251057,-0.4369887,0.6418427,-0.25990114,0.70148444,-0.21639453,0.60713506,-0.19971895,0.5217252,-0.21413007,0.6261802,-0.036457818,0.6644621,-0.005285282,0.5917268,0.0036133802,0.50780046,-0.009217967,0.588501,0.1579345,0.6470602,0.16768168,0.56912243,0.16410494,0.48891252,0.15370607
0.0,0.0,0.08094109,-0.29405794,0.20067564,-0.5729279,0.25443977,-0.8195328,0.22244991,-1.0,0.46291623,-0.39190975,0.65359235,-0.42374972,0.5859943,-0.4065751,0.4983523,-0.39298117,0.47996286,-0.21730964,0.6444517,-0.2462394,0.5754954,-0.24056897,0.49696776,-0.22449669,0.47160178,-0.04277505,0.61231333,-0.07925467,0.55213434,-0.084152065,0.47734064,-0.07374808,0.4496529,0.12709965,0.5723413,0.07835063,0.510621,0.064407535,0.44229493,0.07643925
0.0,0.0,0.07663397,-0.28787655,0.17155041,-0.5422267,0.20070255,-0.78523546,0.18217595,-1.0,0.4948801,-0.41275755,0.5737874,-0.4028749,0.49905625,-0.3648376,0.41655713,-0.3408243,0.52347636,-0.22355779,0.5482201,-0.22311614,0.47210816,-0.20213373,0.40316942,-0.18188716,0.50815487,-0.042826414,0.53658074,-0.0705496,0.46475026,-0.055664636,0.39442658,-0.04421452,0.4762377,0.11442204,0.6204954,0.08452511,0.71251595,0.07403486,0.78552777,0.059631746
0.0,0.0,0.22120914,-0.3769771,0.50074697,-0.55269486,0.7923103,-0.6413897,1.0,-0.75417703,0.7493805,-0.1179118,0.98514456,-0.13734022,0.86324143,-0.24589391,0.73914826,-0.26812017,0.7038617,0.13557447,0.9152275,0.06611053,0.82906806,-0.04611184,0.7170793,-0.05481266,0.6156019,0.30825076,0.8163572,0.23406792,0.7598464,0.13574985,0.65661937,0.123559065,0.5269679,0.4375769,0.7083597,0.35970464,0.6721602,0.26941267,0.58706903,0.25883034
0.0,0.0,-0.22925507,-0.26832122,-0.50960296,-0.49630132,-0.65988,-0.74725306,-0.7252487,-0.9745248,-0.73444647,-0.3146608,-1.0,0.03080203,-0.8782818,0.04330936,-0.7670349,-0.059201173,-0.6541871,-0.09859534,-0.8943094,0.23453379,-0.76947206,0.21839131,-0.65960306,0.10979375,-0.55878127,0.121706665,-0.7529445,0.39252913,-0.6385894,0.36231557,-0.53356427,0.26408187,-0.4561132,0.33472475,-0.6249194,0.5147129,-0.51533854,0.4669514,-0.41493368,0.3793805
0.0,0.0,-0.06335117,-0.31021875,-0.16875124,-0.5684675,-0.22859266,-0.80514985,-0.22272874,-1.0,-0.38762113,-0.47744402,-0.62867004,-0.40615156,-0.54243094,-0.36745292,-0.43757406,-0.37836188,-0.41411194,-0.27529937,-0.5985588,-0.24152134,-0.50967234,-0.22082303,-0.41191036,-0.22954218,-0.4195926,-0.08283689,-0.5301355,-0.09251776,-0.45796716,-0.07979026,-0.37667778,-0.082987934,-0.4147323,0.085557036,-0.49809065,0.038233075,-0.42050993,0.04980323,-0.3467207,0.054589655
0.0,0.0,-0.28763157,-0.250093,-0.58961564,-0.23674415,-0.83049965,-0.084360145,-1.0,-0.04167407,-0.7141622,0.4025947,-0.85348624,0.29715833,-0.76642126,0.15159726,-0.6659886,0.09627229,-0.5806135,0.6110666,-0.73196167,0.55265766,-0.6727043,0.41772154,-0.57540596,0.36735773,-0.42472446,0.730001,-0.5933372,0.7479839,-0.55663866,0.6373218,-0.46322006,0.57586783,-0.27611563,0.80216444,-0.43179077,0.87665755,-0.4232901,0.7860118,-0.35807297,0.71450007
0.0,0.0,0.051563382,-0.25772896,0.15458973,-0.52790856,0.19314794,-0.79623777,0.14587237,-1.0,0.4236589,-0.28799865,0.62235165,-0.39616397,0.5285342,-0.3880807,0.42421523,-0.35517558,0.47027725,-0.11043785,0.62780344,-0.22125173,0.5528468,-0.22065501,0.47287908,-0.18409507,0.48209792,0.03402375,0.6262107,-0.05942766,0.5755159,-0.063663185,0.507782,-0.035229113,0.4828893,0.13506465,0.61474216,0.072214805,0.57605207,0.07149051,0.52434576,0.10636576
0.0,0.0,0.027208062,-0.27108696,0.056086764,-0.5991097,0.040569358,-0.8375254,-0.029017668,-1.0,0.041740213,-0.51452756,0.31220654,-0.6464042,0.28195223,-0.56126064,0.18550928,-0.5044731,0.076026976,-0.34599182,0.37733778,-0.48111585,0.3292886,-0.4060543,0.22847998,-0.34494692,0.12901363,-0.18911351,0.41132772,-0.32457352,0.35948735,-0.25682434,0.2667176,-0.20038517,0.18611349,-0.04665992,0.40563723,-0.15780196,0.36354434,-0.1010344,0.2816325,-0.054657284
0.0,0.0,-0.07813812,-0.31869125,-0.21786804,-0.58496624,-0.32085255,-0.80048776,-0.3468475,-1.0,-0.54151344,-0.38071802,-0.57164866,-0.39854503,-0.46384633,-0.38582584,-0.3888771,-0.36293906,-0.5504664,-0.16809857,-0.5328529,-0.22131692,-0.44604334,-0.23292731,-0.38247058,-0.2032631,-0.5096757,0.013730777,-0.49596494,-0.060032707,-0.42306095,-0.078983605,-0.3681156,-0.060357824,-0.4506488,0.16265428,-0.44574693,0.078084305,-0.37576875,0.057968587,-0.3282333,0.07211521
0.0,0.0,0.21359363,-0.29877183,0.48778257,-0.4484367,0.7061642,-0.49723393,0.8135071,-0.4541481,0.61641324,-0.33327937,1.0,-0.2585489,0.92665493,-0.22278534,0.8091348,-0.21745671,0.5931452,-0.03898908,0.97819954,0.016574522,0.8909149,0.00085512944,0.75451607,-0.018724693,0.54816145,0.22998416,0.88304174,0.24992809,0.8025964,0.21861851,0.6907285,0.20584728,0.487298,0.46337762,0.77266943,0.44457972,0.7080882,0.39995536,0.60726434,0.40552574
0.0,0.0,0.06259072,-0.28522274,0.16570032,-0.57642466,0.19609942,-0.8076088,0.16406088,-1.0,0.36215425,-0.57006794,0.6264424,-0.4627032,0.54901457,-0.3967446,0.4471732,-0.4126579,0.38033733,-0.40734285,0.61768883,-0.29628906,0.5355144,-0.2546834,0.4410912,-0.2815222,0.38760567,-0.22038485,0.5816549,-0.12851058,0.50120646,-0.0934132,0.41535953,-0.112880446,0.38489175,-0.034140877,0.528709,0.018761676,0.4489575,0.043943375,0.37424287,0.030507483
0.0,0.0,-0.04620326,-0.56104344,-0.2202009,-0.9246177,-0.46158937,-0.99167186,-0.6232,-0.87605774,-0.72414976,-0.95972806,-0.8991078,-0.88951015,-0.7681899,-0.7901758,-0.62514937,-0.7239207,-0.8455048,-0.6332839,-0.99537253,-0.62473506,-0.8683763,-0.54570955,-0.71615225,-0.47190413,-0.89383084,-0.27836257,-1.0,-0.32970023,-0.88281476,-0.28326055,-0.74754596,-0.22347574,-0.88787186,0.062305897,-0.9602603,-0.03333159,-0.8388317,-0.013660609,-0.7316416,0.029322818
0.0,0.0,0.08998345,-0.28812325,0.21202451,-0.56903267,0.24490318,-0.8098355,0.20731583,-1.0,0.37367514,-0.4086524,0.6257043,-0.3980492,0.539331,-0.38101503,0.44144106,-0.37758642,0.37260365,-0.20609505,0.61630845,-0.22563966,0.53509647,-0.23254102,0.4409005,-0.21809627,0.36151576,-0.023755156,0.57736397,-0.06831354,0.5077577,-0.07373807,0.42279142,-0.05738007,0.3469717,0.13608804,0.5238046,0.06665667,0.46112585,0.062127735,0.3899251,0.088099636
0.0,0.0,0.080801964,-0.2965984,0.17448026,-0.5699187,0.21150851,-0.81394386,0.17781189,-1.0,0.43371814,-0.48816383,0.6053043,-0.46627557,0.5363048,-0.40459123,0.45901713,-0.40058497,0.4718134,-0.3193737,0.6102633,-0.3030232,0.54323477,-0.25589463,0.46779165,-0.24856378,0.4812693,-0.13935484,0.59605986,-0.14703833,0.54116297,-0.11385412,0.46328375,-0.10428079,0.47634402,0.024870025,0.5823821,-0.019313846,0.5258677,-0.0043230657,0.45650154,0.012693601
0.0,0.0,-0.0887308,-0.2716713,-0.21555269,-0.55246246,-0.26023978,-0.79120237,-0.23390773,-1.0,-0.3429602,-0.523437,-0.5808593,-0.3445114,-0.50456804,-0.29164782,-0.42676523,-0.33376515,-0.334107,-0.37619302,-0.5642458,-0.17606631,-0.4776479,-0.15726314,-0.39649191,-0.20663151,-0.3183693,-0.20620252,-0.5165153,-0.045480236,-0.4372951,-0.031150965,-0.36157143,-0.07654779,-0.3003923,-0.03771713,-0.44947106,0.07868256,-0.37356338,0.07283666,-0.30430108,0.025102079
0.0,0.0,-0.066626966,-0.29833066,-0.16514485,-0.5739369,-0.22552504,-0.80943954,-0.22869675,-1.0,-0.3775559,-0.5032285,-0.55646616,-0.40194577,-0.48089832,-0.3466353,-0.39721105,-0.3585071,-0.4046413,-0.31764573,-0.5594061,-0.24402258,-0.48127636,-0.20308077,-0.39556924,-0.21050231,-0.4109661,-0.13541993,-0.5263085,-0.0961229,-0.45893934,-0.06733762,-0.3830821,-0.07304896,-0.40683144,0.032694597,-0.49953717,0.034699325,-0.4315212,0.055597212,-0.36299863,0.054723814
0.0,0.0,-0.07577792,-0.26683438,-0.13426107,-0.56901735,-0.14399028,-0.8093151,-0.102925286,-1.0,-0.11885436,-0.723625,-0.40500447,-0.68913823,-0.37647617,-0.54204476,-0.30408165,-0.50521356,-0.111690216,-0.61000764,-0.42598948,-0.5296945,-0.37558556,-0.40633783,-0.3008972,-0.36945853,-0.13138182,-0.4617368,-0.41446623,-0.3885294,-0.3695928,-0.25974306,-0.29711482,-0.21171941,-0.16483152,-0.3026627,-0.3870172,-0.24972822,-0.35977525,-0.15166998,-0.30224496,-0.11459392
0.0,0.0,-0.22355732,-0.37575066,-0.5269148,-0.51846063,-0.81581086,-0.59030545,-1.0,-0.67064047,-0.8405672,-0.07495415,-0.8814381,-0.2147486,-0.7119229,-0.27382427,-0.5827792,-0.26335874,-0.81223655,0.196673,-0.8402538,0.01949506,-0.7037821,-0.047334578,-0.5871476,-0.052631762,-0.72465557,0.40757757,-0.78261966,0.23973961,-0.6801834,0.18443169,-0.5660871,0.17479573,-0.61489123,0.56903344,-0.67846555,0.44798136,-0.59963936,0.3877169,-0.51270705,0.37364262
0.0,0.0,-0.09532994,-0.26337323,-0.11496879,-0.5576222,-0.09751559,-0.8116292,-0.11019525,-1.0,0.14846152,-0.72761434,0.34191212,-0.7888613,0.30273467,-0.6968882,0.22240655,-0.6442367,0.2542325,-0.6156238,0.41698104,-0.6667653,0.3759802,-0.57760376,0.30451468,-0.5216148,0.3409104,-0.47741878,0.47859812,-0.5422563,0.4352671,-0.46682137,0.3655039,-0.41014844,0.41413483,-0.3350716,0.5167011,-0.42227092,0.46582788,-0.35111198,0.40564415,-0.29340544
0.0,0.0,0.07356416,-0.29935443,0.20166533,-0.5661146,0.28137493,-0.8011702,0.29510507,-1.0,0.42303947,-0.43412578,0.64890385,-0.47763076,0.56159276,-0.45189175,0.46893138,-0.43064827,0.45572418,-0.25208563,0.6720078,-0.3110114,0.58358675,-0.30957016,0.4872778,-0.28587848,0.45956612,-0.081895076,0.64591914,-0.14371236,0.57349783,-0.14918642,0.48958835,-0.12751117,0.44942775,0.06779018,0.6056812,0.0023067761,0.5453084,-0.017018,0.47334474,0.0006198958
0.0,0.0,-0.0839497,-0.25415534,-0.1308867,-0.57311755,-0.17364354,-0.82542056,-0.24798806,-1.0,-0.027336573,-0.6428834,0.17266896,-0.9959638,0.1693997,-0.8881161,0.110174395,-0.7610742,0.078677036,-0.5629823,0.29259044,-0.9156756,0.27042514,-0.8042195,0.20054515,-0.6836725,0.1824437,-0.4653852,0.37308627,-0.80148894,0.34504,-0.706148,0.28242436,-0.59752226,0.27624628,-0.36353785,0.41156366,-0.64447045,0.38992953,-0.57743335,0.3387716,-0.48905477
0.0,0.0,-0.124313354,-0.31870788,-0.31107682,-0.5903512,-0.44776037,-0.81727314,-0.52972496,-1.0,-0.5902229,-0.53581583,-0.8444547,-0.28428227,-0.7451936,-0.20067067,-0.631383,-0.23540552,-0.5916461,-0.32852456,-0.78281796,-0.05408384,-0.6756605,-0.00858819,-0.5658936,-0.06482028,-0.56977856,-0.09406075,-0.7078081,0.14143474,-0.6106248,0.18009871,-0.51315254,0.13748461,-0.52824605,0.1452083,-0.6329111,0.31025162,-0.5410041,0.3511449,-0.45493698,0.33549035
0.0,0.0,-0.036153328,-0.3031165,-0.14962143,-0.54846627,-0.20685534,-0.76724553,-0.19664785,-1.0,-0.5124573,-0.31983906,-0.47707495,-0.32497218,-0.34666157,-0.3340852,-0.291513,-0.3503584,-0.49662596,-0.07649966,-0.38554904,-0.13588122,-0.25895953,-0.1633944,-0.2179882,-0.17704429,-0.42184904,0.14031892,-0.30661172,0.07143119,-0.207152,0.04991538,-0.17828399,0.049560588,-0.32556945,0.32703984,-0.23600759,0.29305512,-0.146637,0.2604891,-0.11745139,0.24964729
0.0,0.0,0.061827693,-0.3300176,0.1627625,-0.57087517,0.22440231,-0.7993253,0.24131809,-1.0,0.57072115,-0.4451806,0.54028213,-0.4292803,0.4533985,-0.37056586,0.39660522,-0.33369142,0.6246095,-0.24774937,0.5510049,-0.25019017,0.4644197,-0.2169045,0.40242493,-0.18262765,0.61262435,-0.05483912,0.53864723,-0.08238229,0.45890242,-0.06500918,0.3973307,-0.051857013,0.57435656,0.11775796,0.5185031,0.10620881,0.44232494,0.10137242,0.38458112,0.09771347
0.0,0.0,-0.014173506,-0.30595198,-0.077126354,-0.5618158,-0.112755544,-0.80239487,-0.09366522,-1.0,-0.29801866,-0.53215086,-0.51639926,-0.5528819,-0.5896144,-0.5288446,-0.6237207,-0.5135421,-0.36139944,-0.35810313,-0.5210454,-0.39257577,-0.4644939,-0.3747743,-0.38346097,-0.35582954,-0.39260527,-0.18210322,-0.49262106,-0.24506149,-0.44451416,-0.22579676,-0.3777765,-0.20259455,-0.41046402,-0.027631873,-0.46413395,-0.10767843,-0.40821114,-0.09096582,-0.35099122,-0.07052568
0.0,0.0,-0.07516851,-0.29621437,-0.1813686,-0.5563298,-0.23494168,-0.7944978,-0.22375835,-1.0,-0.40357307,-0.47619036,-0.601763,-0.3089454,-0.52930254,-0.24930014,-0.44288743,-0.27276736,-0.421618,-0.2824752,-0.56503886,-0.120982006,-0.48526028,-0.097666554,-0.4009312,-0.1339783,-0.4151488,-0.083749786,-0.5098923,0.02310974,-0.4391788,0.035529666,-0.3619881,0.0047065224,-0.4009846,0.09794737,-0.46402952,0.14475681,-0.3836204,0.15295635,-0.30793276,0.13563487
0.0,0.0,-0.028751332,-0.26202118,-0.038427338,-0.5995622,-0.07188157,-0.82703936,-0.15246964,-1.0,-0.014574867,-0.50282246,0.25470713,-0.7313153,0.23064306,-0.63686395,0.14011316,-0.5510666,0.05895863,-0.33948177,0.3572613,-0.5806057,0.3045048,-0.48796922,0.20155151,-0.39424735,0.1467217,-0.18819438,0.41890773,-0.42633,0.3605449,-0.3434297,0.26792225,-0.24750027,0.23605908,-0.053467803,0.4427843,-0.26481646,0.390876,-0.21178328,0.3006032,-0.12985379
0.0,0.0,0.03627202,-0.2994571,0.1405061,-0.5993795,0.22579852,-0.8250675,0.21894968,-1.0,0.24148323,-0.718413,0.5186847,-0.67807627,0.47839835,-0.57019114,0.39761555,-0.53856504,0.282351,-0.6087205,0.5630834,-0.5475208,0.50898564,-0.451802,0.42381105,-0.4458445,0.32043257,-0.45842057,0.5781013,-0.41268578,0.5213132,-0.33648664,0.43781415,-0.3378474,0.35398653,-0.295503,0.5578627,-0.27746397,0.4996097,-0.21274468,0.41901714,-0.20876671
0.0,0.0,-0.039491076,-0.3186921,-0.11167828,-0.5862037,-0.17881308,-0.8146584,-0.20024599,-1.0,-0.39949095,-0.49403524,-0.54147,-0.5583207,-0.4608491,-0.5339201,-0.37419066,-0.49561667,-0.4590889,-0.31403717,-0.5543867,-0.3998499,-0.47823474,-0.38848403,-0.4029017,-0.3492793,-0.47956932,-0.13699056,-0.5466945,-0.23454852,-0.48478162,-0.22695489,-0.41648683,-0.19114432,-0.48020846,0.019214453,-0.5251029,-0.08207453,-0.46839195,-0.08507811,-0.41386664,-0.060426
0.0,0.0,-0.25006545,-0.40277287,-0.5620543,-0.5854086,-0.8348054,-0.7094561,-1.0,-0.8819921,-0.8889705,-0.0035525418,-0.87290275,-0.0023562943,-0.72649074,-0.050559018,-0.6115662,-0.07086875,-0.80655885,0.29377982,-0.7717174,0.23545922,-0.648076,0.16917123,-0.54169697,0.14083195,-0.6673051,0.52218693,-0.6529458,0.43836206,-0.548727,0.37611774,-0.44265643,0.3428411,-0.5221745,0.7008276,-0.52475554,0.6343559,-0.43609384,0.5501728,-0.35706207,0.5000547
0.0,0.0,-0.13684227,0.13422397,-0.22251016,0.34268203,-0.2721521,0.543161,-0.32085013,0.69693863,-0.16074774,0.41569605,-0.15068631,0.7006117,-0.14011109,0.869348,-0.12838474,0.99702823,-0.048598297,0.41508618,-0.04270266,0.69873273,-0.04043113,0.87322426,-0.04210412,1.0,0.053749155,0.40371403,0.057307374,0.6646192,0.054619826,0.82980883,0.0439466,0.94721246,0.14169608,0.38707465,0.14540105,0.6071755,0.13762961,0.7384029,0.12619309,0.84052104
0.0,0.0,0.046479914,-0.3025192,0.030641234,-0.57064754,0.028421119,-0.81345105,0.09039535,-1.0,-0.19186366,-0.673835,-0.34736687,-0.72027296,-0.28248954,-0.6424331,-0.20459057,-0.5863849,-0.2967172,-0.54031986,-0.39501932,-0.5963924,-0.32414916,-0.53113246,-0.2586026,-0.4680613,-0.36700574,-0.3821939,-0.43182278,-0.46952212,-0.37239924,-0.42141297,-0.3131412,-0.36718792,-0.41319516,-0.23534968,-0.45818916,-0.3399134,-0.4011489,-0.30381906,-0.3512428,-0.25622538
0.0,0.0,-0.035798226,-0.31405962,-0.04134108,-0.60396194,-0.07530362,-0.8450687,-0.16370825,-1.0,0.29567435,-0.7001719,0.47600022,-0.68300974,0.4224011,-0.5924218,0.3390709,-0.55685806,0.38705096,-0.55222946,0.5282448,-0.53791916,0.47141322,-0.46179676,0.39283594,-0.4188844,0.44778052,-0.37704998,0.56227267,-0.4018956,0.51288444,-0.3388868,0.43371487,-0.29670087,0.48661143,-0.20670542,0.5775393,-0.268081,0.5249718,-0.21791208,0.45689565,-0.17793678
0.0,0.0,0.25467882,-0.37076616,0.53567797,-0.5213303,0.8154687,-0.6311476,1.0,-0.8128939,0.83483785,-0.07542848,0.7996556,-0.042477824,0.68425095,-0.070331134,0.60433656,-0.09632225,0.7948602,0.22673751,0.7426443,0.20307812,0.6323438,0.14595759,0.54140717,0.108059786,0.68814605,0.45052433,0.6640323,0.39662302,0.57035506,0.3459773,0.481144,0.29582465,0.564415,0.6137097,0.5479897,0.5428825,0.46846515,0.47959358,0.3933325,0.42186168
0.0,0.0,-0.05843088,-0.34474084,-0.1876499,-0.61519736,-0.32412493,-0.8164707,-0.3956715,-1.0,-0.5373023,-0.39710546,-0.6065473,-0.52112126,-0.5069951,-0.5261777,-0.4283907,-0.48228145,-0.57377255,-0.202146,-0.6284569,-0.3451273,-0.5497181,-0.36627603,-0.47331223,-0.31901872,-0.5578441,-0.0328822,-0.62067884,-0.17036413,-0.557047,-0.19072752,-0.4858224,-0.15390554,-0.5189439,0.10423003,-0.58401555,-0.01628359,-0.5295569,-0.034334745,-0.4683335,-0.009589298
0.0,0.0,-0.098662384,-0.26953855,-0.23005316,-0.54547405,-0.2787464,-0.7880511,-0.273482,-1.0,-0.36706972,-0.51417,-0.60827684,-0.37496123,-0.55416805,-0.31414762,-0.46966967,-0.33106476,-0.35543486,-0.3713114,-0.5942974,-0.2112903,-0.5275307,-0.17236404,-0.44378144,-0.20980595,-0.3354147,-0.20881766,-0.5597071,-0.08116256,-0.49375498,-0.049884513,-0.41392386,-0.08829167,-0.3155114,-0.047195196,-0.49947733,0.043687165,-0.43507507,0.05277814,-0.35644948,0.022728171
0.0,0.0,0.17150111,-0.28737506,0.39037222,-0.5451248,0.52986866,-0.77987885,0.5867897,-1.0,0.5341382,-0.4594961,0.8060715,-0.28427827,0.7231778,-0.21516722,0.62550145,-0.24062507,0.51157105,-0.27291727,0.78092784,-0.10173996,0.6874961,-0.058096148,0.5814267,-0.10368473,0.47359297,-0.06757926,0.7250119,0.06494664,0.63451934,0.087928765,0.53009415,0.048157707,0.42871028,0.13500816,0.6362145,0.19968261,0.5550961,0.20032728,0.46420544,0.16662341
0.0,0.0,0.3140845,-0.10932139,0.63198864,-0.15436073,0.86501926,-0.27499643,1.0,-0.44683427,0.774052,0.33017242,0.8437402,0.6010274,0.78888553,0.7127112,0.7244477,0.7282786,0.66887474,0.53396416,0.68770164,0.785529,0.61267257,0.7798795,0.54582214,0.68657744,0.5224827,0.6856247,0.5312436,0.87820536,0.46291006,0.84366053,0.40645266,0.7249452,0.36260235,0.79858637,0.3680092,0.93733096,0.31499407,0.87942296,0.27427113,0.7585924
0.0,0.0,-0.06877168,-0.32868132,-0.244646,-0.6120442,-0.4171636,-0.8119683,-0.5154898,-1.0,-0.4604093,-0.52572125,-0.7082899,-0.44089246,-0.6175855,-0.39879313,-0.4923128,-0.39578882,-0.48106998,-0.3101089,-0.6867534,-0.24799654,-0.59148604,-0.22725755,-0.48232198,-0.23091155,-0.48600692,-0.10049843,-0.6492514,-0.07677164,-0.56792617,-0.06583334,-0.4734111,-0.06847595,-0.47870612,0.09247426,-0.60454607,0.07139368,-0.52435535,0.07762795,-0.44463766,0.07440365
0.0,0.0,-0.026474603,-0.36086404,-0.12430332,-0.63562584,-0.21423054,-0.84265244,-0.2732795,-1.0,-0.50680846,-0.5867639,-0.6309968,-0.5591836,-0.5467133,-0.49891162,-0.4405857,-0.4660757,-0.5666514,-0.37467003,-0.6232211,-0.3730519,-0.53605014,-0.33017093,-0.44099775,-0.29841375,-0.57397187,-0.15652424,-0.6002057,-0.19408484,-0.52453434,-0.15950195,-0.43852314,-0.12741607,-0.55524594,0.038779777,-0.5689879,-0.017710436,-0.49319926,0.005544157,-0.42443395,0.031707793
0.0,0.0,0.09146822,-0.2581962,0.21214536,-0.5362833,0.23473933,-0.79186755,0.19434458,-1.0,0.37868387,-0.37422782,0.6400089,-0.38744769,0.57027143,-0.36502016,0.4760758,-0.35435238,0.36950383,-0.17867218,0.62807995,-0.20025112,0.5662715,-0.2007525,0.47733697,-0.19233197,0.35663196,0.0039880113,0.5943343,-0.03719092,0.54006284,-0.043065924,0.45642582,-0.03659819,0.34835058,0.16842987,0.54435736,0.111224376,0.50009495,0.09548537,0.42670766,0.10688342
0.0,0.0,0.0603751,-0.27231503,0.18691769,-0.5518556,0.24126899,-0.794406,0.2066841,-1.0,0.4803191,-0.321704,0.665349,-0.42366773,0.58155453,-0.41678768,0.47585976,-0.38257208,0.5206199,-0.16860473,0.6893659,-0.25903043,0.613468,-0.2597881,0.5187613,-0.23108159,0.52752644,-0.033791035,0.6824923,-0.11746217,0.6181442,-0.1293358,0.5389801,-0.11517982,0.51379395,0.07895502,0.64337015,0.0036792418,0.5879053,-0.011184848,0.5218218,0.0031578727
0.0,0.0,-0.10346598,-0.3390498,-0.21902123,-0.59611243,-0.35138226,-0.81212074,-0.43633312,-1.0,-0.50386167,-0.3426777,-0.7284518,-0.43846333,-0.6481574,-0.46463698,-0.55088824,-0.45104888,-0.5342772,-0.118401274,-0.7183066,-0.25788453,-0.64789295,-0.29706994,-0.5657631,-0.27341962,-0.52195776,0.07513679,-0.682204,-0.07376719,-0.62781477,-0.11169056,-0.5479457,-0.095440544,-0.49622497,0.23278385,-0.64083517,0.11346597,-0.59745353,0.062474314,-0.53114045,0.063062385
0.0,0.0,-0.08832174,-0.3670161,-0.22067757,-0.6335896,-0.35994706,-0.82267576,-0.4341578,-1.0,-0.5617767,-0.31822866,-0.7628188,-0.36498478,-0.651485,-0.38699597,-0.5406094,-0.3696324,-0.57920444,-0.08344029,-0.7347379,-0.16246788,-0.64510757,-0.19912323,-0.5514653,-0.18542723,-0.55097157,0.11172624,-0.6756251,0.012149674,-0.60001934,-0.02026376,-0.5140735,-0.008651774,-0.5028341,0.26223323,-0.6044249,0.15063182,-0.54284924,0.1124308,-0.47345,0.117151886
0.0,0.0,-0.09434904,-0.25247887,-0.17380303,-0.5621882,-0.17297095,-0.79953617,-0.13581245,-1.0,-0.15382741,-0.66403866,-0.43794996,-0.5968542,-0.3961324,-0.48453012,-0.3152461,-0.47723982,-0.131687,-0.513857,-0.43329692,-0.4126332,-0.36185348,-0.34087306,-0.2705465,-0.34727862,-0.12808864,-0.34179324,-0.40571004,-0.24825108,-0.33651128,-0.18285057,-0.24723831,-0.18695132,-0.14159681,-0.16582392,-0.3626908,-0.10151555,-0.29827136,-0.05763752,-0.21249717,-0.06927439
0.0,0.0,-0.072042905,-0.2996456,-0.1941774,-0.56393605,-0.28471947,-0.79175746,-0.3023345,-1.0,-0.5155372,-0.4529071,-0.52116257,-0.34726658,-0.43025622,-0.2940471,-0.35685417,-0.28047225,-0.5534444,-0.24845758,-0.5107752,-0.17008498,-0.4237232,-0.14284386,-0.3577451,-0.14099881,-0.5449021,-0.04468352,-0.496869,-0.007608395,-0.42230785,0.003907652,-0.36227614,-0.0012745525,-0.51846606,0.14384331,-0.49200922,0.16227834,-0.4160174,0.1584886,-0.36365864,0.15299255
0.0,0.0,-0.17058213,-0.2868487,-0.38027632,-0.5241548,-0.49202767,-0.7649935,-0.51845247,-1.0,-0.6383364,-0.37515938,-0.8229442,-0.116165705,-0.72670233,-0.07960647,-0.63460153,-0.14574787,-0.60636145,-0.16189538,-0.7492559,0.08330868,-0.6436756,0.08038427,-0.54831153,-0.004666776,-0.5450254,0.04996797,-0.6626273,0.22210513,-0.5694134,0.2130085,-0.48193687,0.13750397,-0.47025782,0.24269912,-0.56971794,0.3385314,-0.4761844,0.3199477,-0.39301854,0.26181018
0.0,0.0,-0.081905305,-0.42284587,-0.35305226,-0.7405621,-0.6301591,-0.8315437,-0.8446751,-0.80568147,-0.5817995,-0.8481372,-1.0,-0.77546215,-0.8609343,-0.69837636,-0.7057926,-0.70987415,-0.6551088,-0.4787405,-0.9951379,-0.41647685,-0.8309459,-0.35793743,-0.6937063,-0.34854022,-0.69816476,-0.09206247,-0.94523776,-0.048353393,-0.7987432,-0.0075728684,-0.68350583,-0.01171077,-0.71627855,0.27658457,-0.898966,0.2392981,-0.77057356,0.25749126,-0.67221284,0.25283733
0.0,0.0,-0.068770565,-0.2861264,-0.080051005,-0.59135246,-0.04527148,-0.82746136,0.027237022,-1.0,-0.03381874,-0.64922917,-0.33213463,-0.65287846,-0.30060923,-0.51487327,-0.22242698,-0.4683866,-0.04870011,-0.5127221,-0.36679643,-0.48499528,-0.31757024,-0.3566982,-0.23419583,-0.30952948,-0.07974652,-0.35173938,-0.3675926,-0.3313024,-0.3207047,-0.2069006,-0.2359017,-0.16091001,-0.11520275,-0.19298518,-0.3382113,-0.14820625,-0.30225265,-0.06286357,-0.22578043,-0.043891672
0.0,0.0,-0.07493048,-0.36597392,-0.20902462,-0.62255543,-0.3669367,-0.81786805,-0.45464957,-1.0,-0.5296563,-0.41413718,-0.6525169,-0.503511,-0.5427567,-0.5229587,-0.4497188,-0.5008452,-0.5760105,-0.20217776,-0.64910686,-0.32381862,-0.56002426,-0.35257122,-0.47666535,-0.32862118,-0.56928116,-0.014825453,-0.60464376,-0.15629181,-0.53170925,-0.18437156,-0.4499018,-0.1628182,-0.5400349,0.13952272,-0.56249726,0.003226476,-0.5009651,-0.023335878,-0.43835372,-0.004865268
0.0,0.0,-0.21491084,-0.4148145,-0.5189454,-0.63372403,-0.800352,-0.7774504,-1.0,-0.9467386,-0.87334615,-0.098185115,-0.8457948,-0.14071134,-0.7042223,-0.18979539,-0.6156474,-0.19106132,-0.8102199,0.19360803,-0.70690906,0.08430823,-0.5818475,0.011603255,-0.50093,-0.006542999,-0.68191534,0.417698,-0.60503566,0.30229405,-0.50642306,0.22435999,-0.42605352,0.2005288,-0.5435008,0.60085136,-0.5023914,0.50747436,-0.4152961,0.42168337,-0.33949172,0.38763133
0.0,0.0,-0.00024330402,-0.31438032,-0.109065756,-0.58269423,-0.21793106,-0.80882573,-0.26229057,-1.0,-0.4146909,-0.4966913,-0.54611415,-0.5063629,-0.46918723,-0.45053476,-0.3856255,-0.41155884,-0.4648859,-0.3297696,-0.5472286,-0.3360577,-0.466098,-0.29326645,-0.38309288,-0.26532176,-0.47886455,-0.15808584,-0.5298481,-0.18143736,-0.4596366,-0.1479673,-0.38168097,-0.120126635,-0.47826636,-0.0018487324,-0.5230305,-0.0383166,-0.45401916,-0.016117316,-0.38560912,0.0021859542
0.0,0.0,-0.19334966,-0.23162127,-0.35437134,-0.4616971,-0.5102088,-0.66831774,-0.6486729,-0.772398,-0.14740324,-0.9332457,0.004906122,-1.0,0.02438043,-0.8336267,-0.01657801,-0.7154019,0.01528568,-0.9300468,0.14044543,-0.94680905,0.1334137,-0.7878167,0.08461348,-0.662919,0.1669673,-0.8540585,0.25432527,-0.85568345,0.24213459,-0.72317994,0.19025616,-0.60614985,0.3056506,-0.75819355,0.35982585,-0.7793121,0.3386572,-0.6526072,0.2915453,-0.5499034
0.0,0.0,0.15713426,-0.401952,0.41310242,-0.63016725,0.6728557,-0.8115547,0.84922415,-1.0,0.73069763,-0.19618993,0.99517715,-0.27484968,0.83928096,-0.3658933,0.71515524,-0.3554509,0.71504617,0.060440905,0.95917886,-0.06339385,0.83919096,-0.18015166,0.73917484,-0.17078444,0.6385506,0.24313764,0.8722665,0.11921749,0.7912909,0.008423396,0.69340545,0.017730182,0.5573681,0.3764309,0.7534424,0.25736186,0.69634265,0.15441974,0.6142984,0.16258304
0.0,0.0,-0.061568532,-0.28029782,-0.1624225,-0.55098027,-0.2104521,-0.79461044,-0.17944705,-1.0,-0.3763621,-0.5705027,-0.59547377,-0.4232768,-0.5285614,-0.3401081,-0.44458157,-0.34825125,-0.40709674,-0.42096764,-0.58471626,-0.24200976,-0.50341576,-0.1920952,-0.42034215,-0.22313978,-0.4237287,-0.24420972,-0.5442634,-0.10460375,-0.46699777,-0.066223234,-0.3891121,-0.09337154,-0.43168017,-0.066556506,-0.5001113,0.02499616,-0.4136803,0.054715365,-0.34044796,0.037819415
0.0,0.0,-0.0901587,-0.29940575,-0.2257032,-0.5554905,-0.29786527,-0.79447544,-0.28293943,-1.0,-0.41973484,-0.48275945,-0.6665764,-0.38865316,-0.5815546,-0.3364326,-0.48139638,-0.35174382,-0.439307,-0.2799302,-0.65250057,-0.22180139,-0.56019896,-0.18645526,-0.46108767,-0.20205392,-0.44170955,-0.0844643,-0.5871385,-0.066034645,-0.50581914,-0.04589215,-0.4194656,-0.05834719,-0.43105084,0.0896427,-0.5239043,0.06581653,-0.4412899,0.07952435,-0.36735716,0.07706134
0.0,0.0,0.076264605,-0.29985714,0.084668726,-0.5794674,0.12127824,-0.8286413,0.20428386,-1.0,-0.12065256,-0.7396406,-0.29896995,-0.7727575,-0.2585151,-0.6722219,-0.18649606,-0.61653817,-0.22817063,-0.620365,-0.3469838,-0.62774086,-0.3019208,-0.54484,-0.23862508,-0.4938418,-0.3169747,-0.46663678,-0.3813994,-0.4923586,-0.34741506,-0.42359027,-0.29354602,-0.36939606,-0.38935828,-0.31328928,-0.43215114,-0.36094508,-0.38767833,-0.29576546,-0.34088883,-0.24052784
0.0,0.0,-0.024677046,-0.30833903,-0.13693899,-0.5934491,-0.2405225,-0.8222658,-0.2866094,-1.0,-0.30995366,-0.51289505,-0.4566138,-0.5488072,-0.38413924,-0.50486034,-0.31282166,-0.47332197,-0.36781025,-0.31787333,-0.49108562,-0.3787498,-0.42869055,-0.35351232,-0.35868844,-0.31915465,-0.39894557,-0.12566729,-0.51520556,-0.21495351,-0.46485096,-0.20102705,-0.40032777,-0.16628699,-0.4205428,0.040326934,-0.52984387,-0.082818575,-0.4822149,-0.06833786,-0.4275591,-0.029559884
0.0,0.0,0.26310852,-0.29841012,0.5738779,-0.4562642,0.80567145,-0.6454736,0.90679646,-0.8822415,0.73657465,-0.055599548,1.0,0.084465966,0.8809423,0.0004614605,0.76172775,-0.065684244,0.65608895,0.19945651,0.9088113,0.2888427,0.8130769,0.18596832,0.7022158,0.13744982,0.54272765,0.39448407,0.772028,0.45697016,0.7017721,0.37034717,0.59669536,0.32587928,0.4363375,0.54494596,0.6449712,0.5914767,0.59490347,0.50645983,0.5023194,0.46686238
0.0,0.0,0.08072819,-0.31525823,0.15716802,-0.5593046,0.20255832,-0.79761887,0.2007354,-1.0,0.4721145,-0.35626912,0.4696639,-0.3671079,0.3854277,-0.3282295,0.32078594,-0.2987827,0.5082989,-0.16031186,0.47618335,-0.19264682,0.4000813,-0.18421175,0.34066072,-0.15272248,0.48552796,0.01882806,0.46334195,-0.033876993,0.39528373,-0.030351164,0.32455868,-0.011430179,0.44840366,0.16640204,0.46026352,0.1347812,0.4025963,0.11818184,0.34175995,0.11317919
0.0,0.0,-0.2570065,-0.30499727,-0.5614614,-0.4550388,-0.81995195,-0.5525038,-1.0,-0.7417775,-0.8476148,0.10981938,-0.84657127,0.12809014,-0.7130963,0.050225697,-0.6164241,0.0065719485,-0.7649318,0.36126775,-0.73944694,0.32832283,-0.6292591,0.23996219,-0.5387166,0.19643055,-0.63463616,0.55196625,-0.6299319,0.4915017,-0.53266764,0.40620396,-0.4469577,0.35362658,-0.49884948,0.69538397,-0.51181763,0.6389378,-0.42583194,0.54273283,-0.3536373,0.4870771
0.0,0.0,-0.07381836,-0.30810264,-0.17700163,-0.5724047,-0.2564392,-0.80113065,-0.26611495,-1.0,-0.50592583,-0.4339032,-0.5081158,-0.40521953,-0.40918595,-0.36272585,-0.3359408,-0.32639343,-0.5436482,-0.22477275,-0.5160661,-0.22587475,-0.4344508,-0.20353317,-0.3690749,-0.17367263,-0.5362208,-0.027487803,-0.5097509,-0.059570573,-0.44058233,-0.044303484,-0.37912104,-0.01986276,-0.5118091,0.14878565,-0.512237,0.1084313,-0.43951887,0.11153115,-0.3865034,0.12798133
0.0,0.0,0.09878865,-0.30512396,0.21016927,-0.5516075,0.26453045,-0.7968836,0.24154742,-1.0,0.4111288,-0.37626505,0.5955231,-0.40998003,0.52632457,-0.38420933,0.43562707,-0.3467678,0.43192536,-0.16269544,0.5878906,-0.24919493,0.5243015,-0.23526962,0.44624498,-0.1969913,0.430122,0.00877753,0.56283987,-0.09363608,0.52090484,-0.08097454,0.44701543,-0.04995585,0.4200023,0.13060243,0.52459675,0.03026493,0.48316383,0.039153807,0.42280394,0.06746806
0.0,0.0,0.09921389,-0.29921526,0.21728094,-0.5568822,0.26597294,-0.80313325,0.2402762,-1.0,0.42506734,-0.3984212,0.64190555,-0.38675612,0.5678231,-0.37196282,0.48956653,-0.37067473,0.43127677,-0.20588823,0.6268493,-0.22710882,0.55275744,-0.23699728,0.47394136,-0.22741492,0.41976464,-0.030207321,0.5862561,-0.07994784,0.52405334,-0.08721434,0.44785252,-0.07199099,0.4047087,0.12060485,0.54591256,0.053469826,0.48899227,0.039579876,0.42157122,0.0581594
0.0,0.0,0.09605168,-0.29913288,0.22370516,-0.53651804,0.29972482,-0.7802583,0.321936,-1.0,0.5631115,-0.3473188,0.53795516,-0.33600515,0.44892487,-0.29837045,0.38666838,-0.2774994,0.60087156,-0.15422365,0.55039424,-0.16220985,0.4695507,-0.14881133,0.40238282,-0.13141598,0.57608277,0.03082373,0.5288382,-0.00053099985,0.45485872,0.00467667,0.3916854,0.008790838,0.5249198,0.18951054,0.48714864,0.16388644,0.41630265,0.14776477,0.36018017,0.14087453
0.0,0.0,-0.2541033,-0.3197764,-0.52306384,-0.4877479,-0.76232976,-0.600141,-0.9029219,-0.7658383,-0.7300721,-0.0866878,-1.0,0.0869031,-0.88051146,0.016612237,-0.7525209,-0.047285646,-0.64999676,0.17136882,-0.881545,0.27200314,-0.77722776,0.19265519,-0.66503775,0.13816649,-0.54383916,0.38075414,-0.7533597,0.42910004,-0.6725922,0.36082834,-0.5688714,0.30985385,-0.4346673,0.54793286,-0.6286003,0.56447244,-0.5569362,0.4923696,-0.46829373,0.44360873
0.0,0.0,-0.05505416,-0.35420373,-0.17512156,-0.60293305,-0.3025494,-0.8080122,-0.36014634,-1.0,-0.543622,-0.43251738,-0.7075071,-0.44555864,-0.6062033,-0.43202773,-0.50193524,-0.41349488,-0.5681527,-0.21530832,-0.6823337,-0.27591404,-0.5821625,-0.28115845,-0.490974,-0.25433472,-0.54686123,-0.018283037,-0.6387307,-0.09669645,-0.55982673,-0.104855135,-0.47653136,-0.07878139,-0.507662,0.14947431,-0.6008735,0.06634884,-0.5308396,0.048543185,-0.45754775,0.063074194
0.0,0.0,-0.060257126,-0.23664427,-0.14403859,-0.5595042,-0.1732403,-0.80930746,-0.16015206,-1.0,-0.15834796,-0.74513435,-0.48040003,-0.6732704,-0.4633709,-0.511916,-0.38294572,-0.4590685,-0.17374675,-0.6372817,-0.5121212,-0.5212039,-0.4662795,-0.37728462,-0.38774845,-0.3381663,-0.207228,-0.48739132,-0.5098182,-0.36076763,-0.47012585,-0.223922,-0.40575668,-0.17689705,-0.24517503,-0.31765956,-0.4762972,-0.17842264,-0.46056208,-0.063013785,-0.4249522,-0.027747227
0.0,0.0,-0.09379857,-0.32587868,-0.22507869,-0.59902704,-0.29932478,-0.8298216,-0.3245453,-1.0,-0.4892437,-0.6087549,-0.6882444,-0.5122995,-0.6084759,-0.43605462,-0.4966744,-0.4211305,-0.54071677,-0.40651533,-0.68587697,-0.31438628,-0.6038968,-0.255222,-0.5057789,-0.24816681,-0.55949694,-0.18489724,-0.6537842,-0.11689669,-0.58295566,-0.06835458,-0.49343488,-0.05568131,-0.55868286,0.029411856,-0.6126201,0.08718936,-0.5379039,0.12797482,-0.46717316,0.13682762
0.0,0.0,-0.097520694,-0.29156435,-0.2284363,-0.5480454,-0.29751936,-0.78814334,-0.29518828,-1.0,-0.42172837,-0.48758808,-0.6493791,-0.36806813,-0.57645386,-0.29861242,-0.48155433,-0.3134622,-0.43526626,-0.29808128,-0.6224347,-0.18336436,-0.5380278,-0.13545792,-0.44441363,-0.16892166,-0.43282667,-0.101267904,-0.56602156,-0.030160846,-0.49610797,0.0054827593,-0.41490722,-0.024702782,-0.42282853,0.081702344,-0.52971196,0.103068024,-0.45892352,0.12878534,-0.38358042,0.119773984
0.0,0.0,-0.0610196,-0.27362904,-0.06732326,-0.60126287,-0.00461743,-0.83759576,0.09299396,-1.0,-0.01790456,-0.761641,-0.32269028,-0.7072414,-0.2948789,-0.5532541,-0.2102819,-0.518895,-0.02561476,-0.64563143,-0.35881606,-0.5631991,-0.30768803,-0.42972273,-0.22529016,-0.39890802,-0.05743448,-0.49348235,-0.362756,-0.42962846,-0.31575766,-0.29148448,-0.23604159,-0.24618451,-0.10040621,-0.32912663,-0.3413292,-0.25459504,-0.310061,-0.14995435,-0.2417431,-0.12560901
0.0,0.0,0.020315668,-0.32301256,0.08830235,-0.5788275,0.118823886,-0.81117,0.111875616,-1.0,0.4552445,-0.48568875,0.41037512,-0.44759575,0.33419362,-0.38820136,0.28388378,-0.3610586,0.51163423,-0.29394254,0.43834174,-0.27644625,0.36621746,-0.24519785,0.31166938,-0.21052548,0.50428504,-0.10701216,0.43172467,-0.11699406,0.3712976,-0.09854708,0.31447217,-0.076049015,0.4744135,0.044124417,0.42363474,0.02891886,0.36188298,0.031538624,0.31176236,0.04136781
0.0,0.0,-0.12486165,-0.31376705,-0.22185482,-0.61902696,-0.33396098,-0.86329144,-0.4724199,-1.0,0.08067894,-0.92623574,0.30385596,-0.92669827,0.28822583,-0.78458405,0.22316755,-0.7035428,0.21734148,-0.8384891,0.42579833,-0.82486874,0.39169225,-0.69313693,0.30998734,-0.61135286,0.34130538,-0.6946891,0.51589733,-0.69217706,0.47091717,-0.5779999,0.38489488,-0.5028091,0.44850013,-0.53077155,0.5756987,-0.5525306,0.51991343,-0.444518,0.43850285,-0.37576658
0.0,0.0,-0.1886259,-0.22224626,-0.46324334,-0.47321817,-0.6202553,-0.7354141,-0.66983724,-1.0,-0.5364537,-0.40226758,-0.85524005,-0.07538053,-0.73964536,-0.03492567,-0.6249918,-0.121069066,-0.46229047,-0.2388209,-0.78235376,0.13677588,-0.66155046,0.14818123,-0.5525906,0.05349159,-0.38066977,-0.04685876,-0.653614,0.2970897,-0.5409684,0.28945392,-0.4396625,0.19636843,-0.30347845,0.14797762,-0.49535033,0.40996277,-0.4106358,0.39134404,-0.32742554,0.31905732
0.0,0.0,-0.2619205,-0.28068683,-0.5114313,-0.45227578,-0.7126476,-0.5984484,-0.8385881,-0.74811864,-0.7892585,-0.055375144,-1.0,0.05207346,-0.8641752,-0.015310844,-0.72154725,-0.06692844,-0.72419363,0.18920264,-0.8943925,0.24883786,-0.7731427,0.17195116,-0.6419571,0.120098196,-0.6289422,0.39564157,-0.76534593,0.42152104,-0.66876316,0.35751927,-0.55346525,0.31015313,-0.5229006,0.5644839,-0.6436855,0.5699567,-0.55710256,0.50722545,-0.4625444,0.46000275
0.0,0.0,-0.009080841,-0.3443859,-0.14782059,-0.61190784,-0.28316557,-0.8190515,-0.35459334,-1.0,-0.4298773,-0.5285927,-0.61159354,-0.53557837,-0.56837696,-0.51357436,-0.4829124,-0.49118415,-0.47489956,-0.3422112,-0.5874933,-0.37226343,-0.515091,-0.35384765,-0.43239588,-0.33100453,-0.4842716,-0.15162367,-0.5539539,-0.21691515,-0.49138185,-0.20480269,-0.41684353,-0.17796901,-0.47026378,0.01848993,-0.50549495,-0.04984497,-0.4429036,-0.04786634,-0.38541114,-0.03511029
0.0,0.0,-0.06593631,-0.38454452,-0.20043528,-0.6649803,-0.3555559,-0.8531766,-0.45236576,-1.0,-0.56592304,-0.4138958,-0.7537486,-0.54167414,-0.64102787,-0.5975209,-0.53732634,-0.5785856,-0.601403,-0.18431307,-0.77582574,-0.3432256,-0.6923279,-0.41501772,-0.5925068,-0.39881092,-0.5843344,0.014375298,-0.73564076,-0.14467357,-0.6684819,-0.2136297,-0.5757731,-0.20034754,-0.54180014,0.1744325,-0.66754115,0.022573974,-0.6136448,-0.03643296,-0.5340503,-0.02597601
0.0,0.0,-0.16377637,-0.21836138,-0.28166407,-0.5176299,-0.32420182,-0.78289527,-0.3132184,-1.0,-0.30936328,-0.7715482,-0.63502246,-0.5134472,-0.57116175,-0.35548165,-0.47391456,-0.35155746,-0.2710096,-0.67248523,-0.6051901,-0.33390373,-0.508789,-0.21125247,-0.41774148,-0.21364051,-0.25390846,-0.50808406,-0.54455775,-0.19067614,-0.44800428,-0.06949302,-0.35869327,-0.061922576,-0.24673219,-0.31045464,-0.46276957,-0.041607328,-0.3958964,0.04835105,-0.32779735,0.035300624
0.0,0.0,-0.14276545,-0.30057114,-0.2583654,-0.6016642,-0.3792883,-0.8588016,-0.53310287,-1.0,0.05313895,-0.96066266,0.25140405,-0.9822365,0.2425954,-0.817574,0.17536628,-0.7226649,0.20819587,-0.88420784,0.38351816,-0.8744602,0.35326156,-0.72911483,0.2698494,-0.6363747,0.34429216,-0.748691,0.48367804,-0.73878974,0.44643718,-0.6203422,0.35799667,-0.53783923,0.4580496,-0.591823,0.5617071,-0.6053245,0.51509464,-0.497276,0.43250635,-0.42222717
0.0,0.0,-0.010158067,-0.3002359,-0.1268384,-0.58301187,-0.2324218,-0.81846464,-0.29183996,-1.0,-0.3934233,-0.49547574,-0.5224721,-0.5340825,-0.5182395,-0.5012104,-0.5103624,-0.47829875,-0.4264923,-0.32020727,-0.539598,-0.34730777,-0.5289701,-0.31578785,-0.51219505,-0.29062217,-0.43295273,-0.14751811,-0.5237577,-0.18808518,-0.50750077,-0.16263458,-0.48044598,-0.13395476,-0.41672334,0.011819379,-0.5103879,-0.016410839,-0.499543,-0.009289775,-0.47653666,0.002477856
0.0,0.0,0.28080937,-0.2839254,0.5471475,-0.4926633,0.73130107,-0.74929065,0.81147826,-1.0,0.7914429,-0.13424455,0.9635995,0.089923605,0.8447064,0.09814691,0.74768347,0.025469633,0.73107743,0.1015313,0.8627937,0.27196747,0.7558035,0.26161283,0.659212,0.19904052,0.63647515,0.3121106,0.7523895,0.43078023,0.6656928,0.41802475,0.5716398,0.3502448,0.5396206,0.4855123,0.6552118,0.56770366,0.58384234,0.53744584,0.5006521,0.48416966
0.0,0.0,-0.17384632,-0.27741557,-0.26857907,-0.5719665,-0.32262048,-0.80851233,-0.3742609,-1.0,-0.24728894,-0.8947226,-0.5995897,-0.76205313,-0.62436175,-0.5259579,-0.5698088,-0.37157664,-0.2373924,-0.8282593,-0.5973681,-0.600742,-0.59480125,-0.36926743,-0.5459327,-0.21773073,-0.2478942,-0.68583864,-0.56215525,-0.44946012,-0.5486715,-0.24345286,-0.50035274,-0.10698507,-0.26492658,-0.50669086,-0.49364135,-0.30464178,-0.5140839,-0.15160707,-0.51816833,-0.061063103
0.0,0.0,0.016686605,-0.28204516,-0.021019308,-0.5750844,-0.011098606,-0.82179296,0.044887614,-1.0,-0.19277878,-0.57974774,-0.42349088,-0.6564369,-0.3702247,-0.5952938,-0.28658882,-0.55357796,-0.260395,-0.41647696,-0.4597704,-0.52343184,-0.39480078,-0.4642271,-0.30541024,-0.41531998,-0.31598452,-0.2543018,-0.46491262,-0.37928072,-0.41371444,-0.32744968,-0.3398329,-0.2786282,-0.36165103,-0.10665977,-0.4635223,-0.25506225,-0.41022846,-0.21322338,-0.35068384,-0.16126654
0.0,0.0,0.10019561,-0.3448823,0.25062686,-0.60456717,0.36047554,-0.8170602,0.41317606,-1.0,0.45199257,-0.5379648,0.5924852,-0.58650327,0.5320341,-0.58871955,0.434021,-0.56404036,0.49405175,-0.35737386,0.61887836,-0.4157025,0.5560922,-0.417246,0.46139386,-0.37751245,0.50959486,-0.18184435,0.6142149,-0.24885607,0.559334,-0.25369886,0.47189143,-0.22422248,0.50356346,-0.027523506,0.5844925,-0.114518,0.54036987,-0.11935088,0.47523266,-0.08549659
0.0,0.0,-0.13200678,-0.32266283,-0.23357439,-0.60141987,-0.279144,-0.81623113,-0.29189205,-1.0,-0.2753919,-0.7224778,-0.50838864,-0.7468306,-0.43614203,-0.7046422,-0.3371095,-0.6758183,-0.25192818,-0.6090905,-0.48435828,-0.6200261,-0.40111795,-0.60604364,-0.30372408,-0.5838344,-0.22934529,-0.474845,-0.4327142,-0.50908107,-0.36283433,-0.49205223,-0.27865234,-0.46240792,-0.20198727,-0.3291137,-0.35657325,-0.39158273,-0.31052256,-0.3814735,-0.24514115,-0.35809806
0.0,0.0,0.13132103,-0.29807314,0.26240745,-0.5442648,0.3383438,-0.7960208,0.3243509,-1.0,0.51594985,-0.3394083,0.69761056,-0.3303065,0.6143937,-0.30679166,0.53029746,-0.30318755,0.52589864,-0.14642903,0.67210805,-0.15278102,0.5985989,-0.15046977,0.5197385,-0.14730182,0.50740206,0.030385386,0.62501246,0.0016328967,0.5683493,0.0017051641,0.49357578,0.0064081303,0.48593932,0.18151028,0.5927691,0.14097865,0.53795564,0.13070486,0.47146866,0.13855748
0.0,0.0,0.07397019,-0.30870673,0.16781111,-0.5584799,0.1996506,-0.80279475,0.1749241,-1.0,0.5082355,-0.37189034,0.4803261,-0.40721875,0.39621407,-0.37611842,0.33526108,-0.34748992,0.53857946,-0.17266925,0.49910888,-0.21100332,0.41755304,-0.20183511,0.34535247,-0.1660679,0.50538945,0.0050803227,0.47698838,-0.02882784,0.4064599,-0.029127218,0.33762926,-0.010420194,0.45551956,0.14199726,0.44201913,0.1364936,0.37818345,0.12045657,0.32319853,0.12852922
0.0,0.0,-0.040997278,-0.24744272,-0.048170142,-0.57653105,-0.06658786,-0.8214595,-0.13500962,-1.0,0.006282826,-0.51924217,0.27643782,-0.746566,0.28559396,-0.68610656,0.22386825,-0.6191352,0.08410831,-0.3702212,0.37080678,-0.5985303,0.36671084,-0.5581449,0.29387882,-0.500552,0.17278571,-0.22804277,0.41761702,-0.4451856,0.41690308,-0.42062667,0.35896245,-0.37893602,0.2644758,-0.10526387,0.43609276,-0.29897773,0.45005515,-0.2983834,0.42320746,-0.28602722
0.0,0.0,-0.0491586,-0.3483897,-0.19315818,-0.6158622,-0.33782047,-0.8133215,-0.4006314,-1.0,-0.5640264,-0.41207165,-0.6900598,-0.3536185,-0.5957242,-0.31875554,-0.49186477,-0.30839053,-0.59078956,-0.19449107,-0.64366806,-0.15271242,-0.5427477,-0.14394478,-0.44697544,-0.14402205,-0.5681769,0.006141336,-0.5901714,0.0073142587,-0.5094848,0.005830236,-0.42352515,0.004147095,-0.52527094,0.18213591,-0.5383623,0.15616925,-0.46220917,0.15026174,-0.39270616,0.14539476
0.0,0.0,-0.07386926,-0.28419772,-0.21440175,-0.5548271,-0.28013113,-0.797596,-0.26200905,-1.0,-0.3767924,-0.48680028,-0.63969743,-0.39166456,-0.55569226,-0.34619656,-0.45242333,-0.35928962,-0.39240676,-0.29392943,-0.62991863,-0.22325148,-0.5412536,-0.19040164,-0.44259453,-0.20226689,-0.3999565,-0.10030048,-0.587072,-0.07235862,-0.5072763,-0.04770496,-0.4162382,-0.053766266,-0.40281174,0.081603765,-0.553701,0.06696943,-0.4743962,0.082058355,-0.39082125,0.086924404
0.0,0.0,-0.055202864,-0.28480208,-0.1399534,-0.5597666,-0.16316636,-0.80035627,-0.1250915,-1.0,-0.32900476,-0.5940632,-0.559927,-0.46386442,-0.4901975,-0.3788187,-0.40530816,-0.38968977,-0.36287272,-0.4357095,-0.5494714,-0.28528166,-0.47134033,-0.23650984,-0.38825577,-0.2641059,-0.38609868,-0.2528127,-0.5228153,-0.13961263,-0.45405084,-0.1023801,-0.37597728,-0.122656226,-0.40394595,-0.07367731,-0.5015359,-0.007285475,-0.42544767,0.025246827,-0.35282713,0.01830433
0.0,0.0,0.080804884,-0.3260136,0.20676418,-0.5646514,0.30488914,-0.79617095,0.33098048,-1.0,0.48312908,-0.4092746,0.62244093,-0.42463902,0.52628785,-0.40884417,0.44469604,-0.39468336,0.51258975,-0.2142752,0.6126073,-0.27234575,0.52948934,-0.27567324,0.45685428,-0.2519025,0.49582085,-0.041094627,0.5746363,-0.11292041,0.5135031,-0.117028706,0.43884152,-0.09647671,0.4677128,0.1039791,0.53350556,0.027475253,0.47950742,0.016890474,0.418287,0.036981914
0.0,0.0,0.06883757,-0.31835765,0.18439986,-0.57152295,0.28431123,-0.8019074,0.30522513,-1.0,0.44730103,-0.44767582,0.62571734,-0.44244754,0.5381373,-0.40330753,0.45109427,-0.39782473,0.47438708,-0.25735098,0.62134266,-0.27730417,0.5440968,-0.25734538,0.46577287,-0.24238251,0.4689664,-0.07270692,0.5905797,-0.11371966,0.5287392,-0.1028361,0.45475253,-0.084536925,0.45196232,0.09727822,0.5656905,0.030144004,0.50444615,0.02999918,0.43841606,0.05241947
0.0,0.0,0.122267,-0.2687144,0.27751502,-0.50751865,0.34554255,-0.76782686,0.33413333,-1.0,0.5056457,-0.3018458,0.78354216,-0.25696623,0.70192856,-0.24236356,0.6077637,-0.25337246,0.49281055,-0.08272366,0.7464349,-0.06698051,0.6562147,-0.08262503,0.5594619,-0.090206265,0.46029976,0.11682751,0.6852818,0.103139,0.6072899,0.0854296,0.5147595,0.08352395,0.42446196,0.29305723,0.6111975,0.2507409,0.5462923,0.22192815,0.46514663,0.22910486
0.0,0.0,0.07685467,-0.28321934,0.17919274,-0.57493234,0.20333913,-0.8070528,0.17638737,-1.0,0.37443337,-0.5387841,0.62248296,-0.43987042,0.5471408,-0.3819223,0.4505159,-0.39627755,0.39326796,-0.3700466,0.62396115,-0.27526584,0.5437377,-0.23492153,0.4469289,-0.250741,0.4001915,-0.18395832,0.59011084,-0.118728876,0.51483417,-0.08484515,0.4264743,-0.09424495,0.39535666,-0.0040191053,0.54653823,0.01557686,0.47537145,0.03651181,0.40094426,0.034085415
0.0,0.0,0.09015278,-0.2744391,0.33432272,-0.5553334,0.5081427,-0.76496565,0.56043106,-1.0,0.5339742,-0.46152556,0.9141065,-0.18035471,0.8390842,-0.17968562,0.6985842,-0.2659888,0.48730642,-0.19721735,0.88353944,0.043518316,0.8056347,0.009944913,0.6727653,-0.06368115,0.4341369,0.06813145,0.80433595,0.26223588,0.73069614,0.2266518,0.6028308,0.17735098,0.3857974,0.31419742,0.6784561,0.42019615,0.63175535,0.39549762,0.5303054,0.3564076
0.0,0.0,0.06267156,-0.2894599,0.14927754,-0.5744557,0.17425294,-0.8202549,0.12207782,-1.0,0.43608227,-0.55113083,0.63288707,-0.454994,0.56518364,-0.37236765,0.47379902,-0.3644889,0.47234306,-0.39715302,0.6450752,-0.30175087,0.5771802,-0.23215154,0.4879849,-0.22814281,0.48869154,-0.22038145,0.64868194,-0.15849742,0.58473444,-0.105172314,0.4977513,-0.10820136,0.48934665,-0.04211384,0.6305849,-0.031521592,0.56601244,0.0023164235,0.48697338,0.003037357
0.0,0.0,0.16071041,-0.2616098,0.24554414,-0.53739995,0.31802318,-0.816071,0.40989238,-1.0,0.037660424,-0.7538951,-0.13007197,-0.943494,-0.13203602,-0.86466104,-0.09590276,-0.77553874,-0.11166168,-0.66917485,-0.21541475,-0.81798875,-0.18482703,-0.7265271,-0.13550648,-0.6360004,-0.23310773,-0.55199105,-0.2708446,-0.6854934,-0.24969102,-0.61134785,-0.21211891,-0.52649504,-0.32949385,-0.4375938,-0.32954392,-0.5576455,-0.2968584,-0.4853124,-0.26116037,-0.41877002
0.0,0.0,0.08477934,-0.31002834,0.17433421,-0.54863155,0.22463979,-0.7982431,0.20774971,-1.0,0.48152843,-0.3881146,0.5714234,-0.43048662,0.48523107,-0.39691496,0.41340345,-0.36150625,0.5202694,-0.20561546,0.5687665,-0.25476944,0.49005142,-0.24716692,0.4226441,-0.21192086,0.49964595,-0.03089695,0.52064556,-0.092618935,0.45625806,-0.09315905,0.3847533,-0.07074117,0.4673454,0.114920974,0.48934928,0.06776995,0.4263038,0.057646558,0.36562407,0.067954175
0.0,0.0,0.07352408,-0.2715942,0.18641149,-0.5641465,0.2281572,-0.8018142,0.2126713,-1.0,0.3242812,-0.4482624,0.56765527,-0.38822865,0.49595103,-0.35326055,0.40404007,-0.36380982,0.32065162,-0.26623455,0.5632529,-0.22610858,0.48598146,-0.21266975,0.3907136,-0.22605975,0.3099227,-0.089948796,0.52216727,-0.07691477,0.45177865,-0.06920991,0.36388335,-0.07411222,0.29513353,0.06940176,0.46212974,0.04414208,0.40100676,0.038771056,0.32706115,0.035378803
0.0,0.0,-0.052275717,-0.32200158,-0.20009795,-0.58399606,-0.3432679,-0.7927453,-0.40140462,-1.0,-0.52310514,-0.34020722,-0.71532196,-0.31546262,-0.64449483,-0.28850996,-0.54319227,-0.27511066,-0.5389945,-0.13439092,-0.6929685,-0.09343963,-0.61507,-0.08929284,-0.52240574,-0.10116724,-0.5150008,0.05303153,-0.6324995,0.073735654,-0.5722103,0.071223065,-0.49402633,0.056430917,-0.4711299,0.20874138,-0.56337273,0.20952512,-0.50545704,0.19830158,-0.43389553,0.17634183
0.0,0.0,-0.09596854,-0.33233374,-0.25621095,-0.5991432,-0.40687647,-0.8151315,-0.5038006,-1.0,-0.4634039,-0.4531327,-0.67866343,-0.43729183,-0.8042605,-0.37252137,-0.8737854,-0.30238488,-0.501162,-0.2317036,-0.7273976,-0.22923878,-0.8397863,-0.19052961,-0.9077446,-0.1495355,-0.51415336,0.00060003996,-0.7234153,-0.03988338,-0.82686096,-0.047657095,-0.88310224,-0.043679476,-0.49876535,0.22431478,-0.63936776,0.17922597,-0.7155372,0.14483348,-0.7641756,0.12358355
0.0,0.0,0.041357636,-0.26610264,0.011048517,-0.57828885,-0.0011258152,-0.8133681,0.044443145,-1.0,-0.16237672,-0.66284627,-0.3190846,-0.6590698,-0.2841334,-0.57143027,-0.2067447,-0.5254774,-0.25589734,-0.5348948,-0.39492354,-0.5658723,-0.34936112,-0.4805535,-0.26924998,-0.42629606,-0.33071357,-0.37057397,-0.42971823,-0.4165007,-0.3814324,-0.34629795,-0.30671462,-0.30367103,-0.38553038,-0.19922519,-0.43701723,-0.24800202,-0.37971154,-0.19078608,-0.32115766,-0.15216021
0.0,0.0,-0.082571305,-0.28499135,-0.18829298,-0.5561431,-0.23111726,-0.7933682,-0.21905352,-1.0,-0.34053138,-0.47030646,-0.5602605,-0.34809384,-0.4890291,-0.30561683,-0.3970804,-0.33447796,-0.33994865,-0.29235268,-0.53837335,-0.17889091,-0.46091154,-0.14846858,-0.36962155,-0.17483212,-0.32905734,-0.11512013,-0.4891006,-0.027040495,-0.4220797,-0.0058936486,-0.34101275,-0.030182695,-0.3146672,0.04758929,-0.4527187,0.101173855,-0.38573572,0.11741753,-0.30976737,0.10477024
0.0,0.0,0.3370229,-0.20655552,0.66025287,-0.3210808,0.876831,-0.49356154,0.98421264,-0.6928968,0.91756916,0.14168772,1.0,0.4299254,0.92073345,0.4905808,0.8524431,0.4440438,0.82214344,0.38795233,0.84878665,0.64617187,0.7392992,0.60882246,0.65722704,0.4861064,0.67557967,0.59931076,0.68879634,0.7788832,0.595468,0.72927004,0.5221287,0.600279,0.52003634,0.76855737,0.53980654,0.8845795,0.46077824,0.822942,0.399276,0.7090604
0.0,0.0,-0.25245625,-0.30499893,-0.5174504,-0.47584182,-0.73542976,-0.6195866,-0.8550402,-0.809295,-0.7075615,-0.0782891,-1.0,0.05598456,-0.88060457,-0.018504355,-0.7494586,-0.07407925,-0.6376011,0.1774153,-0.9027357,0.25214836,-0.79701334,0.17240198,-0.67631406,0.12308176,-0.54381794,0.3818694,-0.777241,0.41994637,-0.69410247,0.35034204,-0.58355576,0.30361077,-0.44655713,0.5373613,-0.655522,0.5462506,-0.5883186,0.47823957,-0.49389753,0.43963626
0.0,0.0,0.06378597,-0.29441535,0.1722889,-0.58094937,0.22188294,-0.812946,0.20944895,-1.0,0.3831754,-0.48809624,0.6095198,-0.5271379,0.53142023,-0.46403727,0.44333062,-0.4441464,0.4157659,-0.31656566,0.6121935,-0.3435383,0.5413305,-0.30246836,0.45780572,-0.28825817,0.4288832,-0.14328998,0.5852939,-0.16284631,0.5271981,-0.13201308,0.44904104,-0.11839497,0.42794576,0.019470483,0.54762757,-0.010449637,0.48912558,0.0017329324,0.42170545,0.016575728
0.0,0.0,-0.09672449,-0.32106933,-0.21178433,-0.57217705,-0.30355743,-0.792737,-0.33490288,-1.0,-0.392821,-0.41587025,-0.5241024,-0.4431694,-0.51010895,-0.4440405,-0.4890274,-0.44674528,-0.4343049,-0.22775503,-0.55864763,-0.2892961,-0.56154615,-0.31267568,-0.54821944,-0.31607798,-0.44493163,-0.050347734,-0.55888826,-0.13530417,-0.55881435,-0.16555224,-0.54143816,-0.17561404,-0.43801275,0.1005993,-0.54543036,0.008583069,-0.5440749,-0.030393774,-0.525608,-0.04401836
0.0,0.0,0.08040952,-0.27392057,0.14642991,-0.579377,0.12331669,-0.81767845,0.06324061,-1.0,0.15772393,-0.6440683,0.42020535,-0.60569376,0.4039411,-0.50190413,0.34592655,-0.4747946,0.1391884,-0.5079619,0.4170353,-0.44313785,0.372474,-0.3584233,0.29792315,-0.3466732,0.13343486,-0.3420543,0.39079463,-0.298215,0.34034035,-0.23748736,0.2703745,-0.23294237,0.13739918,-0.1790843,0.3434429,-0.15104364,0.29873985,-0.11110119,0.22870664,-0.10576841
0.0,0.0,-0.08508344,-0.26921678,-0.20846428,-0.5438979,-0.24808306,-0.7821399,-0.2191293,-1.0,-0.33876988,-0.5210903,-0.5677172,-0.35504594,-0.49000475,-0.31303474,-0.41495964,-0.3685782,-0.33146018,-0.3815015,-0.5506916,-0.20138909,-0.47185847,-0.17989975,-0.39794144,-0.23382111,-0.31506217,-0.22070152,-0.5048353,-0.06877293,-0.43663827,-0.053958308,-0.36694252,-0.11008074,-0.2942706,-0.06304387,-0.44931048,0.052405518,-0.38002583,0.049665526,-0.30815294,0.0017880446
0.0,0.0,0.06589806,-0.28682113,0.17607467,-0.5754586,0.21535361,-0.8038037,0.18858384,-1.0,0.37836838,-0.5770878,0.6541217,-0.47787046,0.5649269,-0.41572747,0.45979965,-0.4299265,0.39408243,-0.4045418,0.6512877,-0.29750323,0.55653375,-0.26429734,0.45764518,-0.28876376,0.3992167,-0.20945986,0.6103037,-0.12553364,0.5224645,-0.097105585,0.43318832,-0.11257215,0.39476454,-0.014913476,0.5575115,0.021674471,0.48058328,0.0402674,0.40695876,0.03238776
0.0,0.0,-0.052660346,-0.32657996,-0.1357062,-0.5806318,-0.21553998,-0.8055705,-0.23074912,-1.0,-0.43399572,-0.49615127,-0.5766397,-0.49146223,-0.4989034,-0.44499466,-0.41068825,-0.4236701,-0.48110896,-0.311663,-0.56543964,-0.3302354,-0.4905256,-0.30528912,-0.41072506,-0.2849697,-0.4891252,-0.13069203,-0.5320762,-0.17792524,-0.47260264,-0.16051625,-0.39976788,-0.13702816,-0.48013246,0.027410522,-0.50567645,-0.03425099,-0.4482019,-0.024211247,-0.38980147,-0.00960447
0.0,0.0,-0.05636812,-0.2962315,-0.17590934,-0.5681878,-0.25837734,-0.79676604,-0.28541818,-1.0,-0.49890906,-0.43574408,-0.6591479,-0.40346894,-0.6164559,-0.3707703,-0.54701614,-0.3686067,-0.53731954,-0.23963806,-0.664805,-0.23630145,-0.5938638,-0.21983866,-0.5099944,-0.2084356,-0.5320386,-0.051081434,-0.6625167,-0.088323936,-0.59241474,-0.082341954,-0.5126699,-0.07172168,-0.50339895,0.10721894,-0.6049286,0.05642334,-0.5393411,0.054797057,-0.47792408,0.061724033
0.0,0.0,-0.25583184,-0.30919603,-0.5764466,-0.47665575,-0.83518285,-0.59351933,-1.0,-0.77468365,-0.8293706,0.07238946,-0.88106686,0.230946,-0.75426,0.17297077,-0.645849,0.08397015,-0.7491181,0.31773534,-0.7578968,0.3850931,-0.64723796,0.3180967,-0.54594827,0.23311546,-0.62501186,0.51461583,-0.63831043,0.534895,-0.54271996,0.47361875,-0.45011783,0.3883298,-0.503903,0.6797338,-0.532904,0.7091003,-0.44753894,0.6326184,-0.37413746,0.5493685
0.0,0.0,0.30690268,-0.10087588,0.6258157,-0.1399752,0.85949934,-0.26136857,1.0,-0.43084937,0.7696026,0.3459128,0.8233769,0.6266167,0.76845527,0.7366698,0.7122281,0.75081426,0.6584881,0.5415225,0.66530037,0.8086738,0.5875235,0.787225,0.5230411,0.6747245,0.50958645,0.68649125,0.51137686,0.8885801,0.44111454,0.842751,0.38768318,0.7134928,0.35155672,0.7950659,0.3593438,0.9451613,0.30417642,0.8815007,0.26600042,0.7554828
0.0,0.0,0.14846209,-0.29519367,0.3350713,-0.5314562,0.42924675,-0.77388185,0.43860584,-1.0,0.46808866,-0.29346126,0.7378359,-0.23166825,0.64897925,-0.2700255,0.5512198,-0.29775962,0.43987256,-0.07144026,0.69473666,-0.057691414,0.6212552,-0.12365896,0.52703446,-0.13899525,0.3976618,0.1121714,0.62590027,0.09641066,0.56513083,0.040393785,0.47691008,0.03065403,0.35804757,0.25674027,0.5411322,0.2276749,0.4935066,0.1747703,0.41674134,0.16956411
0.0,0.0,-0.08570635,-0.30779386,-0.20104079,-0.57111377,-0.2508572,-0.8031927,-0.24041565,-1.0,-0.4732791,-0.54321855,-0.6388646,-0.4604959,-0.5687571,-0.39721826,-0.4708001,-0.3965571,-0.5180317,-0.34177974,-0.6334009,-0.27521077,-0.5572888,-0.22702073,-0.46371534,-0.22433482,-0.5258904,-0.13050413,-0.6022185,-0.092964076,-0.5347666,-0.05496664,-0.4477816,-0.048425157,-0.511309,0.06386657,-0.56223047,0.0852958,-0.48688817,0.109122396,-0.41309792,0.11341028
0.0,0.0,0.08113001,-0.28739226,0.22944187,-0.56180334,0.32990646,-0.7930689,0.3544464,-1.0,0.45375484,-0.37946007,0.7299444,-0.36410555,0.658133,-0.32869938,0.5407403,-0.32428318,0.4794224,-0.1985504,0.73235446,-0.15123782,0.66873616,-0.13115296,0.5690842,-0.14125066,0.47606874,-0.030021392,0.68746585,0.011443618,0.6354219,0.016760342,0.54909325,0.0015713332,0.4571812,0.11501059,0.6399826,0.13827841,0.5952336,0.13339508,0.5182149,0.11874291
0.0,0.0,-0.078563444,-0.28785712,-0.21609454,-0.5529873,-0.28089842,-0.7932608,-0.26120988,-1.0,-0.37330097,-0.48424068,-0.63074684,-0.38588455,-0.553029,-0.33607492,-0.45496812,-0.3506293,-0.3854421,-0.29036725,-0.61858,-0.21578771,-0.53709906,-0.17485712,-0.44130045,-0.19099897,-0.39058697,-0.09663938,-0.57807213,-0.070817694,-0.5091052,-0.038610116,-0.41943264,-0.04750362,-0.39371258,0.08510321,-0.5490057,0.07237046,-0.48017725,0.09052143,-0.39611948,0.09459609
0.0,0.0,-0.06242278,-0.30366188,-0.14485411,-0.567797,-0.16371167,-0.7897908,-0.13186492,-1.0,-0.4473461,-0.4678216,-0.23346503,-0.61548865,-0.09363747,-0.6652427,-0.018179337,-0.7039298,-0.4350686,-0.27204752,-0.16141678,-0.4542458,-0.038124483,-0.5473335,0.016334137,-0.6121037,-0.3641711,-0.0832592,-0.11022296,-0.2511848,0.008189134,-0.37773064,0.077052996,-0.46339932,-0.26597908,0.07971984,-0.10489154,-0.03839245,-0.0162583,-0.11916729,0.03870404,-0.17269608
0.0,0.0,0.086225964,-0.2930075,0.1850088,-0.5730951,0.22479887,-0.8082872,0.2111449,-1.0,0.42272946,-0.49769416,0.64062595,-0.4100246,0.5691339,-0.346342,0.47325853,-0.36172032,0.4444114,-0.33177915,0.6176245,-0.24759106,0.5439396,-0.19920416,0.4511323,-0.21731059,0.4472083,-0.15027076,0.58441454,-0.09562446,0.52065873,-0.05702793,0.43447867,-0.06947778,0.43461096,0.021168713,0.55495304,0.044470206,0.4952871,0.06810144,0.42161527,0.062703274
0.0,0.0,0.12839584,-0.25799847,0.28602332,-0.49375367,0.35287997,-0.75957,0.3343237,-1.0,0.49345246,-0.2941691,0.7810856,-0.2446261,0.6975388,-0.23916149,0.5997054,-0.25332746,0.47716305,-0.07549961,0.7402286,-0.051419422,0.65241075,-0.07375364,0.5513527,-0.085724466,0.44137424,0.12220172,0.6743632,0.12101713,0.5989771,0.09890665,0.5063271,0.09259189,0.40413502,0.29657972,0.5939433,0.26779476,0.531992,0.23503445,0.45243946,0.2372976
0.0,0.0,0.314794,-0.19819173,0.65006995,-0.31841293,0.8754786,-0.513126,1.0,-0.7247702,0.89114505,0.14737387,0.9806095,0.49686486,0.88226837,0.51947665,0.8017349,0.4264081,0.78939474,0.36323693,0.8500838,0.6765789,0.74962634,0.6606716,0.66043884,0.54912114,0.6398295,0.5421784,0.69570327,0.8155336,0.60949516,0.79282475,0.52893215,0.6748126,0.47926235,0.685123,0.5315891,0.8791557,0.46346086,0.84368384,0.40105388,0.7493093
0.0,0.0,-0.11708514,0.08441828,-0.17099683,0.24953334,-0.17820525,0.43873316,-0.18795557,0.6129465,0.07526067,0.27249438,0.091403976,0.60831237,0.06975075,0.804986,0.049781643,0.9516026,0.18062079,0.30648848,0.1803422,0.66052395,0.12649384,0.8649403,0.076054975,1.0,0.229867,0.33854073,0.24311627,0.657776,0.19784617,0.84011596,0.14969246,0.9678458,0.24397546,0.36568645,0.27541065,0.6118393,0.25368118,0.7604767,0.21859683,0.8603493
0.0,0.0,-0.050920002,-0.3254139,-0.14780816,-0.5683754,-0.22285672,-0.80383044,-0.2311757,-1.0,-0.42463842,-0.46774083,-0.6486806,-0.40930945,-0.57080173,-0.38002023,-0.46759537,-0.38440314,-0.459281,-0.26622558,-0.619878,-0.24806763,-0.5401281,-0.23563078,-0.45017266,-0.23954327,-0.45411453,-0.07704099,-0.5359584,-0.103950866,-0.47361523,-0.10047664,-0.4000249,-0.101837695,-0.42871973,0.08386803,-0.4677385,0.027844919,-0.39961645,0.031161183,-0.33680677,0.03149075
0.0,0.0,0.251572,-0.28508842,0.50325525,-0.5122661,0.657179,-0.7621699,0.72160804,-1.0,0.8331338,-0.20515494,0.9788876,0.09438634,0.87359095,0.1494849,0.7663211,0.09113302,0.7995876,0.021753171,0.8820208,0.29796803,0.76351774,0.30790564,0.6607214,0.22055478,0.7177556,0.2503682,0.7709015,0.4590673,0.6636606,0.45212814,0.56877404,0.36162302,0.61725503,0.45246798,0.65806484,0.59444666,0.56056553,0.56753236,0.4836619,0.487489
0.0,0.0,0.103024945,-0.3398331,0.28317708,-0.56236726,0.47816747,-0.6265837,0.6202413,-0.61320627,0.4495448,-0.56700903,0.74554473,-0.60624397,0.90000564,-0.5765093,1.0,-0.53907317,0.49645624,-0.37387118,0.77724415,-0.37247422,0.7795645,-0.30763415,0.728684,-0.26422796,0.51884073,-0.15744832,0.76539403,-0.15235385,0.72030735,-0.117927685,0.640332,-0.10716553,0.5213101,0.06561154,0.7335278,0.025758006,0.6973692,0.025811736,0.6266325,0.030381247
0.0,0.0,0.0051626987,-0.23147725,0.0603951,-0.5021305,0.08228908,-0.76456404,0.09594916,-1.0,0.25708216,-0.34807476,0.4118377,-0.4147044,0.3579375,-0.3926455,0.2706287,-0.35946158,0.25925422,-0.14866397,0.39173502,-0.19615449,0.35653064,-0.18477945,0.2864733,-0.17402628,0.22895847,0.029336559,0.32768297,-0.018535875,0.30580655,-0.0049276985,0.2519376,0.0060924464,0.1846454,0.17546454,0.26109073,0.13821147,0.25274888,0.14860561,0.2179059,0.15985875
0.0,0.0,0.120402016,-0.30683726,0.2505907,-0.5609434,0.30208656,-0.80118024,0.28146645,-1.0,0.57137084,-0.36066064,0.7052147,-0.32322043,0.6345883,-0.277764,0.55186117,-0.2818143,0.5929988,-0.1702584,0.6898437,-0.12037982,0.61869633,-0.08815201,0.5400017,-0.09671253,0.5729848,0.015616893,0.6424866,0.051114198,0.5796996,0.07264573,0.501634,0.055328235,0.5295645,0.17888586,0.5882619,0.19770458,0.52832884,0.19941173,0.46037453,0.18186866
0.0,0.0,-0.08557299,-0.27252883,-0.14330629,-0.5709274,-0.12762678,-0.79204285,-0.059683803,-1.0,-0.21526366,-0.58864886,-0.2757526,-0.54101425,-0.20107658,-0.5066886,-0.14677426,-0.5461357,-0.18542984,-0.4235678,-0.23254482,-0.35860285,-0.18736506,-0.3531877,-0.14674968,-0.38882416,-0.15207024,-0.2346002,-0.2004121,-0.15682466,-0.15006526,-0.17023961,-0.089626156,-0.21681148,-0.12891078,-0.05796056,-0.19460888,0.007291446,-0.15168816,-0.009006494,-0.08730952,-0.06218649
0.0,0.0,0.26449373,-0.22930904,0.5768932,-0.37911496,0.8060687,-0.54063547,0.9231176,-0.75338703,0.6906926,-0.06284103,1.0,0.11464454,0.89323366,0.1039774,0.76676124,0.036018718,0.61819947,0.1759643,0.9071272,0.3536693,0.80607885,0.31301466,0.6846094,0.23006976,0.5119606,0.38687754,0.76870555,0.5184663,0.6784653,0.4745171,0.56461805,0.39969406,0.39112476,0.57057226,0.5710566,0.6244806,0.5105016,0.56587,0.4251032,0.508859
0.0,0.0,0.27038643,-0.1332972,0.45063153,-0.36572433,0.56435466,-0.6058209,0.6785998,-0.7676999,0.20083152,-0.71132296,0.20951068,-1.0,0.23764946,-0.9094431,0.23675345,-0.7875819,0.04663168,-0.70911425,0.08495156,-0.9145246,0.12388547,-0.8268574,0.12413984,-0.7163187,-0.08002684,-0.65520096,-0.0361384,-0.8170781,-0.0012854772,-0.7498039,2.2823479e-05,-0.6544056,-0.17476195,-0.5928354,-0.16110982,-0.7592854,-0.14963183,-0.7477369,-0.1571297,-0.698563
0.0,0.0,-0.029497173,-0.312918,-0.12819017,-0.5980709,-0.236037,-0.8031597,-0.25656772,-1.0,-0.4218946,-0.47986382,-0.5937958,-0.514424,-0.5514214,-0.52982175,-0.4870933,-0.5258976,-0.45446962,-0.31349596,-0.55498534,-0.35558072,-0.4638072,-0.35909784,-0.37072173,-0.32480046,-0.44194105,-0.15370604,-0.50676924,-0.18971176,-0.43131614,-0.20239608,-0.3483196,-0.18064189,-0.41785005,-0.0060559125,-0.4782017,-0.031166594,-0.41225588,-0.044221424,-0.34090212,-0.030111037
0.0,0.0,0.06045193,-0.30412784,0.137525,-0.5766703,0.15977167,-0.81768,0.118906826,-1.0,0.37032935,-0.5095205,0.5768302,-0.5057125,0.51292926,-0.44929647,0.43736795,-0.43973053,0.41356432,-0.33425227,0.5888567,-0.35097772,0.5235676,-0.3102045,0.4469202,-0.29250452,0.4361958,-0.1561517,0.5823879,-0.19935183,0.52721554,-0.16916265,0.45078677,-0.14897516,0.44863427,0.0064773033,0.5787349,-0.05999416,0.52619386,-0.045204967,0.45945048,-0.022790674
0.0,0.0,-0.089510694,-0.275671,-0.10075068,-0.5850829,-0.055795103,-0.8233303,0.026752576,-1.0,-0.06237364,-0.8025228,-0.36671698,-0.7062658,-0.32458293,-0.54221094,-0.24138269,-0.5132714,-0.055927943,-0.70330775,-0.38973844,-0.5478883,-0.33031508,-0.40987378,-0.25643337,-0.38067344,-0.07709138,-0.5557099,-0.37581968,-0.4204846,-0.3237605,-0.28528458,-0.25451434,-0.25085717,-0.11201341,-0.38999307,-0.3421244,-0.26383302,-0.303262,-0.17118597,-0.23943947,-0.16419514
0.0,0.0,0.0966665,-0.26641247,0.242624,-0.5489268,0.29560158,-0.79210776,0.27897027,-1.0,0.3671219,-0.38887337,0.60463184,-0.34436744,0.5445535,-0.30659196,0.45253423,-0.30406797,0.35661373,-0.20356081,0.5907221,-0.16951624,0.52220243,-0.16092053,0.42622688,-0.1681722,0.3379512,-0.024685789,0.5516766,-0.020385338,0.48509356,-0.019416949,0.3934802,-0.020187816,0.31495985,0.13469474,0.49287757,0.11424985,0.4344981,0.10709685,0.3556566,0.10991252
0.0,0.0,-0.1986694,-0.414219,-0.48251343,-0.68169874,-0.75647134,-0.83929855,-0.95540124,-1.0,-0.86272895,-0.2313054,-0.8343234,-0.43820047,-0.6550868,-0.45124283,-0.55384904,-0.367772,-0.82258534,0.06529043,-0.8086658,-0.124091424,-0.6646642,-0.15719417,-0.56599104,-0.09521299,-0.7191224,0.306878,-0.7326247,0.14478688,-0.61205596,0.10322253,-0.51813394,0.13223344,-0.6015095,0.5060599,-0.65017414,0.3811347,-0.5454947,0.3167361,-0.46218672,0.3212479
0.0,0.0,0.09519788,-0.33682007,0.2528878,-0.6192101,0.32796234,-0.8419838,0.2769829,-1.0,0.44098142,-0.84199923,0.7772354,-0.67711276,0.73619854,-0.5532808,0.64299273,-0.5426785,0.4904765,-0.7379957,0.7779405,-0.5575072,0.7132304,-0.46270502,0.6182423,-0.46792054,0.5210738,-0.5771677,0.7489895,-0.43030065,0.6825711,-0.34905568,0.59337515,-0.35811058,0.5345198,-0.39498922,0.6782953,-0.29789123,0.62543255,-0.23108901,0.5535272,-0.22803932
0.0,0.0,-0.138656,-0.3173541,-0.22542787,-0.6283706,-0.29711655,-0.86736006,-0.40771034,-1.0,0.08963653,-0.9190509,0.32852677,-0.9525698,0.3276194,-0.82770115,0.2660025,-0.74714977,0.21889628,-0.81764364,0.447825,-0.8226471,0.4194838,-0.69388163,0.3359068,-0.61109483,0.3364369,-0.66369575,0.53805536,-0.6894447,0.4934453,-0.57137084,0.4059004,-0.4931613,0.44074073,-0.48463035,0.5964954,-0.5427163,0.53818274,-0.4371715,0.4540639,-0.36683455
0.0,0.0,-0.04830028,-0.30373174,-0.14175138,-0.5647119,-0.18696985,-0.8037295,-0.17604962,-1.0,-0.33187047,-0.4715225,-0.58912593,-0.4489247,-0.5067584,-0.41239357,-0.4002116,-0.40256476,-0.36499745,-0.27877358,-0.57796514,-0.2842588,-0.48964843,-0.26414815,-0.3886469,-0.25813395,-0.3765917,-0.095999815,-0.517201,-0.13168181,-0.444475,-0.12179886,-0.36101407,-0.11315263,-0.37500852,0.06630049,-0.46897617,0.0018289926,-0.39189902,0.0060055074,-0.31705734,0.021029608
0.0,0.0,-0.08389562,-0.32576972,-0.2141255,-0.5868191,-0.32508326,-0.80583173,-0.37428698,-1.0,-0.51813895,-0.44098544,-0.6025998,-0.3548011,-0.5247205,-0.31036,-0.447669,-0.29023436,-0.54899347,-0.24478939,-0.58472615,-0.2084076,-0.498882,-0.18976767,-0.41624779,-0.1735655,-0.5326594,-0.05339453,-0.555899,-0.068242766,-0.4824703,-0.0587999,-0.40537685,-0.045805838,-0.4961427,0.11684707,-0.5115448,0.092620306,-0.44438466,0.08686697,-0.3876406,0.0916265
0.0,0.0,-0.036906533,-0.34140077,-0.15714167,-0.5999946,-0.28554195,-0.80153567,-0.33753732,-1.0,-0.4833926,-0.41920394,-0.6731173,-0.43679968,-0.5707024,-0.42043132,-0.45834506,-0.39388007,-0.5128084,-0.21582788,-0.63670605,-0.2412367,-0.53406763,-0.23903371,-0.44611248,-0.22423288,-0.49743372,-0.02952866,-0.5876053,-0.07610285,-0.5079534,-0.074091546,-0.43110403,-0.058269113,-0.4626584,0.13596617,-0.5372649,0.07741674,-0.46783268,0.06686671,-0.40255374,0.07623627
0.0,0.0,-0.19753239,-0.41991717,-0.508806,-0.6255013,-0.8047317,-0.7286238,-1.0,-0.8560183,-0.8650848,-0.08575435,-0.8858935,-0.17802703,-0.7398921,-0.24775459,-0.6286006,-0.24842966,-0.79850256,0.19013405,-0.7383765,0.031692382,-0.6077178,-0.04672622,-0.5142935,-0.051753737,-0.674745,0.39071348,-0.63155454,0.24383178,-0.53391534,0.17976138,-0.4444931,0.17532516,-0.5430113,0.5526563,-0.5290909,0.4448705,-0.44657028,0.36599803,-0.3723586,0.33856562
0.0,0.0,0.040313266,-0.27550572,0.1473001,-0.55717075,0.19184269,-0.8052523,0.14628005,-1.0,0.40780175,-0.28136018,0.5961398,-0.36817676,0.5401263,-0.3776681,0.45256755,-0.35488698,0.4501975,-0.0983128,0.6127966,-0.17224738,0.55992943,-0.18423085,0.49029306,-0.16313547,0.4588527,0.04797098,0.60744464,-0.00955131,0.5624817,-0.022121044,0.49918553,-0.009277121,0.44971824,0.15389311,0.57380325,0.12211335,0.5360932,0.117172085,0.48362648,0.13530529
0.0,0.0,0.07239285,-0.32361287,0.16507556,-0.5677339,0.20127703,-0.80292535,0.18129943,-1.0,0.48036247,-0.40617123,0.46487737,-0.37438253,0.38271916,-0.33297646,0.32183468,-0.32510868,0.51943195,-0.20892501,0.4694087,-0.19133435,0.39365336,-0.17588924,0.32746175,-0.1507144,0.49438798,-0.023503304,0.43607756,-0.028977647,0.37160742,-0.015097677,0.30849975,-0.0035781232,0.45048267,0.12593943,0.41268417,0.13397017,0.35378525,0.13096912,0.29575932,0.1346333
0.0,0.0,0.2512771,-0.11633651,0.44070578,-0.31423247,0.5615488,-0.5521767,0.6550981,-0.73760295,0.23385918,-0.6380683,0.23933509,-1.0,0.25942898,-0.88518536,0.25425634,-0.72187257,0.07921479,-0.66051316,0.0974974,-0.9063085,0.1182001,-0.78710073,0.1100558,-0.65961355,-0.06026385,-0.6339486,-0.03211398,-0.8258931,-0.015012606,-0.736236,-0.019533977,-0.6275961,-0.1770583,-0.59509635,-0.14616497,-0.76019996,-0.12737136,-0.68221927,-0.12802982,-0.59075373
0.0,0.0,-0.07644771,-0.34731263,-0.2061563,-0.6089913,-0.3341204,-0.8111907,-0.3996798,-1.0,-0.51491624,-0.4115078,-0.6499359,-0.33617824,-0.578706,-0.30065036,-0.48524737,-0.3044932,-0.53504854,-0.20819436,-0.63445574,-0.15193775,-0.55423677,-0.13238311,-0.46372002,-0.14219241,-0.5168724,-0.014165189,-0.5955164,0.008549617,-0.52762246,0.020425253,-0.44478676,0.011673871,-0.48228073,0.15899043,-0.55570567,0.16423507,-0.4940627,0.15949216,-0.42393902,0.1486563
0.0,0.0,0.056086004,-0.3297039,0.003581112,-0.61020845,-0.09177083,-0.8407318,-0.16205733,-1.0,-0.2548471,-0.61292034,-0.40057567,-0.8334851,-0.45869002,-0.93540186,-0.49570596,-0.98693275,-0.36797208,-0.45106393,-0.49563277,-0.68174887,-0.5458222,-0.792181,-0.5735224,-0.8539252,-0.4394712,-0.28543705,-0.55914974,-0.5054733,-0.59810835,-0.6149659,-0.6156852,-0.6755637,-0.4805993,-0.1286232,-0.60049117,-0.30541918,-0.6435353,-0.41001514,-0.6640823,-0.48304552
0.0,0.0,-0.040011704,-0.3101103,-0.057940047,-0.62632054,-0.12184647,-0.86076736,-0.23139635,-1.0,0.21376829,-0.8184819,0.43631992,-0.7995024,0.39787877,-0.6721155,0.31277454,-0.61079997,0.30249506,-0.7192652,0.5052632,-0.67336017,0.45910344,-0.552926,0.36863837,-0.50279766,0.38490498,-0.5722423,0.56234515,-0.5450868,0.50751567,-0.44187722,0.41497627,-0.40578997,0.45205456,-0.4046071,0.592031,-0.41841757,0.53064007,-0.33050245,0.44544086,-0.29116565
0.0,0.0,-0.2951129,-0.2767752,-0.57856894,-0.3788825,-0.8293096,-0.44472733,-0.98628646,-0.56021917,-0.80742157,0.15653472,-1.0,0.2094181,-0.8912437,0.110025436,-0.78496283,0.06302179,-0.7043759,0.40182605,-0.8588047,0.38545704,-0.7721522,0.2798856,-0.674148,0.23084757,-0.5682115,0.5790279,-0.7067068,0.5379719,-0.6397009,0.44886476,-0.54173726,0.39724427,-0.4336608,0.7090234,-0.55634135,0.6703947,-0.49760488,0.58403754,-0.41836485,0.5331546
0.0,0.0,0.053013697,-0.28494626,0.013440138,-0.57459885,0.0069576455,-0.81158686,0.06887705,-1.0,-0.25739095,-0.66253406,-0.30328873,-0.6263776,-0.22556446,-0.5442346,-0.16243346,-0.49160665,-0.34533685,-0.5122917,-0.356449,-0.46577027,-0.2879756,-0.41081277,-0.23357187,-0.36078063,-0.39449796,-0.32648933,-0.39762676,-0.31098154,-0.33694497,-0.2709351,-0.28344572,-0.23570812,-0.4175166,-0.14803587,-0.41156122,-0.16004795,-0.3492424,-0.12932095,-0.30329394,-0.09772554
0.0,0.0,-0.16414852,-0.26459116,-0.36523548,-0.5112603,-0.46099505,-0.7619529,-0.46630588,-1.0,-0.5500607,-0.47460923,-0.79037404,-0.18593815,-0.6872153,-0.12719627,-0.5971889,-0.18921612,-0.5227752,-0.29488754,-0.7194313,0.02537653,-0.60650945,0.026023515,-0.51930636,-0.06556494,-0.4763892,-0.09282829,-0.6253335,0.16389556,-0.5203879,0.15014869,-0.43877143,0.06563434,-0.42272136,0.10467552,-0.53377247,0.2748431,-0.43115047,0.2500572,-0.3547801,0.17656887
0.0,0.0,0.010496218,-0.31406695,-0.08747098,-0.58674455,-0.2144456,-0.80682474,-0.2717722,-1.0,-0.39629325,-0.50461787,-0.5665452,-0.5885997,-0.52335024,-0.5764724,-0.46160263,-0.55674016,-0.45197725,-0.31974816,-0.56005305,-0.4211734,-0.4812715,-0.40711835,-0.40375593,-0.36391705,-0.4632815,-0.14597887,-0.54581946,-0.255699,-0.4813101,-0.24494535,-0.41211477,-0.20158681,-0.45699438,0.008939985,-0.52717,-0.10895931,-0.46462005,-0.102691755,-0.40343052,-0.068166666
0.0,0.0,0.21109387,-0.44444957,0.3933526,-0.6685012,0.5469788,-0.80350095,0.6436107,-0.8873384,0.7538079,-0.48832893,0.95910525,-0.4888621,0.9028512,-0.4641883,0.804771,-0.45335248,0.80310166,-0.26834628,1.0,-0.30823344,0.94575703,-0.30589548,0.8472309,-0.28412592,0.8022604,-0.06346907,0.99314225,-0.1400951,0.9411525,-0.14484796,0.8484575,-0.13315213,0.7638027,0.124281354,0.93422467,0.04315649,0.90031886,0.024048084,0.8261214,0.029298792
0.0,0.0,0.02132663,-0.302529,0.06604576,-0.60404634,0.05308417,-0.8438418,-0.015806552,-1.0,0.35061485,-0.6984987,0.5588936,-0.6247524,0.49741897,-0.523772,0.40875936,-0.49961814,0.4137163,-0.5661266,0.5963222,-0.47988057,0.5333001,-0.3917769,0.4443788,-0.37258646,0.4574245,-0.395162,0.62121093,-0.34934372,0.55890435,-0.27501145,0.47179955,-0.25976664,0.4821884,-0.21532463,0.61917806,-0.22390623,0.55650896,-0.16644181,0.4786776,-0.1462179
0.0,0.0,-0.064268984,-0.30962786,-0.17577212,-0.5830061,-0.23488496,-0.8201712,-0.25113565,-1.0,-0.49459273,-0.5478531,-0.67743975,-0.4827029,-0.6013262,-0.40117502,-0.4862404,-0.37692183,-0.5542134,-0.3415398,-0.6631882,-0.26869282,-0.5813667,-0.20721549,-0.4811218,-0.19367145,-0.57280016,-0.11538615,-0.6312639,-0.06310034,-0.561101,-0.014019721,-0.4683395,0.0059752036,-0.5678655,0.09581065,-0.5873543,0.15768579,-0.51352626,0.18922034,-0.44091946,0.19444633
0.0,0.0,0.09569584,-0.33129087,0.3169505,-0.6053456,0.50254023,-0.79886144,0.58031386,-1.0,0.45972595,-0.41788515,0.7521113,-0.3645199,0.7046902,-0.402882,0.5989382,-0.4429644,0.46430287,-0.18530862,0.7490909,-0.1791361,0.7183562,-0.23211731,0.63343596,-0.26027167,0.45385167,0.021278216,0.7170526,0.0058549037,0.6935628,-0.043885592,0.61371577,-0.07393501,0.43792415,0.19411378,0.6733499,0.16343541,0.6573782,0.12506141,0.5920381,0.09562298
0.0,0.0,-0.21436785,-0.24743646,-0.37348568,-0.47358945,-0.4892205,-0.6033549,-0.5663125,-0.6582845,-0.1472573,-1.0,-0.38132602,-0.96343106,-0.52920616,-0.81531125,-0.6214775,-0.6730554,-0.0050300723,-0.90125203,-0.2872483,-0.82596844,-0.4662564,-0.6650313,-0.58201814,-0.50799066,0.1119476,-0.7179507,-0.18058287,-0.6123444,-0.37012282,-0.4609371,-0.4868547,-0.3268785,0.19860944,-0.47922537,-0.06339988,-0.40783513,-0.24057247,-0.29759863,-0.356255,-0.20133513
0.0,0.0,-0.15406637,-0.2740813,-0.3467065,-0.5290396,-0.4414519,-0.77442247,-0.4546462,-1.0,-0.5474859,-0.4740321,-0.7782485,-0.2017025,-0.680658,-0.15497696,-0.5901298,-0.22273651,-0.5187958,-0.29939848,-0.7052625,-0.015212248,-0.6058827,-0.01124184,-0.5263506,-0.09649336,-0.47122705,-0.10152669,-0.61680174,0.12875408,-0.5249106,0.123503745,-0.4467901,0.04761673,-0.41686493,0.09153953,-0.5264428,0.24860834,-0.43400583,0.22609419,-0.35944778,0.15753433
0.0,0.0,0.31345198,-0.11194539,0.63851273,-0.14034922,0.8666671,-0.26090387,1.0,-0.43561915,0.7742147,0.33219287,0.8513078,0.59474134,0.8047633,0.7109215,0.7432535,0.7330008,0.6704984,0.5254423,0.7101505,0.7830533,0.64321685,0.80739474,0.5729731,0.7376859,0.5287385,0.67059124,0.55699426,0.8855088,0.49737644,0.8757391,0.4380541,0.7748329,0.37499908,0.77848554,0.39172795,0.9346197,0.34565362,0.8941126,0.3015458,0.78664696
0.0,0.0,-0.11280997,-0.32637638,-0.2714617,-0.57620925,-0.3967254,-0.7841388,-0.44044134,-1.0,-0.63083243,-0.35127193,-0.59937644,-0.22240047,-0.4886605,-0.18369547,-0.40696365,-0.18346614,-0.6383973,-0.13714515,-0.5565049,-0.07870493,-0.4586304,-0.070570976,-0.38505408,-0.07843739,-0.5947427,0.062610604,-0.500044,0.059889004,-0.4242657,0.05057599,-0.3586106,0.038348086,-0.53395605,0.24573556,-0.45894963,0.21245982,-0.3850707,0.18916336,-0.33662012,0.18058608
0.0,0.0,0.26194656,-0.34113178,0.5346793,-0.4482399,0.8074814,-0.5112224,1.0,-0.6266069,0.7575977,0.09002629,0.7430139,0.0391867,0.6215764,-0.027667101,0.53447366,-0.06430256,0.6807745,0.35300073,0.64213103,0.23053943,0.5501341,0.15039766,0.45866394,0.11451949,0.5440552,0.51385576,0.52558136,0.38435668,0.46008596,0.31598628,0.37745625,0.2637728,0.4045818,0.6105348,0.4115997,0.5215579,0.3572668,0.46261498,0.28728387,0.4191363
0.0,0.0,-0.055641733,-0.2838192,-0.15096731,-0.62507784,-0.25040525,-0.85862315,-0.32200107,-1.0,-0.14522287,-0.9221678,-0.5518882,-0.8539359,-0.6268701,-0.65507156,-0.59564286,-0.53132373,-0.15843625,-0.80626994,-0.5671038,-0.64996547,-0.62454695,-0.436354,-0.62586606,-0.31867778,-0.19066544,-0.6282352,-0.544216,-0.45256206,-0.57060367,-0.24660671,-0.55452144,-0.1271147,-0.22855419,-0.42143723,-0.49209467,-0.25510427,-0.5157463,-0.09089405,-0.5139676,0.0027043894
0.0,0.0,0.07875134,-0.32432997,0.19687435,-0.5675335,0.29336178,-0.79778856,0.3175427,-1.0,0.46576813,-0.42255747,0.62609273,-0.427932,0.5339484,-0.4031086,0.44765213,-0.38926992,0.49308863,-0.22439766,0.61553437,-0.263224,0.5328534,-0.2608862,0.45610124,-0.23993176,0.48179507,-0.042495273,0.58333325,-0.10218733,0.5197542,-0.10202187,0.44257122,-0.08144204,0.46118402,0.11516721,0.5528952,0.03936878,0.4917403,0.032795187,0.42425856,0.056475505
0.0,0.0,-0.06637649,-0.2976547,-0.16882265,-0.58229804,-0.23432156,-0.81939775,-0.26266488,-1.0,-0.3839688,-0.5288912,-0.57700527,-0.42336848,-0.5064999,-0.35599285,-0.4204288,-0.36544898,-0.41251302,-0.34350026,-0.58643395,-0.2596338,-0.50754386,-0.2066155,-0.41644886,-0.21730179,-0.42464116,-0.15542121,-0.5613068,-0.1083255,-0.4921868,-0.06702474,-0.41308463,-0.07430018,-0.42640716,0.021298911,-0.5358248,0.022589922,-0.46620816,0.05612138,-0.39398262,0.05834814
0.0,0.0,-0.31255844,-0.17731546,-0.6119077,-0.14353672,-0.841815,-0.05623742,-1.0,-0.025624877,-0.6457544,0.4266756,-0.7053029,0.36066607,-0.6267064,0.2329112,-0.55339223,0.19065131,-0.5135387,0.5804252,-0.57121855,0.4979598,-0.5090199,0.3761368,-0.43592775,0.32346115,-0.36722445,0.66065437,-0.43255767,0.5985541,-0.38583302,0.4885483,-0.3173069,0.42298484,-0.23228204,0.7123179,-0.3018705,0.67654246,-0.26534158,0.57434684,-0.21256761,0.5074594
0.0,0.0,-0.07967173,-0.45284674,-0.29249677,-0.8119454,-0.54240817,-0.9194555,-0.7013172,-0.88108027,-0.69846207,-0.9888104,-0.9981189,-0.66385204,-0.86954176,-0.5635031,-0.7329678,-0.5838521,-0.7793892,-0.68891066,-1.0,-0.41415092,-0.8793532,-0.34133014,-0.74367297,-0.3494246,-0.81354946,-0.36116797,-0.9726877,-0.14944455,-0.8580035,-0.10006769,-0.7233398,-0.11109884,-0.81712043,-0.029555885,-0.9197446,0.08655363,-0.79238254,0.12547173,-0.68172145,0.10401241
0.0,0.0,0.05287864,-0.30628774,0.056300204,-0.58384687,0.08944717,-0.82719785,0.16712724,-1.0,-0.14960366,-0.6981902,-0.33532184,-0.72545487,-0.29411876,-0.6330374,-0.22508919,-0.59212834,-0.24813375,-0.5652461,-0.38534322,-0.6047794,-0.3402066,-0.52402014,-0.27639893,-0.47456306,-0.3267292,-0.4061385,-0.416657,-0.4709928,-0.3788773,-0.40750137,-0.32388404,-0.3579593,-0.38839316,-0.25026488,-0.45102823,-0.350216,-0.40669563,-0.2937179,-0.35948345,-0.24068545
0.0,0.0,-0.07529332,-0.31916606,-0.1785251,-0.57604903,-0.26183107,-0.80277604,-0.27450734,-1.0,-0.45065627,-0.4821909,-0.5391465,-0.427902,-0.45740005,-0.38537937,-0.37321422,-0.36856282,-0.49779907,-0.29179838,-0.5488975,-0.27896518,-0.46927983,-0.25400534,-0.3899853,-0.23547244,-0.49936858,-0.09935336,-0.52967197,-0.12438189,-0.46435392,-0.10602245,-0.39024416,-0.08782193,-0.4804971,0.07891057,-0.50156295,0.047542475,-0.43660003,0.05127489,-0.37780666,0.062311403
0.0,0.0,0.11197237,-0.28626153,0.24557686,-0.56238353,0.29692066,-0.8059395,0.26670778,-1.0,0.54846185,-0.44219986,0.74581033,-0.29173338,0.68457264,-0.21820804,0.60042953,-0.22532578,0.55580163,-0.26975566,0.7304655,-0.11345088,0.6556656,-0.06646089,0.56821764,-0.08827392,0.53563833,-0.08051906,0.69442517,0.040631786,0.62121797,0.06816489,0.53290063,0.041519348,0.49933985,0.104945295,0.64866805,0.17347443,0.580514,0.18252859,0.5007381,0.15630217
0.0,0.0,-0.08459734,-0.3043566,-0.214107,-0.56254846,-0.3041437,-0.79456645,-0.3173784,-1.0,-0.44207373,-0.48366338,-0.65751904,-0.3407603,-0.5767002,-0.282431,-0.48088104,-0.30712828,-0.45811325,-0.28417358,-0.6320549,-0.15977941,-0.5442667,-0.124647774,-0.4541073,-0.1650625,-0.45240986,-0.087132305,-0.56056446,-0.012434771,-0.4844791,0.008728456,-0.4035723,-0.026401412,-0.43222216,0.090481885,-0.4934416,0.114373,-0.41160482,0.12734433,-0.337577,0.107344896
0.0,0.0,0.091718055,-0.29797336,0.23016293,-0.57062525,0.2788225,-0.8073385,0.25326085,-1.0,0.4230994,-0.4569128,0.66744536,-0.40168628,0.5877708,-0.3538685,0.49367285,-0.36755687,0.42130452,-0.27400917,0.65777105,-0.22988302,0.57422787,-0.20261344,0.48310274,-0.21160594,0.40560058,-0.08526885,0.6129966,-0.07046727,0.53538984,-0.05275487,0.45130613,-0.05375216,0.38115963,0.09100064,0.55276865,0.06621003,0.48409027,0.07293911,0.4144053,0.08439519
0.0,0.0,0.07333345,-0.31037492,0.14985518,-0.5443624,0.19480814,-0.79060894,0.1808854,-1.0,0.4676063,-0.36341894,0.49160725,-0.3650212,0.40970346,-0.3253149,0.34607956,-0.29862338,0.49958637,-0.1693707,0.48510534,-0.19052269,0.41725746,-0.17911872,0.3625619,-0.14991875,0.46859702,0.009931918,0.44777286,-0.0355829,0.3889004,-0.033918705,0.32522953,-0.017073568,0.42752177,0.15333001,0.41937482,0.12147691,0.36022425,0.11421699,0.30510208,0.12187862
0.0,0.0,0.06874677,-0.3201637,0.14822096,-0.5712446,0.17334215,-0.8110926,0.1418058,-1.0,0.49834734,-0.38893998,0.4988218,-0.45651516,0.4132367,-0.4222254,0.34641042,-0.3734169,0.5353055,-0.18816893,0.5086994,-0.26484022,0.42875713,-0.2532359,0.3579457,-0.20251887,0.5091194,-0.007421564,0.48843244,-0.075247966,0.41999462,-0.0723437,0.35217366,-0.036163766,0.46480247,0.13390853,0.4511704,0.09695672,0.38741544,0.0848843,0.33329764,0.106829256
0.0,0.0,-0.10569916,-0.33883312,-0.23880786,-0.5815767,-0.37609103,-0.79081696,-0.4307192,-1.0,-0.5461875,-0.34219164,-0.72069377,-0.3781115,-0.62528837,-0.3941226,-0.5283698,-0.38051292,-0.5669436,-0.12812355,-0.7008989,-0.20419192,-0.6233492,-0.2351393,-0.54179525,-0.21975659,-0.54385155,0.058096483,-0.65288603,-0.04113306,-0.58837414,-0.069298916,-0.5105469,-0.056605514,-0.5038901,0.20446362,-0.59305364,0.0951742,-0.5371768,0.061046224,-0.4724349,0.06831385
0.0,0.0,-0.07754256,-0.2623744,-0.11140829,-0.5761202,-0.14033754,-0.82873386,-0.21517675,-1.0,0.039879918,-0.6778262,0.22566554,-0.9098349,0.19934548,-0.8076096,0.12796703,-0.69320786,0.13508059,-0.5636634,0.32936537,-0.81159174,0.29585448,-0.7210903,0.22114518,-0.61014986,0.22737506,-0.43020776,0.39978257,-0.6690333,0.36692667,-0.5953696,0.30019966,-0.49531567,0.31096393,-0.29398504,0.43836045,-0.52294225,0.4055292,-0.4664764,0.3488088,-0.3850764
0.0,0.0,0.116625205,-0.26249027,0.29808822,-0.5429197,0.35087395,-0.7867921,0.34401125,-1.0,0.34830517,-0.37219378,0.64872205,-0.34097362,0.55604124,-0.31232643,0.43874702,-0.32289922,0.3288267,-0.17543659,0.624098,-0.13939597,0.5366111,-0.14817272,0.4159857,-0.16939496,0.3067209,0.006762592,0.5611592,0.01655186,0.48691937,0.0037366052,0.3838511,-0.00565238,0.28451312,0.1587734,0.4965255,0.13741644,0.4318548,0.12183935,0.3407238,0.11832985
0.0,0.0,0.06924812,-0.29866496,0.16301998,-0.58220387,0.18545714,-0.82281744,0.14541103,-1.0,0.4833778,-0.5913014,0.66274744,-0.48870885,0.5956073,-0.40739542,0.5038173,-0.39626312,0.53151,-0.42650127,0.6859015,-0.33216667,0.6152455,-0.26515114,0.5234852,-0.2531711,0.5543486,-0.24193455,0.6768941,-0.16532585,0.61299527,-0.11844244,0.5233936,-0.11938905,0.5548976,-0.061318837,0.6486087,-0.02108268,0.5825588,0.014863792,0.5044738,0.0133537995
0.0,0.0,-0.08115604,-0.29436734,-0.11538286,-0.6307187,-0.16012134,-0.863794,-0.25221002,-1.0,-0.0058429,-0.72961426,0.2432642,-0.9000283,0.23241533,-0.7905722,0.16030204,-0.71454144,0.08178605,-0.6229253,0.33117002,-0.8008294,0.30547473,-0.6898961,0.22813654,-0.6127086,0.17650025,-0.4936124,0.38357747,-0.66765034,0.35358998,-0.56560683,0.2816365,-0.48595148,0.26615262,-0.35731396,0.42751873,-0.53567785,0.39256305,-0.45907226,0.3275093,-0.38713375
0.0,0.0,-0.16462354,-0.18466811,-0.2860617,-0.47503424,-0.36645627,-0.71306056,-0.45677057,-0.865001,-0.20239148,-0.5922484,-0.11677283,-1.0,-0.0676183,-0.94764906,-0.07657763,-0.8304037,-0.06602725,-0.5768935,0.028009946,-0.9990969,0.06469937,-0.9177676,0.03474517,-0.78443414,0.07319076,-0.538756,0.16048135,-0.94307023,0.17409782,-0.84720755,0.13998394,-0.71359056,0.20759101,-0.48722863,0.25666547,-0.78412265,0.2503444,-0.7327907,0.21963698,-0.6403276
0.0,0.0,0.08986815,-0.27223817,0.21701391,-0.5439215,0.26466602,-0.78931326,0.24691863,-1.0,0.41200688,-0.41572368,0.65553516,-0.35213777,0.5689324,-0.31297728,0.4675264,-0.32301113,0.40177235,-0.22059351,0.63246274,-0.18150426,0.5464442,-0.15993275,0.45189118,-0.16533063,0.37888467,-0.031467166,0.5844528,-0.022455547,0.50879765,-0.006808554,0.41869056,-0.0062125293,0.35088912,0.14074758,0.5288915,0.11216777,0.4619665,0.11622081,0.38502207,0.12638614
0.0,0.0,-0.12838411,-0.29817978,-0.1553534,-0.6242727,-0.12976784,-0.86320055,-0.16939294,-1.0,0.10024572,-0.80457735,0.28051278,-0.86158633,0.2683996,-0.7668157,0.19920278,-0.6859303,0.2196587,-0.7201187,0.38731557,-0.762891,0.36684206,-0.66307145,0.2991686,-0.58379674,0.3242673,-0.59877527,0.47850865,-0.65544,0.44828776,-0.5597185,0.37875077,-0.48306844,0.41429937,-0.45863977,0.53950894,-0.53360575,0.5017974,-0.45037264,0.43916407,-0.38282254
0.0,0.0,-0.15061235,-0.2402955,-0.22240375,-0.5524286,-0.2233525,-0.79646313,-0.18159905,-1.0,-0.15248674,-0.82721204,-0.5249513,-0.63609177,-0.47021025,-0.48172146,-0.3633846,-0.48555222,-0.1167194,-0.7208867,-0.51112306,-0.46605298,-0.4274199,-0.35240662,-0.32301942,-0.36932665,-0.10749928,-0.55632734,-0.45493007,-0.31859547,-0.37966427,-0.21037139,-0.28520754,-0.22885254,-0.11108048,-0.35806006,-0.37660518,-0.15328452,-0.3095655,-0.08442043,-0.21514796,-0.1198812
0.0,0.0,0.103798136,-0.31510848,0.18702525,-0.5478111,0.23535581,-0.7898615,0.21343637,-1.0,0.5047537,-0.38914567,0.5626564,-0.34430265,0.47640055,-0.29255182,0.40158153,-0.28052044,0.5457526,-0.18323086,0.5929037,-0.16494338,0.52009493,-0.14959164,0.44125265,-0.13963528,0.52799153,0.00609569,0.58197707,-0.0035790966,0.5215532,0.004235111,0.43885943,0.0049927733,0.49198562,0.16017982,0.54151154,0.13192558,0.48374563,0.1287893,0.41649514,0.12611575
0.0,0.0,0.23151918,-0.323309,0.4687996,-0.55169135,0.6489464,-0.7688711,0.7037194,-1.0,0.63775015,-0.40392187,0.8643376,-0.141399,0.76988184,-0.10137349,0.64946276,-0.15718989,0.60997653,-0.17480738,0.874617,0.10396467,0.77027786,0.12951946,0.6508771,0.060270023,0.5594598,0.06729023,0.86548465,0.331584,0.76573795,0.3445726,0.64746094,0.27416098,0.48954123,0.30328867,0.7741759,0.49800444,0.7062248,0.49092877,0.6155484,0.42702752
0.0,0.0,0.11838727,-0.29560918,0.29340702,-0.5707669,0.38495713,-0.8030587,0.40774354,-1.0,0.4466633,-0.4851134,0.7172895,-0.40902197,0.67341536,-0.34009594,0.6009321,-0.33560276,0.4444292,-0.31136146,0.714657,-0.22805105,0.6381828,-0.18921621,0.5389897,-0.2041713,0.43157086,-0.13002641,0.67644066,-0.07223168,0.6038872,-0.044605825,0.5079082,-0.052057706,0.4137083,0.0425468,0.6141845,0.06537006,0.5564185,0.07428651,0.47646433,0.070671834
0.0,0.0,-0.020982778,-0.32314658,-0.08376668,-0.57639605,-0.14193311,-0.8115894,-0.1442518,-1.0,-0.36798733,-0.5417661,-0.52785325,-0.5409605,-0.45467767,-0.49384344,-0.37210074,-0.4706089,-0.42750663,-0.361778,-0.5202555,-0.38013214,-0.44617316,-0.3492883,-0.3718899,-0.32354063,-0.4467636,-0.18172921,-0.48679426,-0.22540544,-0.4288458,-0.20328137,-0.36157435,-0.1767351,-0.45151663,-0.022829603,-0.47984573,-0.08488027,-0.41778162,-0.06660453,-0.3577896,-0.047085486
0.0,0.0,0.098218754,-0.30546743,0.12542757,-0.58000976,0.17483026,-0.82970744,0.26563588,-1.0,-0.09593462,-0.7529941,-0.26404095,-0.7837321,-0.22607616,-0.68329084,-0.15481843,-0.62216073,-0.21102196,-0.6328641,-0.3281181,-0.6480397,-0.283465,-0.56564724,-0.21688478,-0.50420743,-0.30301505,-0.48055327,-0.36981872,-0.51630837,-0.3339907,-0.4471347,-0.27773762,-0.3883112,-0.37194422,-0.3327883,-0.41133767,-0.3840985,-0.3694811,-0.3178556,-0.32152694,-0.26114684
0.0,0.0,-0.22578987,-0.33255672,-0.55159825,-0.48870835,-0.8149828,-0.57322705,-1.0,-0.67930675,-0.87350816,-0.027331542,-0.7670464,-0.09585757,-0.61287814,-0.14277934,-0.52355623,-0.13526978,-0.8250562,0.24516322,-0.7013247,0.15462436,-0.57151425,0.08772547,-0.4844388,0.07046992,-0.7133284,0.45910224,-0.6344042,0.38912135,-0.52852815,0.30719656,-0.4455745,0.27531394,-0.58103466,0.62686,-0.53781414,0.576301,-0.44876087,0.48745227,-0.3793282,0.45206717
0.0,0.0,-0.09115204,-0.38423914,-0.29199985,-0.6502282,-0.4880298,-0.8323985,-0.6037284,-1.0,-0.6367955,-0.3443274,-0.7814107,-0.33902785,-0.6830836,-0.3442186,-0.5791132,-0.3347388,-0.6382551,-0.11909649,-0.7389411,-0.14265993,-0.642472,-0.15641081,-0.5399048,-0.1501427,-0.5978221,0.08069258,-0.67711914,0.03554006,-0.59709495,0.024815911,-0.5010704,0.02924984,-0.5402992,0.2520433,-0.6065795,0.19991879,-0.5322812,0.1770377,-0.45423898,0.16878358
0.0,0.0,-0.18000288,-0.28273022,-0.3926735,-0.524621,-0.5046531,-0.7673304,-0.5319716,-1.0,-0.5933636,-0.37117276,-0.8035544,-0.12757844,-0.7166409,-0.08984724,-0.62179714,-0.15142533,-0.55562615,-0.15461864,-0.7329883,0.067485385,-0.6339224,0.070539676,-0.53564024,-0.016658094,-0.4981701,0.05552856,-0.6448633,0.21004356,-0.5600683,0.20994416,-0.4700325,0.13420472,-0.43384737,0.24446811,-0.5516516,0.33023265,-0.4649481,0.31587648,-0.37912524,0.25709134
0.0,0.0,-0.07087575,-0.313137,-0.17016214,-0.57270765,-0.2540173,-0.8026437,-0.28404227,-1.0,-0.4884454,-0.44982868,-0.54806906,-0.41573855,-0.46086892,-0.36351445,-0.37577292,-0.32507214,-0.5297167,-0.2539765,-0.522943,-0.25628155,-0.44169563,-0.22607964,-0.37494752,-0.19402659,-0.5217126,-0.070854165,-0.5177117,-0.11167689,-0.45103627,-0.09873042,-0.38420027,-0.072235644,-0.49584585,0.0903586,-0.50312597,0.033521034,-0.43617707,0.03385159,-0.38185656,0.048911262
0.0,0.0,-0.09714153,-0.25705585,-0.23392919,-0.5369922,-0.27624047,-0.7695175,-0.25717476,-1.0,-0.31765136,-0.43821082,-0.5947187,-0.28136608,-0.52663016,-0.24359901,-0.43606895,-0.294307,-0.28850886,-0.2376713,-0.5683348,-0.08854171,-0.49233797,-0.085396014,-0.39644828,-0.12296482,-0.2587949,-0.033173583,-0.51643074,0.07385848,-0.45443946,0.076192126,-0.36637527,0.047821414,-0.23721206,0.1493665,-0.46390665,0.21987014,-0.40240538,0.21996592,-0.31582528,0.20351239
0.0,0.0,0.1325244,0.43175298,0.35946414,0.71792674,0.5560935,0.820609,0.68002766,0.82877856,0.45557326,0.5666046,0.9762745,0.5512262,0.8536305,0.5518769,0.65791327,0.5436632,0.45898268,0.20039868,1.0,0.24718267,0.87764,0.26696312,0.6780789,0.24158658,0.45355758,-0.14685896,0.99342114,-0.09614647,0.86688375,-0.06691257,0.67597276,-0.07660516,0.44247356,-0.47002378,0.9117057,-0.4123319,0.82742125,-0.3877292,0.65738446,-0.40386543
0.0,0.0,0.12810835,-0.3069687,0.3372448,-0.5606348,0.46251804,-0.78530794,0.49792242,-1.0,0.53802305,-0.34094465,0.8273292,-0.25922167,0.73939526,-0.24085206,0.6175821,-0.26542956,0.54110146,-0.13819157,0.80003256,-0.0495848,0.72265893,-0.05365111,0.62042636,-0.08539821,0.5132328,0.046398934,0.73700255,0.10071746,0.67534614,0.088181354,0.5865412,0.06041296,0.47102627,0.2003131,0.66591865,0.22554415,0.6118415,0.20185782,0.52788496,0.17744546
0.0,0.0,-0.080207005,-0.26324618,-0.18544891,-0.5587123,-0.21639527,-0.79899347,-0.19025251,-1.0,-0.2532478,-0.6637549,-0.54317,-0.6112909,-0.4947381,-0.48503995,-0.40334418,-0.45335013,-0.25949717,-0.54328084,-0.54893845,-0.41845793,-0.47877592,-0.31633464,-0.39030784,-0.31279212,-0.2748707,-0.3858621,-0.531912,-0.2712279,-0.4621522,-0.17113903,-0.375622,-0.15507378,-0.29255086,-0.21869819,-0.4942709,-0.12908581,-0.43152916,-0.037793428,-0.35613945,-0.015718296
0.0,0.0,-0.06207413,-0.31368417,-0.18301246,-0.5759037,-0.26700553,-0.80789167,-0.29071864,-1.0,-0.50063646,-0.43159136,-0.6039817,-0.46541578,-0.5613221,-0.4620869,-0.51098806,-0.4532549,-0.5326113,-0.23541965,-0.619709,-0.29036832,-0.57806426,-0.30209166,-0.52883977,-0.28713495,-0.5201129,-0.050025813,-0.60707825,-0.13543655,-0.5639685,-0.15697363,-0.50908726,-0.15067922,-0.48488027,0.099820085,-0.55517334,0.015039162,-0.5097364,-0.01116973,-0.46162578,-0.010974535
0.0,0.0,-0.06226414,-0.3621369,-0.21913394,-0.6142841,-0.3953711,-0.8032514,-0.49332723,-1.0,-0.5095036,-0.4047406,-0.7168047,-0.35820875,-0.6282541,-0.3560029,-0.52630275,-0.37371954,-0.5248662,-0.16641513,-0.7039669,-0.17332685,-0.6161056,-0.18346731,-0.5188866,-0.1795589,-0.508186,0.045789056,-0.6487154,0.011157725,-0.57545584,-0.00588714,-0.48849794,-0.0053821737,-0.47783446,0.22212766,-0.5977899,0.16750284,-0.52868444,0.14626269,-0.45629787,0.1432791
0.0,0.0,0.31827658,-0.100968525,0.63705134,-0.116971314,0.86107224,-0.22733824,1.0,-0.36781886,0.77196646,0.3501023,0.84713674,0.6265793,0.80159116,0.7250217,0.7458763,0.72515273,0.6589864,0.53927106,0.6764814,0.8104214,0.59980094,0.77555346,0.5389645,0.6553249,0.50456464,0.6817162,0.52257985,0.894817,0.45549875,0.8406227,0.39841878,0.71115446,0.34435365,0.7847862,0.36870864,0.9299022,0.3130616,0.8594785,0.26784697,0.7408688
0.0,0.0,0.10816165,-0.4731926,0.391956,-0.73073083,0.68660516,-0.75657594,0.888209,-0.67784566,0.5535574,-0.77402085,0.9459186,-0.8660526,0.9225605,-0.83411264,0.83395326,-0.8043047,0.6209712,-0.4576092,0.98709345,-0.5994763,0.9792027,-0.5920805,0.90588963,-0.5611996,0.66144353,-0.17375116,0.99256694,-0.33596432,1.0,-0.36825588,0.9492133,-0.38180158,0.67865044,0.06791041,0.93042594,-0.11656383,0.934587,-0.15852539,0.9021725,-0.16438977
0.0,0.0,0.045939293,-0.31498292,0.13841149,-0.5466204,0.18542874,-0.7886032,0.17152433,-1.0,0.5149467,-0.4482874,0.48016343,-0.35130093,0.3933009,-0.29431853,0.33415762,-0.2767508,0.5742955,-0.2653635,0.49503306,-0.18353495,0.40691808,-0.15651418,0.35270128,-0.14707217,0.56896,-0.07550652,0.4853708,-0.033824276,0.41058198,-0.020495469,0.3519282,-0.028958848,0.5367211,0.0909964,0.46946603,0.12694791,0.39506257,0.12475443,0.33820978,0.10380196
0.0,0.0,-0.084809504,-0.32096216,-0.22985207,-0.59101415,-0.36094713,-0.804443,-0.44377422,-1.0,-0.5342986,-0.4358151,-0.7183225,-0.3476435,-0.6351212,-0.29467297,-0.5198379,-0.30303535,-0.55511695,-0.22723936,-0.694328,-0.1506659,-0.6020352,-0.111787595,-0.49291164,-0.11952307,-0.54276216,-0.015203736,-0.65450764,0.035180725,-0.5717333,0.059447836,-0.47242537,0.050958123,-0.5141851,0.17998752,-0.6096163,0.20334162,-0.5309142,0.20787911,-0.4478799,0.19137023
0.0,0.0,0.060619254,-0.3237727,0.13898596,-0.56209636,0.16117825,-0.8025275,0.13485897,-1.0,0.4965289,-0.41433117,0.47234082,-0.45039612,0.38197893,-0.40201893,0.31970203,-0.3559012,0.5383905,-0.21431504,0.48210835,-0.25921115,0.39698592,-0.23584372,0.33111694,-0.18869051,0.51442546,-0.03412179,0.46192762,-0.074148126,0.3941389,-0.061944768,0.33079493,-0.031402938,0.47356877,0.10249264,0.42967945,0.079558924,0.36330178,0.076083146,0.31198627,0.09301955
0.0,0.0,-0.053397056,-0.24786614,-0.15262502,-0.5606431,-0.2254192,-0.80566674,-0.24648488,-1.0,-0.17788567,-0.66801566,-0.47469962,-0.6807887,-0.48251212,-0.5778525,-0.4298124,-0.5319051,-0.19454555,-0.5653285,-0.517175,-0.53095114,-0.4935652,-0.42339656,-0.42570212,-0.38951987,-0.22171044,-0.42278415,-0.5219379,-0.39435774,-0.48844758,-0.28222415,-0.4162264,-0.24382597,-0.25918493,-0.26664016,-0.4960691,-0.2364144,-0.46664667,-0.14495118,-0.40444428,-0.11462023
0.0,0.0,0.32139128,-0.12551823,0.63815683,-0.19289689,0.8686977,-0.3305905,1.0,-0.5212298,0.8030399,0.30439633,0.8858199,0.58747977,0.8209468,0.6776953,0.7542023,0.67039496,0.6961798,0.51666296,0.72095865,0.77819496,0.632432,0.7493692,0.56461567,0.6330593,0.54792583,0.6833506,0.55478036,0.8602859,0.47699797,0.8077686,0.4185022,0.67557144,0.38877612,0.81225866,0.40038246,0.9276285,0.3413916,0.8564822,0.2958509,0.72992444
0.0,0.0,0.10024979,-0.31106073,0.22162054,-0.5651627,0.2939879,-0.79997313,0.28844425,-1.0,0.49265304,-0.3823047,0.5929345,-0.39391652,0.50786257,-0.37066513,0.4293053,-0.3571935,0.5195016,-0.20142493,0.59374505,-0.22690733,0.51870453,-0.22358349,0.4463142,-0.20872746,0.4992945,-0.027598122,0.5674702,-0.06571921,0.50405836,-0.06207151,0.42538413,-0.052936114,0.4657195,0.12496744,0.51727456,0.080336355,0.45787144,0.074327506,0.39415604,0.08358749
0.0,0.0,0.23409641,-0.34815946,0.52482694,-0.55852246,0.7327489,-0.74799615,0.8175879,-0.9587845,0.7454941,-0.18971714,1.0,-0.07325713,0.8842081,-0.13408075,0.7705215,-0.18890549,0.69191027,0.08045026,0.9337221,0.14423884,0.83563083,0.065095134,0.7202545,0.02444314,0.60349745,0.3006001,0.8141407,0.3294622,0.7401524,0.25845724,0.6336863,0.22612086,0.51214767,0.47384924,0.7161008,0.5014667,0.66237426,0.4305609,0.5679215,0.39970323
0.0,0.0,-0.034072574,-0.32138133,-0.10669649,-0.5681125,-0.15603182,-0.80031693,-0.14799279,-1.0,-0.35070178,-0.50503194,-0.5598628,-0.49140948,-0.49343568,-0.4525505,-0.40504414,-0.4441645,-0.3984936,-0.32070744,-0.5467805,-0.33270288,-0.47285601,-0.31408492,-0.39023045,-0.30826822,-0.41319078,-0.1450255,-0.48647955,-0.18137002,-0.42678595,-0.16647793,-0.35670632,-0.15466365,-0.4131224,0.006711844,-0.4561653,-0.057251874,-0.39059386,-0.04286893,-0.32643628,-0.029833779
0.0,0.0,0.05480136,-0.32086092,0.118176,-0.59732604,0.14683127,-0.8311515,0.1264076,-1.0,0.43554473,-0.5112382,0.64227444,-0.52460337,0.565114,-0.4731397,0.47642016,-0.44590357,0.4824159,-0.34900847,0.66403496,-0.3537262,0.58553296,-0.31421125,0.50285107,-0.28912064,0.5011072,-0.18375482,0.6634091,-0.19902006,0.59880674,-0.17387617,0.5205673,-0.15723108,0.5001732,-0.029256392,0.6595939,-0.05741514,0.6077047,-0.041413326,0.537224,-0.028015697
0.0,0.0,0.10971795,-0.32584372,0.23373196,-0.5719568,0.28810263,-0.8048028,0.2767894,-1.0,0.5892101,-0.34402654,0.7156015,-0.32790473,0.63380104,-0.32123113,0.54901254,-0.32037568,0.60528797,-0.14977114,0.69940704,-0.16249889,0.62328357,-0.16996402,0.5427259,-0.16308323,0.5784822,0.024817059,0.6640065,-0.0018562753,0.60406166,-0.010438827,0.52416986,-0.012783226,0.5370535,0.1665303,0.6213655,0.13842982,0.5720425,0.12687778,0.506314,0.12671132
0.0,0.0,-0.28677893,-0.13925724,-0.5653331,-0.066526584,-0.80457264,0.051321764,-1.0,0.046478044,-0.60347015,0.4355386,-0.6361707,0.45576984,-0.5537187,0.33754855,-0.48353386,0.25793207,-0.47389427,0.59698683,-0.487427,0.579322,-0.42502698,0.4643057,-0.37154016,0.39325875,-0.32657933,0.6882554,-0.35386026,0.6589788,-0.30734423,0.5547319,-0.25872692,0.47435275,-0.18862388,0.7425531,-0.21755427,0.7162251,-0.18504481,0.6118039,-0.1504361,0.53514564
0.0,0.0,0.025618976,-0.6091735,0.24679956,-0.9277614,0.5087592,-0.93066573,0.61724997,-0.80060446,0.8900651,-0.8443186,0.8071206,-0.78534585,0.6603327,-0.6835805,0.57002354,-0.6326899,1.0,-0.44341674,0.8917276,-0.4220485,0.7387595,-0.36533478,0.6356026,-0.3124491,0.98261636,-0.070588335,0.8924449,-0.07546107,0.7725605,-0.06922001,0.6721463,-0.02427848,0.91313535,0.26953015,0.8632737,0.24893594,0.74604315,0.23850669,0.6581625,0.24897571
0.0,0.0,-0.08401146,-0.30461338,-0.20434225,-0.58208305,-0.29482237,-0.81186205,-0.33316913,-1.0,-0.42067692,-0.48369518,-0.5927797,-0.381715,-0.5268509,-0.3294761,-0.44496247,-0.33025962,-0.4410607,-0.291251,-0.5979207,-0.22840154,-0.51872337,-0.19425711,-0.43002424,-0.1931175,-0.43727264,-0.09988981,-0.5718808,-0.08099583,-0.49647617,-0.05246139,-0.4139802,-0.04830489,-0.4173589,0.08126513,-0.534599,0.076821245,-0.46275458,0.09208403,-0.39160234,0.09653661
0.0,0.0,0.0837811,-0.32723507,0.21007599,-0.5663237,0.30515653,-0.7979142,0.33000857,-1.0,0.4857507,-0.41370466,0.6274488,-0.418693,0.5356045,-0.39552498,0.453005,-0.38498285,0.51459426,-0.21446534,0.6154365,-0.25743088,0.5334416,-0.25758657,0.45636863,-0.24049531,0.49672696,-0.035832696,0.5682096,-0.09739233,0.5064455,-0.09883577,0.42892337,-0.084202826,0.46763715,0.11410518,0.5250427,0.040510226,0.46845374,0.03269606,0.40531775,0.049694408
0.0,0.0,-0.10556746,-0.2952314,-0.12767893,-0.61550325,-0.11974977,-0.8507561,-0.16036634,-1.0,0.10457507,-0.7819888,0.29119956,-0.836302,0.26944235,-0.73217463,0.19436236,-0.6575119,0.21852398,-0.6925256,0.38867098,-0.73108476,0.36220828,-0.6259351,0.2919989,-0.553092,0.32204846,-0.56878597,0.46609414,-0.6154834,0.43404245,-0.5200268,0.36522684,-0.4520315,0.40980726,-0.4320199,0.5215332,-0.50287277,0.4819743,-0.42035097,0.4211399,-0.35790005
0.0,0.0,-0.043480754,-0.3563001,-0.17577012,-0.6018769,-0.31648305,-0.7971155,-0.36555398,-1.0,-0.48995852,-0.4304798,-0.6380172,-0.4249091,-0.55805355,-0.4011021,-0.4623403,-0.3863262,-0.518878,-0.22857799,-0.6173894,-0.24548206,-0.5300393,-0.24232963,-0.44416717,-0.2335728,-0.5083927,-0.03664426,-0.5700869,-0.08549209,-0.5009768,-0.084050804,-0.42501763,-0.0741107,-0.48147833,0.1322392,-0.52658755,0.077495046,-0.46444067,0.06342334,-0.4050825,0.0618434
0.0,0.0,0.318603,-0.14076677,0.6322808,-0.21041863,0.86280555,-0.35720566,1.0,-0.54893625,0.81238735,0.25969815,0.90379804,0.54129744,0.8502959,0.6578566,0.79074895,0.6780144,0.70901024,0.47784474,0.74637574,0.74619293,0.6541557,0.7086974,0.5799514,0.5831711,0.5611418,0.6506018,0.58783764,0.8453526,0.5028516,0.78746015,0.4365293,0.65096796,0.40091252,0.7855856,0.43192255,0.9270456,0.366238,0.85414964,0.31587723,0.722125
0.0,0.0,-0.15343964,-0.26151723,-0.24565622,-0.5806949,-0.30926138,-0.84592557,-0.40882295,-1.0,-0.05008362,-0.8502269,0.15534924,-0.9941868,0.1700466,-0.8652878,0.115069635,-0.76511085,0.06962929,-0.78465414,0.27420977,-0.90687007,0.28151235,-0.7783733,0.22353034,-0.6833779,0.19078532,-0.6746123,0.36882535,-0.80523723,0.3623111,-0.6961363,0.30128098,-0.60387945,0.30524948,-0.54298383,0.43773815,-0.69203293,0.41954532,-0.597539,0.36463416,-0.51407963
0.0,0.0,0.06367743,-0.2840318,0.13478233,-0.5880492,0.15383346,-0.8323478,0.12844256,-1.0,0.33819866,-0.5388294,0.5372159,-0.4968487,0.47468776,-0.44435894,0.3785004,-0.44098607,0.37463498,-0.3848533,0.55124915,-0.37259695,0.49007082,-0.32164332,0.39070627,-0.30368727,0.39958072,-0.21541977,0.55306804,-0.22798099,0.5053996,-0.17576496,0.41524652,-0.1511044,0.41026175,-0.047735125,0.5606533,-0.087731846,0.6052042,-0.088704474,0.61441386,-0.09809802
0.0,0.0,0.20903078,-0.30701095,0.48139232,-0.43017954,0.72730315,-0.3724323,0.86606175,-0.21776496,0.5882478,-0.367089,1.0,-0.29223648,0.9122682,-0.26519817,0.7828523,-0.25606522,0.5705978,-0.07435533,0.9662439,-0.026645834,0.8736686,-0.039033823,0.7376347,-0.052453645,0.5374494,0.19835024,0.87628955,0.19629256,0.7901323,0.16507241,0.6742955,0.15250118,0.49469817,0.43953425,0.7797365,0.39489427,0.7098029,0.3532967,0.6056441,0.3581396
0.0,0.0,0.066171005,-0.28362998,0.22411971,-0.53984016,0.3450121,-0.76903903,0.43460354,-1.0,0.31945536,-0.29948688,0.62261933,-0.268172,0.6162939,-0.29046583,0.54230386,-0.30651084,0.3037935,-0.06360075,0.6039371,-0.042540457,0.5578482,-0.09491454,0.45213416,-0.1317396,0.27966934,0.117984705,0.54540837,0.11666812,0.5000179,0.06398843,0.40538105,0.03538523,0.2615339,0.255867,0.4724709,0.2247072,0.43543622,0.17942254,0.34835726,0.15927905
0.0,0.0,0.004626713,-0.31832558,0.0463012,-0.60612375,0.046884816,-0.8383157,-0.013990506,-1.0,0.34648168,-0.6290265,0.531617,-0.61848456,0.46912396,-0.5410315,0.38391942,-0.5147445,0.41445348,-0.47455204,0.5641931,-0.47015205,0.5046028,-0.40595657,0.42699945,-0.37181643,0.45482332,-0.30213514,0.57573605,-0.32382965,0.5249841,-0.27224085,0.4500149,-0.24080747,0.47762126,-0.13818339,0.57846475,-0.18925555,0.5204856,-0.14999871,0.45392787,-0.11921291
0.0,0.0,0.13208215,-0.37358013,0.28786847,-0.6410345,0.39462996,-0.8433098,0.44200304,-1.0,0.66338104,-0.3963662,0.85508317,-0.37571806,0.75595105,-0.37150943,0.6378785,-0.37942412,0.6722097,-0.14459752,0.83451736,-0.15320468,0.7488641,-0.17184936,0.6423623,-0.18023804,0.6376797,0.07411986,0.7585705,0.04537465,0.68416953,0.027635064,0.58835024,0.020938914,0.575292,0.25701183,0.68233246,0.2204746,0.6262913,0.18914187,0.5498621,0.18137424
0.0,0.0,0.11867511,-0.27740335,0.29016027,-0.55063635,0.3294952,-0.78793496,0.29562515,-1.0,0.3158659,-0.40233302,0.62306905,-0.34713465,0.5355681,-0.36205426,0.42490602,-0.3906403,0.29004773,-0.1791072,0.600007,-0.15935363,0.5188339,-0.19941427,0.4048421,-0.20794712,0.27087817,0.013619788,0.5434766,0.00020474227,0.4706925,-0.036947396,0.3661905,-0.035332587,0.2606337,0.16745189,0.48372394,0.12456281,0.42433766,0.09015689,0.3329083,0.10320691
0.0,0.0,-0.15814394,-0.26274028,-0.29031444,-0.5411064,-0.43613064,-0.756164,-0.6000382,-0.8352279,-0.09890718,-0.92464197,0.11034924,-1.0,0.1297722,-0.8328453,0.0794458,-0.71197325,0.042006813,-0.89458346,0.2341299,-0.9304508,0.23490575,-0.7743353,0.17090864,-0.6649027,0.18521386,-0.8037149,0.33780938,-0.84802663,0.3254473,-0.71055573,0.25554854,-0.60925806,0.32131225,-0.6858681,0.4228353,-0.770671,0.4069116,-0.6507468,0.3510825,-0.5564804
0.0,0.0,-0.093818724,-0.25284863,-0.19477218,-0.5520648,-0.21734041,-0.7977447,-0.18050963,-1.0,-0.24123569,-0.672988,-0.52663666,-0.60994685,-0.4823005,-0.4586203,-0.39707294,-0.42609957,-0.232359,-0.5475562,-0.5377231,-0.42401856,-0.47141472,-0.29171377,-0.38494796,-0.26210138,-0.2417294,-0.38687763,-0.5166784,-0.2778658,-0.45066276,-0.1520859,-0.36570537,-0.10729485,-0.258554,-0.21431412,-0.47295478,-0.136604,-0.4286454,-0.039869092,-0.36411625,-0.0003640326
0.0,0.0,0.084103495,-0.30002126,0.2235356,-0.5899672,0.31924942,-0.81192684,0.3625105,-1.0,0.3671665,-0.40819585,0.5038924,-0.442447,0.5670263,-0.46015507,0.6215541,-0.4739912,0.39113495,-0.1906712,0.58778465,-0.20394842,0.6419621,-0.21366547,0.67536646,-0.21277781,0.40062827,0.009573941,0.6137853,0.018105492,0.67998636,0.013478254,0.72529113,0.0065226215,0.39627966,0.18086343,0.57363284,0.20064512,0.6315224,0.21249162,0.6760568,0.21557131
0.0,0.0,0.115071744,-0.29787898,0.24765143,-0.56063485,0.29738584,-0.80354565,0.26877704,-1.0,0.54134893,-0.43641448,0.73527396,-0.3200966,0.6746669,-0.24155454,0.59043586,-0.24090837,0.5541034,-0.26106188,0.7259347,-0.14491497,0.65119565,-0.088580675,0.56255436,-0.10016894,0.53719527,-0.07226671,0.7002593,0.010730916,0.62902725,0.049595755,0.54148805,0.03072235,0.49924046,0.10929617,0.6505416,0.14461467,0.58621615,0.15794367,0.506638,0.13959083
0.0,0.0,-0.2923508,-0.2145338,-0.57749486,-0.22409223,-0.8219796,-0.13846904,-1.0,-0.12266705,-0.6768384,0.31781217,-0.8423118,0.3831475,-0.76943713,0.25266147,-0.67741275,0.1835005,-0.55868644,0.49943253,-0.6943597,0.49358004,-0.6382657,0.37006682,-0.5576648,0.30797827,-0.41835096,0.6102338,-0.543223,0.5777384,-0.49886003,0.47828978,-0.41956908,0.4125935,-0.28428006,0.68002075,-0.3862791,0.63979316,-0.35107565,0.5457415,-0.28872392,0.48154843
0.0,0.0,-0.095543884,-0.2962929,-0.23700725,-0.5535485,-0.31592458,-0.7910266,-0.30995885,-1.0,-0.44425395,-0.4822799,-0.6771034,-0.37640393,-0.5925027,-0.33006778,-0.49780503,-0.35333037,-0.46047243,-0.2868472,-0.66106325,-0.21303655,-0.5696302,-0.18043686,-0.47301358,-0.20110135,-0.459364,-0.096463546,-0.6047125,-0.06258759,-0.5242719,-0.041317426,-0.43971545,-0.059272792,-0.44546452,0.076909095,-0.55117774,0.06189691,-0.46866277,0.078161225,-0.3928452,0.07428149
0.0,0.0,-0.14160354,-0.2889514,-0.1653349,-0.605595,-0.12510245,-0.84820503,-0.14169684,-1.0,0.02002881,-0.8057588,0.23432063,-0.89960176,0.2525587,-0.8091333,0.20858046,-0.7279081,0.1507552,-0.72737575,0.34901983,-0.7999902,0.33308646,-0.69233185,0.2647822,-0.61081403,0.2725462,-0.6075285,0.44212976,-0.70232016,0.41626692,-0.60309213,0.35068163,-0.51885766,0.37752572,-0.46915242,0.4986166,-0.5929795,0.4703524,-0.5172203,0.41489506,-0.44181344
0.0,0.0,-0.058882203,-0.35000306,-0.18439032,-0.59385437,-0.31588113,-0.79873055,-0.36217198,-1.0,-0.50356275,-0.38992414,-0.69289345,-0.42684937,-0.57883185,-0.4269888,-0.47033495,-0.4009639,-0.52912664,-0.17593236,-0.6752172,-0.244086,-0.5733388,-0.2581095,-0.48306236,-0.22899574,-0.5117722,0.012554269,-0.6325035,-0.06546137,-0.55276,-0.08044003,-0.4710149,-0.057328906,-0.47768402,0.16782661,-0.58594143,0.087197125,-0.51967615,0.0610345,-0.45018002,0.07296166
0.0,0.0,0.0014753564,-0.23215967,0.042638555,-0.56448233,0.026289163,-0.8035384,-0.029377347,-1.0,0.033351745,-0.47805408,0.33272797,-0.62268704,0.29708764,-0.5468523,0.2040363,-0.5000929,0.07821804,-0.3146357,0.4055429,-0.45806986,0.35333776,-0.3909418,0.24271664,-0.33671138,0.14201102,-0.1561258,0.44463137,-0.29438892,0.38138598,-0.23451003,0.27580625,-0.18085556,0.21339245,-0.012924209,0.42691496,-0.12896417,0.3784111,-0.08916571,0.2951931,-0.05132044
0.0,0.0,-0.3226118,-0.113272704,-0.592037,-0.044759706,-0.8334633,0.025866572,-1.0,0.017506434,-0.6372884,0.49736074,-0.7033736,0.66037405,-0.6308184,0.5376175,-0.56940365,0.4274136,-0.48139107,0.6700853,-0.5334714,0.7354518,-0.46624032,0.6097765,-0.40793836,0.5048611,-0.30310377,0.75855744,-0.37521657,0.803992,-0.32688203,0.6938823,-0.26796395,0.59000516,-0.1384099,0.79679984,-0.21663636,0.8456563,-0.18080956,0.73637336,-0.13827075,0.63954234
0.0,0.0,0.09412502,-0.2657144,0.21818814,-0.5394256,0.24586979,-0.7949031,0.21229696,-1.0,0.37125117,-0.4060093,0.6422844,-0.3866938,0.5803638,-0.35558158,0.4970405,-0.35178033,0.3638088,-0.20962355,0.6284738,-0.20429234,0.55957896,-0.19932117,0.4700114,-0.2013698,0.3512643,-0.022486677,0.59090286,-0.04540206,0.53348035,-0.042998247,0.45047766,-0.039250873,0.342395,0.14832032,0.5382461,0.10156683,0.49775183,0.090161346,0.43098173,0.09434529
0.0,0.0,-0.01988315,-0.31111667,-0.021633718,-0.61946434,-0.07648127,-0.8502239,-0.17753176,-1.0,0.26891303,-0.78123665,0.48389977,-0.73294777,0.4353367,-0.6136204,0.34537947,-0.5634355,0.35230574,-0.6675591,0.54629105,-0.6004588,0.49302262,-0.49283397,0.39757806,-0.4526747,0.42415848,-0.5091973,0.5954921,-0.47268218,0.5375969,-0.3798677,0.4442384,-0.35200396,0.47888052,-0.33528084,0.61433536,-0.34703782,0.5509822,-0.26967165,0.4655787,-0.23792753
0.0,0.0,-0.002502474,-0.2891123,0.05055946,-0.57920665,0.07922376,-0.81923515,0.053407863,-1.0,0.2671138,-0.5290373,0.4859479,-0.64973575,0.4121663,-0.6000085,0.32786426,-0.552348,0.34270296,-0.36822793,0.53700006,-0.51604223,0.4557392,-0.49155867,0.3739045,-0.44175214,0.38467038,-0.20963123,0.54958093,-0.35931787,0.48333192,-0.34620708,0.41341206,-0.29896635,0.40655538,-0.059738293,0.52857596,-0.19810747,0.469508,-0.20741488,0.41075426,-0.17179775
0.0,0.0,-0.092686355,-0.31681496,-0.24902038,-0.5712973,-0.35765168,-0.79424155,-0.3771161,-1.0,-0.49299905,-0.40079898,-0.70564234,-0.266827,-0.6116783,-0.24662928,-0.50574046,-0.28755113,-0.48640618,-0.17804931,-0.6644203,-0.096022755,-0.565578,-0.08852608,-0.46386185,-0.12235569,-0.45912385,0.02354559,-0.5891498,0.051817708,-0.50612795,0.05590703,-0.4170542,0.028593587,-0.42160907,0.20050496,-0.5205974,0.17735861,-0.439038,0.17774066,-0.36087263,0.16177417
0.0,0.0,-0.08719935,-0.40251553,-0.33489576,-0.74116385,-0.5901791,-0.8555254,-0.7796012,-0.82453114,-0.57198894,-0.7854705,-0.9787592,-0.6824127,-0.86064947,-0.5895642,-0.7016649,-0.58289677,-0.5923488,-0.48232448,-1.0,-0.4208048,-0.86492544,-0.35605067,-0.70162773,-0.3454987,-0.59430504,-0.17347145,-0.97169805,-0.14900662,-0.83374906,-0.105099626,-0.6789644,-0.09811984,-0.5798859,0.13002348,-0.8751065,0.09832673,-0.7556043,0.12475587,-0.6234301,0.14396663
0.0,0.0,-0.16339621,-0.40549952,-0.41947395,-0.68710923,-0.6648959,-0.8375578,-0.8376981,-0.9848296,-0.6938905,-0.27028346,-1.0,-0.15234528,-0.9039809,-0.16603608,-0.7751442,-0.17684963,-0.6456129,0.025222523,-0.9464851,0.116102174,-0.85405004,0.076974235,-0.73418105,0.056518048,-0.56750184,0.27542368,-0.83907604,0.33339703,-0.7467927,0.29782355,-0.6337088,0.28259632,-0.47444114,0.48689428,-0.6987016,0.5053476,-0.62179255,0.45702374,-0.5262657,0.43366754
0.0,0.0,0.0916428,-0.27013552,0.20460632,-0.5481426,0.22448538,-0.79972476,0.18020333,-1.0,0.35878393,-0.39069262,0.6181217,-0.38965246,0.5520548,-0.36109433,0.45439854,-0.35170823,0.35174718,-0.19969308,0.6059929,-0.20278144,0.5455452,-0.19462727,0.45362294,-0.18629947,0.3412121,-0.019682735,0.5809078,-0.03558896,0.52890974,-0.03584832,0.4414749,-0.03233318,0.33309793,0.13941133,0.53453815,0.10329945,0.49599886,0.09381614,0.4249582,0.10002502
0.0,0.0,-0.034384172,-0.32966185,-0.025081454,-0.635304,-0.060247377,-0.86563265,-0.14610778,-1.0,0.29471096,-0.8391993,0.50580424,-0.8352593,0.46342108,-0.71516913,0.37287438,-0.6506553,0.39488548,-0.7014145,0.5781331,-0.6805683,0.5303186,-0.5737137,0.44456434,-0.5141655,0.4762589,-0.5320564,0.62846524,-0.5286297,0.5790918,-0.44132134,0.49648798,-0.3911983,0.5325418,-0.35573828,0.6517669,-0.3922138,0.60010606,-0.31496406,0.5292985,-0.2629422
0.0,0.0,-0.21226126,-0.3458297,-0.5387298,-0.50446177,-0.8099125,-0.644006,-1.0,-0.7824157,-0.72190213,-0.030514386,-0.88145095,-0.016705247,-0.8609784,-0.09814879,-0.804196,-0.15812986,-0.6803843,0.20877138,-0.82741445,0.15712588,-0.7677392,0.035250477,-0.68563277,-0.025349116,-0.59469146,0.38918602,-0.7535044,0.33235267,-0.6979683,0.21974015,-0.60577595,0.15975116,-0.49777576,0.51127696,-0.6407097,0.49115896,-0.6174119,0.39038682,-0.5490947,0.33684653
0.0,0.0,0.2858123,-0.20397335,0.55945414,-0.26941234,0.80198854,-0.32746732,1.0,-0.41455156,0.70878506,0.2344746,0.81593335,0.12237661,0.71373177,-0.05578624,0.60799205,-0.12628058,0.6270104,0.41849133,0.727228,0.25042745,0.6284542,0.070046335,0.5222333,0.011058372,0.51898813,0.5459303,0.61163944,0.36752325,0.52684623,0.20721325,0.4191137,0.13891955,0.41375685,0.6246806,0.5084937,0.51429594,0.47475815,0.3897075,0.4172915,0.32181072
0.0,0.0,0.046422582,-0.2534084,0.14051653,-0.5577198,0.15461601,-0.7917784,0.11513644,-1.0,0.24002735,-0.5031365,0.5308682,-0.45086253,0.46813905,-0.3846431,0.35867226,-0.38246995,0.23621757,-0.3231691,0.5437509,-0.2904993,0.46737537,-0.24974033,0.34530804,-0.25517294,0.23448935,-0.1327514,0.51708305,-0.11829181,0.44525072,-0.08694838,0.33634058,-0.08985811,0.23368284,0.05411559,0.45110565,0.051477157,0.38728663,0.071033314,0.28921786,0.06596882
0.0,0.0,-0.15249786,-0.2687612,-0.19516446,-0.5679663,-0.17281969,-0.8148072,-0.122264504,-1.0,-0.10687445,-0.6920299,-0.36429393,-0.66524523,-0.36150682,-0.5270464,-0.30403036,-0.4882486,-0.07838955,-0.57063705,-0.37466365,-0.5021644,-0.35132524,-0.39192072,-0.28678536,-0.3593009,-0.0795984,-0.4244982,-0.35858542,-0.37091145,-0.3377117,-0.26222903,-0.27603638,-0.2235436,-0.10368399,-0.26745397,-0.32536206,-0.24242343,-0.3075644,-0.16657798,-0.252256,-0.14136495
0.0,0.0,0.04854157,-0.29102796,-0.020860808,-0.57812834,-0.05903789,-0.81822157,-0.062180698,-1.0,-0.25627962,-0.54606074,-0.49673125,-0.56345755,-0.42860657,-0.52563244,-0.33362633,-0.509562,-0.32120273,-0.35929406,-0.5318317,-0.4029155,-0.45550615,-0.37180287,-0.36569014,-0.34971878,-0.36127844,-0.17237407,-0.50835854,-0.2292293,-0.43803254,-0.20954698,-0.3590616,-0.18887265,-0.3738694,-0.0023865048,-0.47368297,-0.0895579,-0.40399116,-0.07135323,-0.33671835,-0.043291982
0.0,0.0,0.0018346373,-0.28865683,0.046483155,-0.5972166,0.059106972,-0.82521904,0.023653511,-1.0,0.17847553,-0.6022765,0.4415599,-0.68318665,0.40354812,-0.5998598,0.32431725,-0.55908203,0.22523244,-0.46198514,0.484344,-0.5420353,0.43234673,-0.47234225,0.34371606,-0.4382326,0.26997563,-0.31061172,0.50114334,-0.4074281,0.45025644,-0.34244433,0.36640093,-0.29689604,0.3105465,-0.16256952,0.48979333,-0.2694722,0.44362596,-0.22935762,0.3714484,-0.19321668
0.0,0.0,-0.0862411,-0.30815867,-0.13922678,-0.61490923,-0.2089474,-0.85783505,-0.32659203,-1.0,0.16744871,-0.85769093,0.41430047,-0.8566301,0.38445595,-0.7317104,0.2991729,-0.66228026,0.28001747,-0.7422839,0.4933745,-0.72396225,0.45263004,-0.6070608,0.3632055,-0.5477641,0.3809255,-0.5800577,0.5590156,-0.5885122,0.5121651,-0.4843151,0.42172405,-0.42731026,0.46735346,-0.39953038,0.60409343,-0.44250828,0.5469885,-0.35035408,0.46432644,-0.2960295
0.0,0.0,-0.13257606,-0.3468134,-0.2975735,-0.60308665,-0.4344103,-0.8084572,-0.49781284,-1.0,-0.6743864,-0.3401038,-0.7113246,-0.14823355,-0.6164174,-0.0893,-0.5257294,-0.10122058,-0.6790066,-0.11416016,-0.64739746,-0.0068730116,-0.5479121,0.0029339048,-0.46238458,-0.026779588,-0.62320495,0.09505097,-0.56863904,0.122381985,-0.49284536,0.11348995,-0.4161509,0.08690093,-0.55038273,0.2876867,-0.4988895,0.2743977,-0.42172423,0.24596663,-0.36329028,0.22326368
0.0,0.0,0.0776069,-0.29183197,0.16172765,-0.56913346,0.17214943,-0.8158454,0.110325135,-1.0,0.4109816,-0.47639993,0.60951877,-0.4246655,0.5557721,-0.3764535,0.47563156,-0.37743822,0.44169053,-0.31666902,0.6031626,-0.2797645,0.5406298,-0.24027193,0.4626024,-0.23061347,0.44847652,-0.14750119,0.58075786,-0.14553174,0.5303085,-0.10866588,0.4532981,-0.096195444,0.44317767,0.008145376,0.5698683,-0.003973419,0.52745503,0.01838558,0.46390116,0.028195078
0.0,0.0,0.08264043,-0.43005013,0.25613615,-0.70883256,0.41777435,-0.88286656,0.5063625,-1.0,0.47682518,-0.59144723,0.7650667,-0.6752725,0.6757488,-0.66724676,0.57415426,-0.6448159,0.5057789,-0.3478086,0.76372254,-0.48520055,0.68065065,-0.50554764,0.5787617,-0.4668913,0.51098216,-0.13745178,0.7137041,-0.29793528,0.6464766,-0.31924325,0.5599917,-0.28356206,0.50354844,0.034171116,0.6602547,-0.1366471,0.5966485,-0.16459931,0.5209592,-0.12264697
0.0,0.0,-0.218158,-0.27298605,-0.4736088,-0.5078262,-0.6178547,-0.7629332,-0.6781559,-1.0,-0.683508,-0.33777508,-0.9406377,0.004205949,-0.81920975,0.030641567,-0.70880115,-0.057354037,-0.6318427,-0.117680125,-0.8429936,0.1985381,-0.7260394,0.19128574,-0.6282547,0.08802352,-0.56778497,0.10556586,-0.7211987,0.33440745,-0.6179657,0.31163687,-0.52539414,0.22237708,-0.49984324,0.315498,-0.61927766,0.44292852,-0.5125327,0.4071381,-0.42248008,0.3332331
0.0,0.0,-0.02628217,-0.28563842,-0.14467135,-0.57821834,-0.22696899,-0.8023524,-0.24811518,-1.0,-0.46616143,-0.45979634,-0.4105465,-0.4764608,-0.29441422,-0.41825756,-0.2454969,-0.36317605,-0.50907254,-0.25323322,-0.4414975,-0.30202407,-0.34240434,-0.26189527,-0.3008738,-0.20981073,-0.50307316,-0.04965649,-0.4387102,-0.11868879,-0.35804313,-0.09513643,-0.31997833,-0.050879125,-0.47045594,0.13157168,-0.428139,0.05026162,-0.34629035,0.060268763,-0.30823612,0.09387901
0.0,0.0,-0.041333564,-0.33660764,-0.11354893,-0.60634124,-0.20537631,-0.81822807,-0.25552237,-1.0,-0.4446519,-0.526979,-0.5854202,-0.48364154,-0.50458753,-0.4508968,-0.4084279,-0.4313848,-0.50280225,-0.33636245,-0.5922849,-0.3307058,-0.50964767,-0.31771708,-0.41873863,-0.29699972,-0.52015877,-0.14053953,-0.5764115,-0.1733028,-0.5082762,-0.16141967,-0.4271478,-0.13714105,-0.51572824,0.03976074,-0.54034454,-0.007787943,-0.47379974,0.0021435597,-0.4087944,0.021579612
0.0,0.0,-0.10984661,-0.2978377,-0.16370077,-0.6294956,-0.21719539,-0.8685532,-0.31840152,-1.0,-0.043382257,-0.79324484,0.21489492,-0.9831469,0.20849192,-0.85489374,0.1341353,-0.7616386,0.06296711,-0.6884978,0.3160094,-0.8812261,0.29092216,-0.7546233,0.2153738,-0.6657588,0.17373139,-0.554724,0.38827395,-0.743986,0.35631213,-0.6303407,0.28406915,-0.54213804,0.2769574,-0.41329926,0.44283462,-0.6158273,0.4067633,-0.5319695,0.34003043,-0.45323583
0.0,0.0,0.067217685,-0.30305982,0.13189302,-0.5662949,0.1625142,-0.8064678,0.14078216,-1.0,0.48153797,-0.45350546,0.48799866,-0.41681397,0.40254614,-0.35940772,0.3274158,-0.33724236,0.5243491,-0.27331886,0.51286983,-0.26259026,0.43362212,-0.23518254,0.35906667,-0.20878483,0.5141099,-0.09621643,0.5274787,-0.11170481,0.45963433,-0.095117785,0.3807166,-0.083107315,0.48390323,0.059169732,0.5636887,0.04541956,0.5518189,0.06267192,0.5221113,0.07624637
0.0,0.0,0.2802896,-0.09697395,0.45802882,-0.32725343,0.56246793,-0.5769313,0.67170936,-0.7388336,0.21850038,-0.6695294,0.24515001,-1.0,0.26961377,-0.932924,0.2634078,-0.8164089,0.050299443,-0.68185246,0.0819496,-0.92321086,0.112698294,-0.8311282,0.113406844,-0.7193059,-0.08930122,-0.6332139,-0.0500927,-0.7828575,-0.026490912,-0.70308095,-0.0254576,-0.60472107,-0.2002601,-0.5625251,-0.15828983,-0.66797984,-0.13660695,-0.5936769,-0.13228811,-0.5108076
0.0,0.0,-0.102610484,-0.30169544,-0.23962766,-0.5659038,-0.32652214,-0.79742646,-0.34267431,-1.0,-0.49688575,-0.5257968,-0.6838988,-0.37942636,-0.6021591,-0.31284663,-0.50674164,-0.32889363,-0.51747143,-0.33806166,-0.6510992,-0.19646893,-0.56304,-0.15836924,-0.47394082,-0.18770793,-0.5078276,-0.13679238,-0.58717537,-0.034397237,-0.5081419,-0.010279367,-0.42724138,-0.03815177,-0.48180506,0.056815293,-0.5246742,0.12884937,-0.4375544,0.14551325,-0.36403137,0.12750074
0.0,0.0,-0.08957418,-0.2699914,-0.13007627,-0.5851648,-0.15882915,-0.8345651,-0.22995746,-1.0,0.051775467,-0.7328893,0.28692633,-0.8483673,0.25199032,-0.73748815,0.17320201,-0.6655928,0.14726567,-0.62275195,0.36986846,-0.74727446,0.328889,-0.64076054,0.2502784,-0.57122904,0.23853417,-0.4902673,0.42923084,-0.6236554,0.384601,-0.528502,0.31031412,-0.4596877,0.32283476,-0.3484065,0.46137565,-0.49582207,0.41376582,-0.41956118,0.34785387,-0.3565807
0.0,0.0,0.07496392,-0.3116707,0.22172749,-0.57359576,0.32395414,-0.8029989,0.33351293,-1.0,0.44037917,-0.4267562,0.67424864,-0.47225803,0.5857362,-0.45149663,0.4874185,-0.43625206,0.47164792,-0.23594196,0.68418384,-0.29708898,0.5980204,-0.29916605,0.5060282,-0.2806326,0.47402468,-0.0558527,0.66659564,-0.12396743,0.5967811,-0.14172257,0.51161355,-0.12417692,0.45926127,0.101995476,0.6196511,0.03208913,0.562622,0.0018415722,0.48722687,0.016474757
0.0,0.0,-0.041851092,-0.29592857,-0.127678,-0.56711125,-0.15880767,-0.80525917,-0.13106696,-1.0,-0.28247157,-0.49364835,-0.5573597,-0.4894533,-0.48460335,-0.46061856,-0.38470858,-0.45038942,-0.31798187,-0.30581045,-0.5489419,-0.35028857,-0.4642823,-0.33158937,-0.369312,-0.31652194,-0.3391817,-0.13304433,-0.5103681,-0.21731791,-0.43912357,-0.20248607,-0.35716942,-0.18125096,-0.3538859,0.019967163,-0.4764122,-0.09476422,-0.39799,-0.08321028,-0.32178634,-0.048408985
0.0,0.0,-0.1614752,-0.28729588,-0.28453207,-0.56053025,-0.41099018,-0.8075623,-0.558663,-0.9504697,-0.006463621,-0.98820406,0.17285813,-1.0,0.17295921,-0.831572,0.11233662,-0.7249514,0.15927383,-0.93060523,0.30656943,-0.9054695,0.28420353,-0.7537269,0.21039642,-0.6524931,0.30369285,-0.8055533,0.4166234,-0.78107107,0.38620716,-0.6551778,0.3043587,-0.5612462,0.42505974,-0.6568401,0.5148593,-0.6584672,0.47475964,-0.5467726,0.39561808,-0.4667959
0.0,0.0,-0.073305726,-0.33066884,-0.27584156,-0.6551631,-0.46945938,-0.86036503,-0.62111884,-1.0,-0.34767625,-0.6948218,-0.5433979,-0.8429508,-0.6282501,-0.88829166,-0.6698222,-0.93442273,-0.41318297,-0.5073039,-0.6397616,-0.5859993,-0.61357045,-0.53520715,-0.5473515,-0.50419945,-0.4596346,-0.28947613,-0.6657337,-0.34212422,-0.62687016,-0.29500693,-0.5572427,-0.25684056,-0.48792207,-0.07187167,-0.6566499,-0.12264396,-0.6148087,-0.0945674,-0.5534569,-0.06579847
0.0,0.0,-0.16269921,-0.33823055,-0.41064698,-0.5625659,-0.63220626,-0.7032445,-0.8078956,-0.8313193,-0.6038618,-0.21449806,-0.81537235,-0.0992562,-0.92493623,-0.021755064,-1.0,0.04571636,-0.5613363,0.054160893,-0.76026124,0.18120492,-0.8468309,0.22089437,-0.90481466,0.24045125,-0.4764915,0.2864295,-0.66842693,0.39976797,-0.7415024,0.41844338,-0.7942874,0.41706228,-0.35650802,0.47957993,-0.5031199,0.5957845,-0.55318797,0.58902895,-0.5846948,0.5642009
0.0,0.0,0.3125334,-0.09969109,0.63018334,-0.131286,0.8614751,-0.23718275,1.0,-0.3873156,0.7728995,0.3212188,0.85928905,0.58655787,0.81107223,0.7002885,0.7493338,0.7259802,0.6723178,0.5224054,0.6961355,0.7795213,0.6202287,0.77055883,0.5547983,0.6757405,0.52863705,0.6766408,0.53926545,0.8782531,0.47143847,0.83661926,0.4148311,0.71476394,0.3731534,0.7947283,0.38596237,0.9389035,0.33274707,0.8806977,0.29040563,0.761552
0.0,0.0,-0.05487241,-0.30609804,-0.16149023,-0.57856363,-0.25357786,-0.8025313,-0.29371208,-1.0,-0.5262801,-0.50267696,-0.5964479,-0.49063942,-0.50851125,-0.43616688,-0.415823,-0.40422946,-0.57344675,-0.3087421,-0.5621061,-0.2716386,-0.46262214,-0.23524737,-0.37250668,-0.21648392,-0.57159215,-0.11432726,-0.53886527,-0.10883185,-0.46097043,-0.08775292,-0.38054103,-0.0662278,-0.54978037,0.061919544,-0.5269483,0.04898007,-0.44514063,0.060694914,-0.37871876,0.07474361
0.0,0.0,0.25920087,-0.3172394,0.55351764,-0.4183869,0.80453545,-0.48284543,1.0,-0.60543877,0.7444515,0.119765244,0.66447073,0.05914909,0.5575057,-0.0064785094,0.49848413,-0.027156651,0.669717,0.35842916,0.5833632,0.23696263,0.49365225,0.16067718,0.42946115,0.13579758,0.555215,0.5104132,0.49907163,0.38074613,0.4255199,0.31204516,0.37045845,0.27517855,0.439715,0.59468657,0.406923,0.48831683,0.33987257,0.4251159,0.29194018,0.38786414
0.0,0.0,-0.046889167,-0.29378933,-0.024131611,-0.597749,-0.005001072,-0.83303386,-0.041384395,-1.0,0.17652866,-0.6132839,0.40170008,-0.7557509,0.34887862,-0.6807119,0.2698709,-0.61957717,0.25926843,-0.4661559,0.47401586,-0.62663215,0.41269976,-0.5681997,0.33437055,-0.49983028,0.3246944,-0.3129791,0.50953674,-0.4825306,0.45299292,-0.43849295,0.38414076,-0.3761144,0.373928,-0.16059956,0.5166266,-0.32574326,0.46435738,-0.30841875,0.40175778,-0.25876456
0.0,0.0,-0.08252211,-0.05872269,-0.1203582,-0.17274602,-0.07534189,-0.2907094,-0.027049668,-0.38199106,-0.18392637,-0.46470153,-0.25113356,-0.6559137,-0.29401973,-0.7768961,-0.33048272,-0.8785613,-0.09917313,-0.4936082,-0.09048177,-0.72633314,-0.083301224,-0.8795733,-0.08014451,-1.0,-0.024639912,-0.45428765,-0.0067642033,-0.5940853,-0.013078932,-0.57570654,-0.022508156,-0.55073273,0.03933455,-0.3779575,0.056946874,-0.480426,0.04867966,-0.49768758,0.035257775,-0.49994373
0.0,0.0,-0.11256292,-0.06581866,-0.16484652,-0.19918275,-0.09739306,-0.29552794,-0.020721497,-0.36344892,-0.15329096,-0.4638687,-0.20682305,-0.6877149,-0.23156415,-0.82445085,-0.24829848,-0.94663686,-0.045326304,-0.48730022,-0.0033880805,-0.723805,0.031482637,-0.87720895,0.059246995,-1.0,0.043861307,-0.44858456,0.030252859,-0.4389621,-0.013028484,-0.30486825,-0.038579162,-0.21022213,0.10763043,-0.37820172,0.074645996,-0.3532992,0.034211755,-0.25803763,0.013727731,-0.19051103
0.0,0.0,0.0701983,-0.12740633,0.02473533,-0.29094547,-0.117833495,-0.35783854,-0.23951915,-0.41363618,-0.042469755,-0.5704406,-0.10356409,-0.77563745,-0.14544643,-0.89788437,-0.18876871,-1.0,-0.13986282,-0.53403586,-0.27352515,-0.7176979,-0.36222804,-0.8062021,-0.4358114,-0.8726148,-0.19795775,-0.44576734,-0.28048673,-0.4780849,-0.21491764,-0.37519592,-0.15683082,-0.31525806,-0.22080569,-0.3405804,-0.2680718,-0.36096233,-0.21334045,-0.29169893,-0.16022168,-0.25154984
0.0,0.0,0.08462848,-0.097375736,0.09638275,-0.30126628,0.012490337,-0.4572886,-0.062720254,-0.57604223,0.085759126,-0.5151958,0.106257826,-0.7354338,0.11842583,-0.8652111,0.11908084,-0.97594166,-0.005394502,-0.49940753,-0.059204184,-0.73678005,-0.09479361,-0.88312966,-0.13175689,-1.0,-0.07337709,-0.43045583,-0.102936104,-0.5124569,-0.047408644,-0.40777206,-0.010623807,-0.33024183,-0.12198876,-0.3379544,-0.11105472,-0.36790147,-0.053800985,-0.2788834,-0.010005867,-0.21650621
0.0,0.0,0.10649087,-0.049181256,0.16545278,-0.17406236,0.13776371,-0.28004533,0.11123279,-0.38557905,0.13333417,-0.49620304,0.19280145,-0.7039121,0.22731496,-0.8228934,0.24904478,-0.92832756,0.0416426,-0.49802986,0.007406518,-0.7514353,0.00018763985,-0.8861107,-0.008235246,-1.0,-0.03267588,-0.4400095,-0.017032353,-0.5522057,0.03325624,-0.4198143,0.054139823,-0.32261497,-0.08762434,-0.34436125,-0.049794506,-0.3680741,-0.006109013,-0.28388694,0.010736699,-0.22334933
0.0,0.0,0.11312045,-0.064114824,0.15624498,-0.19613671,0.11800773,-0.3209864,0.072291255,-0.43298763,0.14169544,-0.4980453,0.18375996,-0.703322,0.20767656,-0.83222747,0.2171309,-0.9433474,0.0484223,-0.4966987,0.015806664,-0.7349279,-0.0054968875,-0.88278115,-0.026590489,-1.0,-0.02593869,-0.43011653,-0.023786025,-0.48433354,0.013637375,-0.3831522,0.035789993,-0.30246463,-0.07681527,-0.3288348,-0.044311743,-0.33131555,0.008232485,-0.24614826,0.045432,-0.17647655
0.0,0.0,-0.08840886,0.04410182,-0.15415959,-0.010131659,-0.07481651,-0.12948133,-0.004868201,-0.2423639,-0.31520277,-0.3151994,-0.4660194,-0.4761239,-0.563747,-0.58074653,-0.64462113,-0.68601704,-0.22157195,-0.42672202,-0.30218124,-0.66576487,-0.34739682,-0.8413789,-0.39411807,-1.0,-0.11548344,-0.4503597,-0.10135925,-0.5635085,-0.017271912,-0.38019353,0.03233602,-0.24134289,-0.0047139092,-0.4244402,0.03313142,-0.46532717,0.07605489,-0.33333603,0.09627521,-0.22248118
0.0,0.0,0.11143206,-0.06284341,0.16148402,-0.224193,0.09197147,-0.38921195,0.038808648,-0.51468337,0.21662831,-0.47274637,0.28910834,-0.6717706,0.33177474,-0.7988929,0.35178414,-0.9068682,0.119803466,-0.5107674,0.11180795,-0.7573421,0.09046748,-0.8940429,0.06174645,-1.0,0.03829957,-0.48024982,0.016754555,-0.5388149,0.028644,-0.41734377,0.03488092,-0.33737797,-0.023291737,-0.4128245,-0.024889676,-0.4487943,-0.0032335254,-0.35434,0.012306015,-0.28401938
0.0,0.0,-0.14704838,-0.02283202,-0.2448741,-0.14171349,-0.25767764,-0.29345262,-0.24505144,-0.4154891,-0.3136555,-0.36724234,-0.45264727,-0.5229517,-0.5319722,-0.6237747,-0.5937441,-0.71807504,-0.2215146,-0.44391742,-0.29170874,-0.6991432,-0.3253932,-0.8711913,-0.3427444,-1.0,-0.12965357,-0.44401705,-0.15652217,-0.5532111,-0.170729,-0.5329296,-0.17141697,-0.507058,-0.057228997,-0.3905866,-0.07990918,-0.42435676,-0.08744037,-0.38954407,-0.082994424,-0.35460466
0.0,0.0,0.09558386,-0.07614736,0.10227279,-0.2271668,0.0054676416,-0.34818476,-0.059748694,-0.4665898,0.13287753,-0.52496845,0.18769358,-0.742728,0.22192976,-0.8772534,0.23961523,-0.9921487,0.030783322,-0.5351232,-0.032239392,-0.77415204,-0.09038241,-0.90124017,-0.13968231,-1.0,-0.047029726,-0.47633886,-0.11517907,-0.5040833,-0.09644785,-0.36382705,-0.07180126,-0.27259848,-0.10016662,-0.3842976,-0.14540082,-0.39256275,-0.11972892,-0.28178415,-0.08679946,-0.20140629
0.0,0.0,-0.024390453,0.12828222,-0.09246097,0.18089677,-0.16495171,0.016514216,-0.24154939,-0.14410055,-0.450346,0.13324815,-0.6918849,0.20509939,-0.85197437,0.24570194,-0.99954814,0.26469222,-0.47407478,-0.053713914,-0.6977804,-0.16181159,-0.85694695,-0.26672396,-1.0,-0.35549587,-0.42362493,-0.18714002,-0.41925418,-0.31624895,-0.25460094,-0.27842912,-0.13287008,-0.22065261,-0.33627814,-0.2927242,-0.32224387,-0.38672185,-0.21148959,-0.33772352,-0.11228143,-0.2537206
0.0,0.0,0.11605894,-0.037351336,0.20457254,-0.12381554,0.14106527,-0.18271263,0.039036997,-0.22330984,0.14480342,-0.48227248,0.17340006,-0.72674817,0.19271627,-0.8652633,0.1975657,-0.9877919,0.042050816,-0.50237244,-0.012781044,-0.7305995,-0.051546633,-0.87772834,-0.095277205,-1.0,-0.04066354,-0.45449814,-0.027482606,-0.42696393,0.026022583,-0.29346678,0.05205433,-0.20746508,-0.09841235,-0.37195757,-0.060719438,-0.30233037,-0.01090996,-0.20738615,0.016575797,-0.14320025
0.0,0.0,0.016428364,-0.20509303,0.15435262,-0.33814225,0.33184564,-0.27946126,0.4862363,-0.23562823,0.3970484,-0.5144481,0.57179266,-0.67802924,0.68477494,-0.77237,0.7870972,-0.8433817,0.46626717,-0.35273433,0.7168175,-0.37713468,0.87036264,-0.37370297,1.0,-0.36058313,0.45788887,-0.19455525,0.5781642,-0.17325893,0.4204136,-0.15847273,0.32139847,-0.15098009,0.41272703,-0.050396707,0.49451682,-0.06122116,0.38069168,-0.058624048,0.297127,-0.061491184
0.0,0.0,-0.042090964,0.09480109,-0.1492897,0.12650616,-0.25072816,-0.0045406627,-0.3372135,-0.14411426,-0.4770738,0.09436004,-0.7206472,0.13713787,-0.8636461,0.15251195,-0.98787457,0.15404245,-0.48178005,-0.08310913,-0.7206046,-0.17611445,-0.86674273,-0.25070286,-1.0,-0.30710033,-0.42698142,-0.20956472,-0.48480666,-0.32334396,-0.33612558,-0.29234436,-0.22462142,-0.24606924,-0.33834314,-0.30077103,-0.35708782,-0.37165353,-0.25339803,-0.33415577,-0.16206612,-0.2780143
0.0,0.0,0.03272456,-0.17010604,0.03724774,-0.33847013,0.031372987,-0.47468394,0.012864033,-0.58937573,0.07922706,-0.5153092,0.13020417,-0.7193612,0.14986922,-0.84217846,0.16509697,-0.9377108,0.056772698,-0.513681,0.06357658,-0.7502436,0.057199646,-0.8945395,0.050755482,-1.0,0.025257323,-0.45776135,0.009675209,-0.67955285,-0.007017499,-0.81075346,-0.01854639,-0.9187664,-0.0136533445,-0.3537347,-0.04361253,-0.43419716,-0.07199438,-0.507842,-0.09614746,-0.5759386
0.0,0.0,0.06786977,-0.1320579,0.047278125,-0.27413318,-0.071706474,-0.32880196,-0.20547907,-0.3598405,-0.110215865,-0.5660019,-0.23029965,-0.7725449,-0.30601272,-0.8952792,-0.37659773,-1.0,-0.20852746,-0.50280935,-0.3980841,-0.6413719,-0.52296335,-0.6957144,-0.6176632,-0.72799015,-0.25801134,-0.4045225,-0.36035934,-0.40379125,-0.31321603,-0.28159386,-0.26502723,-0.20054676,-0.2659491,-0.30019832,-0.30376554,-0.30155146,-0.24566145,-0.21885991,-0.1887873,-0.16444333
0.0,0.0,0.06368349,-0.13533923,0.030621065,-0.31291008,-0.08546534,-0.4080333,-0.21044233,-0.47934154,-0.063384295,-0.6016521,-0.15916619,-0.79689604,-0.22429425,-0.9041534,-0.28628707,-1.0,-0.15549687,-0.5425599,-0.31758738,-0.7124024,-0.41241652,-0.8008341,-0.49586263,-0.8750208,-0.2036521,-0.43526146,-0.2958903,-0.5316366,-0.20570205,-0.43795317,-0.14165367,-0.36653364,-0.21436226,-0.30739093,-0.2401655,-0.3769786,-0.16214631,-0.3210501,-0.10266904,-0.27582446
0.0,0.0,0.090453394,-0.08134379,0.11633562,-0.23590094,0.021854898,-0.34509695,-0.07348226,-0.43452635,0.10373082,-0.5211311,0.14898852,-0.74282056,0.17303222,-0.8796873,0.18189979,-0.9933326,0.00096686557,-0.5286064,-0.05389616,-0.7619914,-0.09753363,-0.893626,-0.13912849,-1.0,-0.07696477,-0.46915674,-0.09426189,-0.56249565,-0.062402423,-0.44773954,-0.045649327,-0.3658425,-0.12939118,-0.383549,-0.12481544,-0.46902624,-0.088112146,-0.4329015,-0.05867591,-0.4043666
0.0,0.0,-0.03589503,-0.03720697,-0.029023336,-0.14257899,0.06364257,-0.26238832,0.13834627,-0.36557516,-0.13212736,-0.4324772,-0.19907402,-0.62092423,-0.24039157,-0.74624413,-0.27590033,-0.8521925,-0.048995957,-0.4788334,-0.057620876,-0.7154368,-0.04499361,-0.8669575,-0.04265313,-1.0,0.021222996,-0.44611177,0.10438221,-0.53148675,0.14681171,-0.42290735,0.15225351,-0.34203234,0.07488819,-0.3715736,0.14157091,-0.42312503,0.16264793,-0.35198468,0.15183784,-0.28257045
0.0,0.0,-0.09148215,0.009696231,-0.16113317,-0.05809589,-0.10051257,-0.19505303,-0.036517307,-0.31671798,-0.32738256,-0.3497674,-0.47808304,-0.49247682,-0.57485193,-0.5877072,-0.6509233,-0.681033,-0.24254167,-0.45533988,-0.32913724,-0.6845751,-0.37652516,-0.84879243,-0.42119616,-1.0,-0.1417087,-0.47712237,-0.12724988,-0.58596635,-0.061110288,-0.42865923,-0.02129911,-0.31006062,-0.035536177,-0.45105368,-0.008436327,-0.49965063,0.020090273,-0.387436,0.030210262,-0.29172677
0.0,0.0,-0.09991701,-0.20069036,-0.1476468,-0.39951417,-0.16110486,-0.54125875,-0.16634437,-0.6321403,9.074889e-06,-0.5192264,0.026223542,-0.68680227,0.022418689,-0.7657509,0.0036250057,-0.83187777,0.089649595,-0.49022263,0.16490807,-0.73442173,0.18516693,-0.88647455,0.19342878,-1.0,0.16454795,-0.41915676,0.17547783,-0.5479354,0.1269379,-0.45095477,0.09496954,-0.3534352,0.22817242,-0.3189184,0.2387129,-0.41546574,0.1906923,-0.3633829,0.15937074,-0.2956104
0.0,0.0,-0.045459434,0.15496874,-0.18596469,0.15409534,-0.29177237,-0.033245377,-0.38583624,-0.18341197,-0.49390328,0.125044,-0.7297465,0.14424215,-0.87466466,0.15409516,-1.0,0.14941737,-0.4771333,-0.076771386,-0.6927656,-0.2141112,-0.8315647,-0.33083346,-0.96143675,-0.43556896,-0.40815875,-0.20965841,-0.4804496,-0.33869827,-0.3403232,-0.26606154,-0.23622973,-0.2043708,-0.31396398,-0.30313712,-0.35423952,-0.3754326,-0.25802627,-0.3129126,-0.17913869,-0.24913421
0.0,0.0,-0.024702217,0.11861697,-0.059346773,0.30953825,-0.13279232,0.45643815,-0.18872873,0.58726645,-0.018314501,0.53988415,0.011332372,0.75487953,0.025661152,0.88389534,0.03451257,0.9941253,-0.06831822,0.5350687,-0.10545039,0.7729653,-0.1393858,0.89685774,-0.16993551,1.0,-0.106740825,0.4769637,-0.2193755,0.6402864,-0.2800828,0.5848141,-0.31425953,0.5353714,-0.1406754,0.38820672,-0.20068505,0.49923852,-0.23311618,0.5249493,-0.25953504,0.55180883
0.0,0.0,0.016030874,0.13117507,-0.019176494,0.30404136,-0.12191381,0.40581483,-0.21078989,0.4999371,-0.060212195,0.529617,-0.055684827,0.7492969,-0.05785547,0.8860193,-0.06362007,1.0,-0.14610061,0.5031962,-0.22422642,0.70765454,-0.27364635,0.8234717,-0.3187169,0.921151,-0.19774976,0.42963916,-0.27423418,0.53188866,-0.23108564,0.41799113,-0.19583865,0.33533743,-0.23333097,0.33341873,-0.29716,0.43235445,-0.30169097,0.416352,-0.30620027,0.40101692
0.0,0.0,0.098680794,-0.13814633,0.101023555,-0.33571002,0.016181052,-0.4850929,-0.06680792,-0.56346107,0.123939365,-0.51129246,0.1428717,-0.73029137,0.15325013,-0.86481744,0.15551008,-0.9738589,0.034528706,-0.5124536,-0.01517547,-0.746382,-0.04776705,-0.8906169,-0.077043064,-1.0,-0.035970703,-0.4588176,-0.09858525,-0.5803926,-0.06589657,-0.49367243,-0.033081356,-0.4094451,-0.08681948,-0.37803173,-0.11353678,-0.45540544,-0.07798453,-0.39585555,-0.040738523,-0.33417237
0.0,0.0,-0.05887516,0.10557968,-0.16379417,0.1136903,-0.22041267,-0.044955544,-0.26694468,-0.20489942,-0.4607206,0.08157264,-0.7104633,0.12668234,-0.8648441,0.1603341,-0.9952179,0.17088778,-0.450354,-0.114325546,-0.69961303,-0.2183104,-0.8639775,-0.29958743,-1.0,-0.36897132,-0.38191465,-0.25909978,-0.46384433,-0.38936672,-0.33464688,-0.34511632,-0.22545086,-0.28501138,-0.27839887,-0.36491013,-0.27698693,-0.41708872,-0.17174521,-0.3471475,-0.07607197,-0.27370477
0.0,0.0,0.093269505,-0.104783,0.10868326,-0.26702163,0.029338038,-0.38601783,-0.0537333,-0.48266226,0.039092783,-0.528041,0.032241512,-0.7550666,0.027201582,-0.8886273,0.013453019,-1.0,-0.051864263,-0.5094648,-0.13792296,-0.7421008,-0.1874501,-0.86679965,-0.22857653,-0.9640738,-0.118738525,-0.43889788,-0.13171074,-0.4705156,-0.06915797,-0.34993258,-0.030469079,-0.27303448,-0.16196619,-0.34594768,-0.15326016,-0.37535128,-0.09550484,-0.29119858,-0.05731555,-0.22869447
0.0,0.0,0.10577221,-0.05231383,0.16501157,-0.17462187,0.13698427,-0.28530076,0.116279095,-0.39877373,0.13603245,-0.5019909,0.1871063,-0.7098319,0.21565478,-0.83437926,0.23185746,-0.94636756,0.043875873,-0.50334764,0.007673594,-0.7441667,-0.006365441,-0.88139284,-0.020226367,-1.0,-0.030438874,-0.44485205,-0.020219577,-0.5397014,0.032647673,-0.41270623,0.058677185,-0.3175958,-0.0859624,-0.3479053,-0.05545391,-0.37793806,-0.006793776,-0.29303992,0.018165741,-0.22704211
0.0,0.0,0.10120138,-0.066759415,0.14089485,-0.22249179,0.07620871,-0.36817944,-0.0037240034,-0.48015618,0.13032027,-0.49957225,0.15994224,-0.7294679,0.17899592,-0.8616855,0.18503979,-0.9788033,0.033116985,-0.50541246,-0.013264116,-0.74516964,-0.039971426,-0.8862222,-0.06466434,-1.0,-0.043716665,-0.444677,-0.05686128,-0.4909597,-0.012764603,-0.38065,0.017260976,-0.2984282,-0.09431721,-0.34806642,-0.06671508,-0.35156065,-0.013871544,-0.26128083,0.022362707,-0.19146106
0.0,0.0,-0.082051456,-0.102199,-0.10001282,-0.24951445,-0.015375417,-0.30985543,0.06416157,-0.34841016,-0.0026506041,-0.53638375,0.045221385,-0.7543097,0.080961026,-0.8899886,0.11343706,-1.0,0.09292714,-0.48214522,0.20900093,-0.67470926,0.28537607,-0.78597754,0.3448029,-0.87376463,0.15365994,-0.38189325,0.1824678,-0.42218253,0.1089807,-0.32149675,0.057704657,-0.24767494,0.18364345,-0.2671983,0.17107867,-0.26467985,0.107601985,-0.19130798,0.064867325,-0.13777241
0.0,0.0,0.089044794,-0.088258006,0.09214278,-0.27884224,0.0036427884,-0.4391575,-0.084946215,-0.5527182,0.11115582,-0.509349,0.13137516,-0.747966,0.14848128,-0.8840523,0.14807141,-0.99305415,0.018038768,-0.50308853,-0.029606443,-0.7515004,-0.05365415,-0.8922075,-0.080571584,-1.0,-0.055905867,-0.44205844,-0.08373258,-0.5217413,-0.04784711,-0.41641915,-0.02708929,-0.3509515,-0.10626418,-0.3574774,-0.10495782,-0.40739235,-0.065599754,-0.32543367,-0.04151151,-0.26568934
0.0,0.0,-0.055768684,0.15098156,-0.18645738,0.14990595,-0.2853018,-0.03280489,-0.3709292,-0.1803423,-0.49538186,0.103644855,-0.7318414,0.12903254,-0.8774712,0.14207856,-1.0,0.13663204,-0.47372058,-0.09177537,-0.6875234,-0.2310449,-0.8202496,-0.34732893,-0.940911,-0.45241186,-0.4032408,-0.22169986,-0.48568588,-0.3455431,-0.35572022,-0.2616047,-0.25477114,-0.19379713,-0.3070816,-0.31554312,-0.3458494,-0.38287264,-0.25458142,-0.317044,-0.17488678,-0.25469527
0.0,0.0,0.04277668,-0.1606861,-0.034382254,-0.3371015,-0.20091538,-0.3741195,-0.36625263,-0.3900913,-0.23391676,-0.6298728,-0.4220164,-0.8177368,-0.53662896,-0.9174052,-0.6445528,-1.0,-0.33037472,-0.52232474,-0.57595193,-0.6208542,-0.7261076,-0.6731648,-0.8490965,-0.7153625,-0.364284,-0.38365895,-0.40382132,-0.3293763,-0.26321927,-0.24794056,-0.16660838,-0.21125515,-0.3540087,-0.24932484,-0.3515568,-0.2217593,-0.23498043,-0.17021768,-0.14800805,-0.153276
0.0,0.0,0.1251919,-0.103340276,0.14508161,-0.285983,0.0848789,-0.44710827,0.019949952,-0.5467824,0.16540688,-0.44362012,0.2051774,-0.65609246,0.21916097,-0.8045583,0.22696237,-0.91747373,0.10447315,-0.4737417,0.12160106,-0.7086691,0.12760778,-0.8709587,0.13275267,-1.0,0.04633282,-0.45389166,0.047126494,-0.679413,0.04306498,-0.82339925,0.04281549,-0.93893296,-0.010340368,-0.39664498,-0.025481144,-0.5070454,-0.0362931,-0.5795133,-0.04104416,-0.6410137
0.0,0.0,-0.030989686,-0.27049395,0.057945173,-0.54745877,0.18103346,-0.72821045,0.29365084,-0.8276111,0.07792809,-0.55146146,0.2852142,-0.80014014,0.42279404,-0.9233423,0.5249613,-1.0,0.16563512,-0.43781835,0.4021713,-0.6924476,0.54495674,-0.8199114,0.6440091,-0.8994427,0.25679958,-0.31358096,0.48911846,-0.555543,0.6148052,-0.6841733,0.6947161,-0.7656028,0.34367707,-0.19019471,0.5252827,-0.3780186,0.6018295,-0.4649837,0.6419069,-0.5199529
0.0,0.0,0.040973555,0.119163506,0.028647449,0.29772893,-0.05660409,0.44012293,-0.118725784,0.58139503,0.044408947,0.5362247,0.081557944,0.7505733,0.09989836,0.884502,0.109304406,1.0,-0.05395171,0.54276305,-0.093274914,0.764956,-0.12042448,0.89224184,-0.14595915,0.9989203,-0.12347912,0.4928985,-0.18481669,0.6081553,-0.17117435,0.48298848,-0.15835792,0.39083043,-0.1797195,0.4228175,-0.22726464,0.5266238,-0.21975896,0.47203857,-0.21096678,0.42567304
0.0,0.0,-0.05484404,-0.027624179,-0.078323945,-0.11058077,-0.008598268,-0.17217723,0.07473359,-0.23110048,-0.051563896,-0.42652217,-0.055794355,-0.6822307,-0.045015443,-0.85250336,-0.03348381,-1.0,0.05635145,-0.4102255,0.15994559,-0.6551995,0.24914654,-0.80423397,0.31431165,-0.93595034,0.13596915,-0.32258052,0.20206137,-0.34137848,0.14279255,-0.16565317,0.08678315,-0.05988223,0.18584795,-0.20616794,0.21649511,-0.18246743,0.17000352,-0.065130815,0.121764,0.011377955
0.0,0.0,0.09965308,-0.088766135,0.13404654,-0.26737905,0.058146596,-0.39397064,-0.035768107,-0.48710874,0.116109334,-0.4864262,0.121492155,-0.7117684,0.114467464,-0.8533006,0.10757461,-0.9675679,0.03845249,-0.500584,0.06489427,-0.7411178,0.088586666,-0.88612616,0.11055281,-1.0,-0.035695244,-0.45089063,-0.0688518,-0.5444838,-0.057467654,-0.40949506,-0.03869278,-0.30763727,-0.09986201,-0.3810833,-0.10463519,-0.47805163,-0.08190931,-0.46138492,-0.06030185,-0.45234054
0.0,0.0,0.09410223,-0.079741366,0.12803783,-0.27107045,0.06238688,-0.4381433,-0.010815348,-0.56356823,0.20319673,-0.49991405,0.21872199,-0.6879739,0.21639629,-0.80667955,0.21121144,-0.91958374,0.120897174,-0.5386232,0.11509738,-0.74082893,0.09890047,-0.87680197,0.08932204,-1.0,0.041388046,-0.5169307,0.021819007,-0.69642764,0.0057671326,-0.69276035,-0.0024978523,-0.68511647,-0.022921395,-0.46138656,-0.043644134,-0.566212,-0.047178213,-0.50731343,-0.044569436,-0.43908677
0.0,0.0,0.106518134,-0.12979117,0.13540117,-0.34287977,0.09233077,-0.52420276,0.0749728,-0.6670545,0.10666238,-0.5344257,0.11369301,-0.7488681,0.10612288,-0.88607997,0.09508027,-1.0,0.01825047,-0.50537354,-0.015662964,-0.71095663,-0.03869944,-0.8237944,-0.05987989,-0.9148992,-0.06252237,-0.4388333,-0.07998618,-0.57083267,-0.025253383,-0.44100183,0.009234572,-0.33868682,-0.13368264,-0.3569404,-0.12343819,-0.46895695,-0.07339421,-0.37987965,-0.037894294,-0.29671207
0.0,0.0,0.112392195,-0.032616116,0.093210906,-0.1753026,-0.023110239,-0.29567432,-0.114049174,-0.37260008,0.13785653,-0.46058136,0.1730206,-0.70164615,0.1909207,-0.873902,0.21063943,-1.0,0.039148737,-0.4762423,0.09994095,-0.68430495,0.12076984,-0.82874113,0.1420378,-0.9450475,-0.04341427,-0.42782408,-0.049289208,-0.53833514,-0.033093657,-0.46992552,-0.013131449,-0.42014575,-0.103197515,-0.34158626,-0.11749268,-0.37019864,-0.095921844,-0.2867776,-0.07191617,-0.21778266
0.0,0.0,0.041987322,0.10779109,0.037427332,0.29061806,-0.04631387,0.43562675,-0.10757962,0.5753955,0.053006448,0.5315391,0.091928564,0.7464428,0.11213791,0.88075584,0.12442884,0.99220854,-0.04297212,0.53958607,-0.084240735,0.7666454,-0.11049102,0.8952529,-0.13549106,1.0,-0.11077855,0.48887128,-0.17228419,0.60831654,-0.15977281,0.4837279,-0.14835979,0.39655373,-0.16668932,0.41632313,-0.21372339,0.5292475,-0.21266818,0.50415254,-0.21145606,0.4876276
0.0,0.0,0.108171076,-0.030217325,0.1533058,-0.15746394,0.09097791,-0.30774835,0.033280093,-0.43817335,0.21106628,-0.44060826,0.29366735,-0.6376101,0.33960623,-0.7609646,0.36489084,-0.8722858,0.11389248,-0.48625088,0.10733299,-0.7292797,0.09929652,-0.8758916,0.089745626,-1.0,0.031454034,-0.4582597,-0.0066955467,-0.51544094,-0.010228458,-0.3875075,-0.009913165,-0.29524893,-0.031679634,-0.38989285,-0.047515333,-0.41152644,-0.029708121,-0.31012982,-0.009255554,-0.22656697
0.0,0.0,0.11262755,-0.020587469,0.19627099,-0.0820737,0.1430832,-0.15752566,0.047238495,-0.21961154,0.16062091,-0.44279087,0.20023808,-0.6724627,0.22843277,-0.80971503,0.24559842,-0.93419445,0.062901534,-0.47516453,0.0300792,-0.70407933,0.005769857,-0.8628962,-0.022488546,-1.0,-0.023622338,-0.4396598,-0.010260701,-0.43154946,0.029072989,-0.3005145,0.045280118,-0.2063986,-0.090333946,-0.36239734,-0.051532827,-0.3233574,-0.006259508,-0.23202078,0.018503025,-0.1560594
0.0,0.0,0.11885417,-0.062008247,0.1961256,-0.19266084,0.2121975,-0.31383565,0.23492414,-0.42925707,0.14347665,-0.5123548,0.19049987,-0.70578057,0.21806243,-0.8258652,0.23679535,-0.93349093,0.058619432,-0.5195331,0.025476571,-0.7531412,0.018016174,-0.88629866,0.011742304,-1.0,-0.017894583,-0.4625729,-0.019809294,-0.60895884,0.035426155,-0.49253374,0.06970768,-0.39708754,-0.08351544,-0.36697608,-0.07332325,-0.42219624,-0.02650126,-0.3406816,0.0045317984,-0.26912853
0.0,0.0,0.04673002,0.12290687,0.03468633,0.31387532,-0.053697724,0.4546387,-0.1196422,0.587902,0.04196402,0.53790236,0.074929036,0.753388,0.093413904,0.88747466,0.10479451,1.0,-0.054957934,0.53948265,-0.106977135,0.7604872,-0.1379309,0.8842348,-0.16645387,0.98965746,-0.12154826,0.4843858,-0.18467343,0.60287935,-0.16417713,0.48311976,-0.14798091,0.3968847,-0.17517985,0.40728518,-0.21992907,0.50675607,-0.20923969,0.46491146,-0.20152262,0.43331924
0.0,0.0,0.013868493,0.15984125,0.051923856,0.21815662,0.11512862,0.07353305,0.20012714,-0.08610448,0.45495358,0.18167055,0.71650255,0.25891888,0.8690782,0.2977719,1.0,0.30457217,0.46858162,-0.008206169,0.71468407,-0.19161126,0.8438603,-0.33761585,0.95586205,-0.46300897,0.40556726,-0.14969522,0.40839225,-0.24597839,0.2767482,-0.18880378,0.20132163,-0.13749787,0.3093032,-0.23428942,0.28991947,-0.27958915,0.1928281,-0.21189374,0.1226128,-0.14217007
0.0,0.0,-0.08068666,0.018428558,-0.18244043,-0.04005348,-0.24307542,-0.20691444,-0.2872511,-0.38857004,-0.5105495,-0.13346511,-0.71281636,-0.1233656,-0.87031657,-0.11897621,-1.0,-0.13993569,-0.5025925,-0.2755321,-0.6796496,-0.36390412,-0.8033322,-0.4490739,-0.91802984,-0.515653,-0.44007763,-0.37200627,-0.42968318,-0.5439692,-0.2636145,-0.51120836,-0.14137039,-0.4495065,-0.3386402,-0.4346333,-0.30386406,-0.5609042,-0.19777642,-0.50637627,-0.11505483,-0.4231051
0.0,0.0,-0.10489652,-0.09248794,-0.1363596,-0.24819897,-0.10395256,-0.36648318,-0.08024499,-0.44854012,-0.13327597,-0.5188134,-0.19932252,-0.71223617,-0.23803057,-0.8311165,-0.263771,-0.9372987,-0.0409218,-0.515523,-0.00877139,-0.7540047,0.016174914,-0.8942588,0.044803366,-1.0,0.036503006,-0.44925034,0.049252674,-0.5961445,-0.0059070736,-0.49791047,-0.037172634,-0.41200414,0.09776788,-0.34993696,0.0812764,-0.41635182,0.03910034,-0.33086342,0.019327188,-0.25670013
0.0,0.0,0.035506774,0.11517603,0.009065576,0.2964428,-0.091156445,0.41824088,-0.16157283,0.53934264,-0.012475865,0.53065187,0.010131708,0.7525197,0.02013054,0.8867331,0.026175778,1.0,-0.10158295,0.5192518,-0.14954111,0.74635637,-0.17756909,0.85813427,-0.20128009,0.9477576,-0.16195393,0.45628512,-0.22114615,0.5717663,-0.19838767,0.46210387,-0.18053524,0.3889293,-0.20651676,0.3727545,-0.23773247,0.4631588,-0.21512839,0.40010896,-0.20231,0.3535214
0.0,0.0,0.113340214,-0.05400737,0.17542624,-0.18797901,0.14833379,-0.30266675,0.1248376,-0.42088756,0.15555726,-0.5034652,0.22309077,-0.69931597,0.26302505,-0.81570965,0.28910702,-0.91905093,0.0641293,-0.51654506,0.03541608,-0.7672896,0.023202235,-0.89499325,0.012547582,-1.0,-0.00834161,-0.46295136,-0.008669997,-0.6189901,0.0419207,-0.50100696,0.075061634,-0.4024241,-0.062413737,-0.36530057,-0.03184452,-0.4021439,0.01816224,-0.32016298,0.05188734,-0.2509083
0.0,0.0,0.11264067,-0.034415305,0.17983793,-0.14798287,0.10316313,-0.2574471,0.023815013,-0.35887986,0.18436697,-0.47063303,0.21221983,-0.71474475,0.23153712,-0.8496174,0.23925558,-0.9712491,0.09130722,-0.4998421,0.07488714,-0.73882115,0.06165083,-0.88327724,0.044889573,-1.0,0.01349784,-0.46773162,-0.02233263,-0.44949657,-0.003004252,-0.30145082,0.014947203,-0.20271182,-0.047988478,-0.39991397,-0.05204046,-0.36228302,-0.027210737,-0.25040734,-0.00749151,-0.17007302
0.0,0.0,0.11412524,-0.060470387,0.17497455,-0.1994229,0.1471991,-0.31472984,0.115264855,-0.43136096,0.15596075,-0.50097495,0.22770187,-0.698457,0.265162,-0.8195794,0.28845486,-0.9241326,0.0642282,-0.5151372,0.032885157,-0.7648819,0.017514892,-0.8956075,0.006053936,-1.0,-0.009831176,-0.4629709,-0.005858723,-0.6155248,0.040230095,-0.5004788,0.06903695,-0.40343848,-0.06396797,-0.36939365,-0.038390435,-0.404779,0.006746386,-0.31936976,0.037653867,-0.24831514
0.0,0.0,0.1049744,-0.035844818,0.12949044,-0.12433477,0.0053639845,-0.13878523,-0.12388852,-0.160475,0.05136798,-0.4833384,0.04320282,-0.7185059,0.031987168,-0.86596245,0.013566238,-1.0,-0.049796272,-0.4748643,-0.14794755,-0.6920868,-0.21685958,-0.83160084,-0.2750416,-0.95353836,-0.11560657,-0.3977513,-0.16760547,-0.42021295,-0.11707299,-0.27418232,-0.075759515,-0.18155031,-0.15485282,-0.28789037,-0.16760498,-0.2651541,-0.11479849,-0.16546534,-0.06893284,-0.09303147
0.0,0.0,-0.013662294,-0.32666525,0.09182834,-0.58157694,0.22283533,-0.75475657,0.30301777,-0.88031816,0.32364824,-0.5481731,0.46821606,-0.84771997,0.41156158,-0.9779642,0.33943772,-1.0,0.40847924,-0.42847326,0.53589255,-0.7557998,0.47466877,-0.88280284,0.40057284,-0.9062862,0.45100787,-0.32288292,0.53279036,-0.64818513,0.46897644,-0.7503031,0.40794688,-0.7640552,0.46548012,-0.23193827,0.51753736,-0.4945788,0.4698517,-0.58327496,0.41850236,-0.5948384
0.0,0.0,-0.0454184,0.058272984,-0.13128874,0.026008775,-0.15942554,-0.18011521,-0.18174154,-0.37002626,-0.45616004,0.0127837155,-0.69415957,0.05003309,-0.8412262,0.05978934,-0.96819484,0.053797223,-0.45904928,-0.17130005,-0.7096215,-0.23175398,-0.860803,-0.29571018,-1.0,-0.3458684,-0.3865945,-0.30338642,-0.50494057,-0.49318567,-0.38147384,-0.50401086,-0.2947785,-0.46883646,-0.2729002,-0.40267646,-0.28807208,-0.54250556,-0.20454873,-0.51944834,-0.13908948,-0.45929393
0.0,0.0,-0.048200496,-0.10976474,-0.027404327,-0.26171723,0.09233697,-0.36832947,0.17751756,-0.44620317,-0.057103015,-0.5288372,-0.07674519,-0.74862415,-0.087486796,-0.8862658,-0.095597655,-1.0,0.034985635,-0.52823013,0.07462908,-0.7573085,0.10807682,-0.88988125,0.13442333,-0.9994475,0.10111378,-0.46163064,0.17917077,-0.5729077,0.15154862,-0.47119635,0.11713974,-0.39945576,0.14548706,-0.35915413,0.20813116,-0.4308208,0.18031552,-0.36419374,0.14285502,-0.3151951
0.0,0.0,0.025847308,0.09527009,-0.0018577864,0.2756002,-0.09239215,0.39223886,-0.16555151,0.50363004,-0.0012473236,0.5196297,0.023195222,0.74246615,0.029922506,0.8849988,0.033051647,1.0,-0.08728578,0.50994325,-0.14042582,0.7299653,-0.17445034,0.8521823,-0.20528576,0.9562971,-0.14522773,0.44696033,-0.21487217,0.5137976,-0.17394719,0.3881884,-0.14402491,0.32320932,-0.19049023,0.35967517,-0.23771557,0.4145936,-0.21250466,0.35204965,-0.20141895,0.32303992
0.0,0.0,-0.09081008,0.01993635,-0.13847338,-0.06665561,-0.03799019,-0.19379039,0.043956906,-0.3094478,-0.263654,-0.36659095,-0.42786148,-0.47890106,-0.529603,-0.5554756,-0.6028372,-0.6328769,-0.181569,-0.4517908,-0.29558,-0.68042547,-0.3538285,-0.8500782,-0.39548308,-1.0,-0.08208119,-0.4569016,-0.075314425,-0.64462954,-0.028130956,-0.5351331,0.00052405644,-0.42613387,0.024907341,-0.41679817,0.07751994,-0.483761,0.10213394,-0.3932233,0.10951045,-0.30679283
0.0,0.0,-0.08567239,-0.045621123,-0.11581397,-0.16456257,-0.048136957,-0.26368463,0.020207617,-0.35257068,-0.10330795,-0.4661177,-0.12398708,-0.7067725,-0.13556175,-0.86306626,-0.1488826,-1.0,0.0051731635,-0.45523718,0.07587271,-0.69041723,0.119605154,-0.8417744,0.1513773,-0.97557825,0.084081925,-0.37811232,0.12934737,-0.47513214,0.0891563,-0.37529305,0.064140715,-0.30737513,0.14300215,-0.26382735,0.17780975,-0.34665006,0.15430765,-0.31633288,0.13264938,-0.28904575
0.0,0.0,-0.08836478,-0.10443472,-0.121879406,-0.28681374,-0.053520996,-0.45747983,0.022453945,-0.5757988,-0.14424476,-0.51685154,-0.15908046,-0.73581165,-0.1683223,-0.86969596,-0.17935775,-0.979776,-0.058260757,-0.51995355,-0.045459505,-0.7583324,-0.029510546,-0.8914207,-0.012513262,-1.0,0.018021958,-0.46158987,0.04354978,-0.5766095,0.009681361,-0.44022152,-0.010288022,-0.33625367,0.0791807,-0.3670759,0.081927456,-0.45515627,0.05090871,-0.3457656,0.0331994,-0.25366065
0.0,0.0,0.022418085,-0.16947529,-0.044631675,-0.29116866,-0.180017,-0.25795707,-0.32123885,-0.22400329,-0.3701192,-0.46801338,-0.6334486,-0.49067932,-0.78997606,-0.48079446,-0.92015004,-0.4711694,-0.43024608,-0.33215064,-0.6954255,-0.30384362,-0.8698314,-0.27923727,-1.0,-0.25999203,-0.43480635,-0.18944314,-0.44094273,-0.06629277,-0.27523816,-0.015639113,-0.14560479,-0.0008072116,-0.4052186,-0.05444518,-0.40068516,0.01926677,-0.26985195,0.05653516,-0.16338585,0.069894776
0.0,0.0,0.065506846,0.101177834,0.06665789,0.26037434,-0.024550667,0.39428392,-0.09117705,0.51446986,0.06673544,0.5206246,0.1066484,0.74213547,0.12850812,0.880932,0.14258818,1.0,-0.032655034,0.52831304,-0.0721702,0.75682926,-0.10287356,0.88769853,-0.13057344,0.992946,-0.10407835,0.47297817,-0.15808077,0.570952,-0.14039241,0.468989,-0.12544009,0.39733946,-0.1538503,0.3879445,-0.18835577,0.45112494,-0.16169678,0.37996107,-0.1381882,0.32179806
0.0,0.0,0.075798035,-0.1234021,0.064851895,-0.32397962,-0.033189766,-0.4635574,-0.114484936,-0.5747333,0.10853553,-0.5480599,0.112853706,-0.76486474,0.11905902,-0.89326936,0.11649786,-1.0,0.01838314,-0.5299675,-0.055514462,-0.7398534,-0.104444034,-0.8663143,-0.14783186,-0.95525736,-0.04782896,-0.45604873,-0.11378527,-0.5286349,-0.08082725,-0.42232123,-0.052434653,-0.35534927,-0.08859307,-0.3677181,-0.11981482,-0.4254224,-0.09407424,-0.34357905,-0.066978015,-0.28783718
0.0,0.0,-0.04968733,-0.06290721,-0.050460204,-0.19695458,0.039073527,-0.3388282,0.10995983,-0.44481447,-0.13427727,-0.47313532,-0.18883009,-0.6774,-0.22559968,-0.8090279,-0.25581357,-0.92074096,-0.049739126,-0.50793254,-0.05928063,-0.741987,-0.04597275,-0.879739,-0.038821507,-1.0,0.019968107,-0.4681199,0.07999026,-0.60862696,0.09689186,-0.51731575,0.08965504,-0.4409492,0.0748779,-0.38793018,0.13015315,-0.4793521,0.13033581,-0.40803307,0.107478246,-0.3399935
0.0,0.0,0.11956971,-0.047396902,0.19510971,-0.15439661,0.10292696,-0.21364,-0.0013234344,-0.23962998,0.14345554,-0.477124,0.18907118,-0.7162732,0.21132341,-0.86527514,0.21636565,-0.98751575,0.030328238,-0.49135715,-0.028552905,-0.7263977,-0.064528294,-0.87379146,-0.10310626,-1.0,-0.055904754,-0.43260968,-0.066778556,-0.4257018,-0.011071234,-0.3019935,0.019564435,-0.22722095,-0.118614346,-0.33285105,-0.08873847,-0.27000946,-0.037903044,-0.186296,-0.009281307,-0.14255267
0.0,0.0,-0.16109008,0.07888723,-0.34965745,0.05805826,-0.4873179,-0.03338649,-0.6116848,-0.056888044,-0.52408516,-0.2476678,-0.74931115,-0.34974375,-0.885534,-0.40943792,-1.0,-0.46258307,-0.44637802,-0.4140055,-0.641473,-0.66215694,-0.7607475,-0.81397426,-0.849683,-0.9427147,-0.32446325,-0.5015162,-0.35667104,-0.6784532,-0.272245,-0.5451447,-0.20096907,-0.42933565,-0.17929651,-0.53420335,-0.18742692,-0.6279574,-0.13891436,-0.53246325,-0.09273198,-0.44769716
0.0,0.0,0.08369549,-0.09373197,0.07512161,-0.22856943,-0.022941906,-0.30326796,-0.12280179,-0.3757954,0.04057862,-0.54590476,0.01969097,-0.75225115,-0.00016351191,-0.8867956,-0.022896692,-1.0,-0.04667811,-0.5326933,-0.13744983,-0.7348406,-0.20180227,-0.8451546,-0.25034434,-0.9348106,-0.10954187,-0.46415362,-0.17593084,-0.51656455,-0.14636762,-0.40450975,-0.11057046,-0.33997226,-0.14890705,-0.36752868,-0.19786221,-0.3981039,-0.16428599,-0.31705567,-0.1207208,-0.2643316
0.0,0.0,-0.06840369,0.074646235,-0.19590513,0.09702144,-0.30834517,-0.031568095,-0.3957775,-0.17686275,-0.5106962,0.05317036,-0.73307693,0.088936746,-0.8748108,0.10921823,-1.0,0.11535942,-0.51209676,-0.115989126,-0.7369742,-0.18991229,-0.8642811,-0.2510818,-0.97873545,-0.30587783,-0.4507664,-0.23566112,-0.55468595,-0.34341022,-0.40522954,-0.30891722,-0.2890654,-0.2699516,-0.35357243,-0.3258259,-0.40287894,-0.39356664,-0.2988523,-0.34626436,-0.20614077,-0.2919741
0.0,0.0,-0.0859286,0.057038143,-0.18189527,-0.02514818,-0.15182891,-0.27931246,-0.13660666,-0.48736975,-0.50070685,-0.26685432,-0.7270063,-0.3967194,-0.8739777,-0.482092,-1.0,-0.569061,-0.44658095,-0.45128348,-0.6603103,-0.6746723,-0.77773136,-0.83444786,-0.89378047,-0.9781284,-0.33892205,-0.5242879,-0.3942772,-0.7346016,-0.25480884,-0.61846995,-0.16541176,-0.5058012,-0.2061131,-0.5348141,-0.17564058,-0.61694986,-0.085441716,-0.48758683,-0.031531442,-0.3607297
0.0,0.0,0.10587426,-0.11619298,0.14825149,-0.3175975,0.07213748,-0.48264155,-0.009471075,-0.5939926,0.17986466,-0.52229637,0.20684415,-0.7386618,0.21915822,-0.86449516,0.2208171,-0.9687558,0.0898766,-0.5270221,0.07594148,-0.74622166,0.067470856,-0.8875009,0.05559657,-1.0,0.010058511,-0.4766048,-0.007114755,-0.5661264,0.010442453,-0.47649437,0.018667039,-0.40973777,-0.048420355,-0.399707,-0.051082645,-0.4556251,-0.029093385,-0.38490453,-0.018148405,-0.32385454
0.0,0.0,-0.086086676,-0.08326391,-0.12716988,-0.21180531,-0.062475264,-0.30071896,0.0027751876,-0.3692925,-0.07450552,-0.5340545,-0.10077304,-0.74410325,-0.11335408,-0.88228935,-0.116738714,-1.0,0.024504146,-0.51909804,0.09058137,-0.7418263,0.1323585,-0.8755787,0.17214261,-0.98592824,0.09335895,-0.4425686,0.14859927,-0.5532476,0.10159553,-0.42975354,0.0718311,-0.33364227,0.13714471,-0.33727947,0.15522034,-0.39507577,0.12226165,-0.3268024,0.101670474,-0.27204657
0.0,0.0,0.116027914,-0.06211603,0.177666,-0.20972684,0.14456668,-0.33719122,0.11393329,-0.45986104,0.16616577,-0.49967626,0.2363522,-0.69944274,0.27595502,-0.82079,0.29952267,-0.92320216,0.07352244,-0.51553935,0.039745037,-0.7722083,0.028756792,-0.90048695,0.02043619,-1.0,-0.0020131029,-0.46510538,0.0022159587,-0.6065576,0.044740625,-0.499561,0.070571035,-0.41621593,-0.05593048,-0.37546596,-0.021013279,-0.40195918,0.020035403,-0.30865565,0.043904122,-0.23880301
0.0,0.0,-0.09027871,0.1500017,-0.2309479,0.15963699,-0.33234704,-0.026580602,-0.41825673,-0.17126659,-0.5384827,0.10033223,-0.7476934,0.1199743,-0.8837724,0.12815475,-1.0,0.1193408,-0.529086,-0.08019541,-0.7242709,-0.18769912,-0.8446701,-0.2841434,-0.94993865,-0.3772502,-0.4611528,-0.20078157,-0.5228976,-0.32609126,-0.39937285,-0.25277826,-0.30906835,-0.1883263,-0.36578497,-0.28390142,-0.40315905,-0.35370106,-0.31714666,-0.2853081,-0.24727488,-0.21303077
0.0,0.0,0.06081304,-0.118407354,0.051660236,-0.32660148,-0.027929787,-0.48125824,-0.09908498,-0.5883241,0.1523477,-0.55647826,0.14206019,-0.772775,0.14208859,-0.89332336,0.14060248,-1.0,0.08200018,-0.55567926,0.031417135,-0.7535778,-0.008691951,-0.88473564,-0.041029014,-0.9840754,0.014266407,-0.5010811,-0.07932887,-0.5716375,-0.108116314,-0.4579712,-0.10906328,-0.39179894,-0.033696834,-0.43449014,-0.11138458,-0.48893178,-0.13131969,-0.402248,-0.1319722,-0.3407666
0.0,0.0,-0.082108624,0.114545256,-0.18868878,0.12451392,-0.24873899,0.021342592,-0.30319235,-0.09399411,-0.4624598,-0.008711707,-0.70329463,-0.03675056,-0.8690267,-0.056446772,-1.0,-0.08923114,-0.43679821,-0.18684103,-0.67644006,-0.34069195,-0.83215934,-0.4525733,-0.94396424,-0.52218914,-0.35366914,-0.310761,-0.42381752,-0.492904,-0.28438962,-0.4727784,-0.15585425,-0.41002068,-0.23885514,-0.3930172,-0.24096581,-0.52411497,-0.15410925,-0.49964827,-0.07068429,-0.41901785
0.0,0.0,-0.08650875,-0.020467822,-0.1282655,-0.119639516,-0.045982603,-0.23940682,0.020844461,-0.33840442,-0.20664866,-0.4379464,-0.28146872,-0.62850016,-0.3304114,-0.7497709,-0.37135494,-0.85507244,-0.11739006,-0.48829302,-0.13258013,-0.7236744,-0.1246736,-0.8706261,-0.12104711,-1.0,-0.036939815,-0.45508462,0.014896258,-0.5609077,0.0310777,-0.42795107,0.02747465,-0.3325525,0.03402509,-0.37422544,0.07569268,-0.4081412,0.06784283,-0.30381262,0.039088,-0.22580689
0.0,0.0,0.10759174,-0.027294856,0.1786679,-0.08299485,0.12033726,-0.09746068,0.032614186,-0.10664569,0.15639523,-0.4494702,0.20626496,-0.69532835,0.23677355,-0.8361666,0.25288504,-0.96314883,0.048555985,-0.46799362,0.013395631,-0.7186037,-0.010858316,-0.8730674,-0.03634675,-1.0,-0.043369528,-0.42424682,-0.03394437,-0.38565496,0.015239958,-0.24107648,0.041127373,-0.1394922,-0.11411863,-0.34158298,-0.08900984,-0.27457142,-0.03811333,-0.16287328,-0.0077169198,-0.07583489
0.0,0.0,0.0567361,0.10427788,0.041441888,0.29143938,-0.045870844,0.42513373,-0.10057455,0.54766876,0.055630334,0.52914536,0.103951,0.75094306,0.1260612,0.8875002,0.14155293,1.0,-0.035032023,0.5282137,-0.07197185,0.75861037,-0.09899687,0.8802139,-0.12121305,0.9730617,-0.095831245,0.47217938,-0.15253821,0.58702195,-0.13530083,0.4673104,-0.11908544,0.39235264,-0.14030246,0.3988054,-0.17045799,0.4816505,-0.15524946,0.42447615,-0.14401095,0.3909957
0.0,0.0,-0.07589556,-0.08775706,-0.09759561,-0.2440616,-0.013066817,-0.3609014,0.075299084,-0.43501595,-0.057450917,-0.53097814,-0.05986548,-0.7358677,-0.06738685,-0.86570215,-0.07010608,-0.9780078,0.027337782,-0.5234208,0.06744765,-0.74888307,0.09385998,-0.882151,0.12037654,-1.0,0.08888446,-0.45591563,0.1497731,-0.5972801,0.11171917,-0.48983246,0.07796962,-0.4000533,0.13567719,-0.3530527,0.1656511,-0.43118826,0.12630616,-0.35521495,0.09072784,-0.28397498
0.0,0.0,-0.08944818,0.038559776,-0.15949643,-0.016719822,-0.09660548,-0.14193317,-0.04003369,-0.25871,-0.3260819,-0.3177923,-0.4836012,-0.47856435,-0.58449024,-0.58154225,-0.6681376,-0.685003,-0.23386319,-0.42859516,-0.32014972,-0.6707449,-0.3663125,-0.84297174,-0.41409165,-1.0,-0.12667225,-0.4549966,-0.1192114,-0.5718881,-0.038931753,-0.38844305,0.011289821,-0.25002572,-0.013523726,-0.43207994,0.013574233,-0.4839087,0.052329723,-0.35138702,0.07546119,-0.24199803
0.0,0.0,0.124133974,0.05265388,0.20404486,0.02047581,0.11363827,-0.07403507,0.005451872,-0.1759132,0.28149697,-0.36374658,0.3642565,-0.59780073,0.4110771,-0.750323,0.44103178,-0.8984413,0.1673383,-0.46421582,0.12916674,-0.7374282,0.07053683,-0.88180274,0.029769037,-1.0,0.069382,-0.4737024,0.021454902,-0.683686,-0.002290165,-0.808289,-0.006428868,-0.9056829,-0.0055788723,-0.42321143,-0.043466754,-0.4892843,-0.05435846,-0.43400455,-0.04618575,-0.36236486
0.0,0.0,0.110111415,-0.06947628,0.16707319,-0.2098212,0.1326786,-0.318587,0.09839424,-0.42507964,0.15274519,-0.51562023,0.20727015,-0.6992476,0.24183823,-0.8138376,0.26748437,-0.91606,0.06138987,-0.5272973,0.027812876,-0.7652053,0.018599922,-0.895228,0.013901245,-1.0,-0.015348859,-0.47064787,-0.019368453,-0.61603546,0.024762105,-0.5098431,0.054671902,-0.4173327,-0.07104432,-0.3727573,-0.058172885,-0.40908194,-0.019584468,-0.3209748,0.008708,-0.24582294
0.0,0.0,-0.09748339,0.14207776,-0.246371,0.1536704,-0.35456166,-0.031380508,-0.44383356,-0.1860441,-0.5435905,0.10109358,-0.7500634,0.12309177,-0.88526124,0.13354605,-1.0,0.13122866,-0.53478056,-0.0761012,-0.73074466,-0.18861936,-0.8505809,-0.28201526,-0.95014286,-0.37102616,-0.4675122,-0.19726305,-0.52689093,-0.3150956,-0.39614487,-0.22154143,-0.30475348,-0.15033205,-0.37450832,-0.28121024,-0.41807264,-0.34529132,-0.33153883,-0.2738927,-0.26525584,-0.20997867
0.0,0.0,0.1188437,-0.064493425,0.2188079,-0.16673423,0.3161409,-0.19121544,0.41725275,-0.1957929,0.15747379,-0.5284311,0.17093486,-0.74440515,0.18044847,-0.8752374,0.18522193,-0.98508465,0.065760255,-0.53694934,0.014012465,-0.7646023,-0.021357387,-0.9032506,-0.0535376,-1.0,-0.006385051,-0.4856036,-0.081477635,-0.5449791,-0.07717657,-0.4119263,-0.06600723,-0.3061228,-0.060086485,-0.4166722,-0.11255966,-0.49311498,-0.11061462,-0.44658732,-0.09354245,-0.39877713
0.0,0.0,-0.116907164,0.04323053,-0.2574611,0.0014221327,-0.37184703,-0.101399526,-0.47203654,-0.11624427,-0.43319082,-0.2786423,-0.65053487,-0.39466047,-0.781482,-0.46748617,-0.8881035,-0.5345161,-0.37108555,-0.44461322,-0.5459401,-0.6957982,-0.6477661,-0.86394,-0.72470576,-1.0,-0.2709821,-0.53025556,-0.25277206,-0.65866286,-0.17798844,-0.5476616,-0.12319524,-0.4464418,-0.1544939,-0.5616232,-0.13685346,-0.6330098,-0.089909315,-0.54491526,-0.047523037,-0.45754218
0.0,0.0,0.042557456,-0.19165888,0.0048159477,-0.3558855,-0.11835359,-0.3918686,-0.2593164,-0.422033,-0.31545696,-0.5774066,-0.57250476,-0.68164897,-0.72939914,-0.70625854,-0.869894,-0.71051997,-0.39448845,-0.46472093,-0.6687712,-0.5248417,-0.8523894,-0.54378074,-1.0,-0.54293376,-0.40519175,-0.32272825,-0.40719298,-0.34894916,-0.25742817,-0.35420132,-0.13788897,-0.34107137,-0.36848712,-0.17450435,-0.30433097,-0.19106302,-0.19256905,-0.18100546,-0.103329755,-0.15606934
0.0,0.0,0.10672486,-0.051531795,0.16566458,-0.17391568,0.13306393,-0.28113803,0.10699504,-0.3902994,0.13107334,-0.5032101,0.1835594,-0.7064433,0.21269661,-0.8294635,0.22933769,-0.94099563,0.03862124,-0.50703675,0.0034942075,-0.7484957,-0.010690683,-0.8839775,-0.025003616,-1.0,-0.035645105,-0.44958192,-0.027652537,-0.5535469,0.02434387,-0.42284292,0.05111281,-0.32566807,-0.09107196,-0.3521683,-0.062063847,-0.37558395,-0.01447373,-0.29276916,0.011506721,-0.23094186
0.0,0.0,0.09440563,-0.09023515,0.11374003,-0.25426343,0.037330735,-0.39674067,-0.042954184,-0.49967453,0.099702105,-0.5152656,0.086811334,-0.74077123,0.066160165,-0.87940437,0.049728636,-0.9877879,0.013922881,-0.5316017,-0.026552364,-0.75775546,-0.05386562,-0.89462537,-0.06630726,-1.0,-0.055950597,-0.49126685,-0.093123265,-0.66865814,-0.1008584,-0.7420819,-0.09609169,-0.8039727,-0.10603167,-0.4167383,-0.108530454,-0.49129662,-0.08500025,-0.4680128,-0.059152953,-0.44198278
0.0,0.0,-0.07783961,0.09053113,-0.22208853,0.11692586,-0.3568138,0.021850552,-0.48048458,-0.060617365,-0.5230834,0.09308578,-0.7367405,0.12631387,-0.87628603,0.14363837,-0.9985255,0.15180081,-0.51482195,-0.07457664,-0.7415475,-0.15840112,-0.8793149,-0.22255445,-1.0,-0.2731093,-0.44774094,-0.19808385,-0.55407524,-0.28384835,-0.42045617,-0.25205424,-0.32059917,-0.22529773,-0.34972048,-0.29050592,-0.41171578,-0.33042333,-0.31434008,-0.2875306,-0.2323173,-0.2586356
0.0,0.0,0.10179202,-0.0093483925,0.17515032,-0.16756266,0.15395518,-0.3204715,0.13047203,-0.457906,0.15945193,-0.47373992,0.23539919,-0.69455296,0.2810335,-0.85044426,0.3129299,-0.9756002,0.05906266,-0.48640436,0.005666828,-0.7470047,-0.012581302,-0.88694555,-0.016043132,-1.0,-0.028070739,-0.4374841,-0.016138388,-0.615354,0.027842484,-0.47840208,0.05767103,-0.37790808,-0.1049846,-0.34341148,-0.06927927,-0.39968127,-0.02404636,-0.27974975,0.0034827983,-0.19137558
0.0,0.0,0.09821019,-0.090907685,0.110498846,-0.268522,0.028812421,-0.429,-0.06109118,-0.54217184,0.12235665,-0.504483,0.14938396,-0.7285079,0.1671822,-0.8540489,0.17270572,-0.96416104,0.027848428,-0.5142217,-0.002480546,-0.753597,-0.020372663,-0.89061844,-0.036904186,-1.0,-0.051733963,-0.46155035,-0.09449621,-0.5487427,-0.08336713,-0.46323314,-0.07424371,-0.39920226,-0.1064284,-0.37191212,-0.11499405,-0.39975277,-0.07885116,-0.31651852,-0.050241236,-0.24423203
0.0,0.0,-0.07473474,-0.09248161,-0.09372778,-0.24877858,-0.010199503,-0.39976487,0.06529138,-0.5085261,-0.14562507,-0.47703493,-0.18798622,-0.6899097,-0.20903693,-0.82418144,-0.22945313,-0.93198985,-0.060948074,-0.48927593,-0.061307576,-0.7365372,-0.04574496,-0.882962,-0.02970019,-1.0,0.014771362,-0.4352538,0.058136,-0.48790565,0.038261246,-0.37070736,0.019835426,-0.29606104,0.07085406,-0.35030267,0.09757801,-0.3930606,0.072591126,-0.30228314,0.049252003,-0.24123907
0.0,0.0,0.10544962,-0.049385,0.19570038,-0.13039197,0.3001395,-0.15900297,0.4022816,-0.15278335,0.14688368,-0.5009979,0.1505569,-0.7310469,0.15507886,-0.86375403,0.16240232,-0.97278726,0.05481779,-0.51389015,-0.018080834,-0.7441407,-0.07018401,-0.8919376,-0.10867062,-1.0,-0.026631398,-0.47041658,-0.13549487,-0.5511913,-0.14012592,-0.47161594,-0.120530166,-0.39936405,-0.09828542,-0.40468386,-0.17772546,-0.4548608,-0.17762497,-0.38688323,-0.15364215,-0.32174954
0.0,0.0,-0.024781374,0.09520338,-0.06928736,0.26943702,-0.13952579,0.39099017,-0.1939152,0.49933228,-0.046832573,0.5160495,-0.031698115,0.74657655,-0.031696416,0.8875307,-0.030470835,1.0,-0.10101025,0.5023745,-0.14582585,0.73610824,-0.17330693,0.8695648,-0.19432366,0.9809621,-0.13407649,0.43949926,-0.2232769,0.5295429,-0.20045434,0.40202,-0.17000537,0.32308778,-0.15955333,0.35150522,-0.22320071,0.42346,-0.23159175,0.3956068,-0.2387577,0.3855944
0.0,0.0,-0.055376872,0.08725336,-0.17852071,0.107647456,-0.2952479,-0.032411892,-0.39652973,-0.17521854,-0.5064516,0.06557945,-0.7343659,0.106097184,-0.87693465,0.13109826,-1.0,0.14130351,-0.5127957,-0.10500548,-0.7404221,-0.1841786,-0.8772428,-0.24066687,-0.9987509,-0.28637943,-0.45366588,-0.22058195,-0.5470183,-0.3254651,-0.405832,-0.29431212,-0.29810032,-0.25583294,-0.35953793,-0.3034519,-0.41239452,-0.36784106,-0.31596902,-0.32542494,-0.23014197,-0.27111232
0.0,0.0,-0.07395408,0.105887465,-0.17457868,0.14880744,-0.26117626,-0.027395433,-0.33706212,-0.19762312,-0.49240682,0.08370513,-0.7226155,0.17986053,-0.8710612,0.22892232,-1.0,0.2502218,-0.4999726,-0.1021038,-0.7209178,-0.1963101,-0.8648301,-0.28205508,-0.9885732,-0.35720307,-0.43454504,-0.23135291,-0.42957473,-0.3482753,-0.2842832,-0.30299628,-0.17624618,-0.25459635,-0.33862,-0.32165065,-0.32487312,-0.3857895,-0.23081248,-0.33252463,-0.14939776,-0.26813763
0.0,0.0,0.10697048,-0.08708571,0.14338194,-0.24087231,0.058476914,-0.3603173,-0.02886717,-0.44994158,0.119159035,-0.5051894,0.16691463,-0.72720855,0.19419932,-0.86613804,0.20804983,-0.9810084,0.021961464,-0.51480895,-0.021424152,-0.75106853,-0.05455466,-0.8934446,-0.088518664,-1.0,-0.052819878,-0.46030623,-0.0804372,-0.537038,-0.05909042,-0.41277707,-0.045456834,-0.31710827,-0.10411746,-0.37509248,-0.097571015,-0.44769484,-0.06356134,-0.43066153,-0.035355266,-0.42036092
0.0,0.0,-0.08107106,0.0003287797,-0.12380775,-0.070217624,-0.043336347,-0.16338389,0.024335809,-0.25480506,-0.21426657,-0.40019372,-0.30212715,-0.59851956,-0.3537277,-0.7299333,-0.392866,-0.8472253,-0.11679126,-0.44852436,-0.10561565,-0.6931987,-0.08779688,-0.8554685,-0.07764621,-1.0,-0.029375276,-0.40944862,0.029826462,-0.49575868,0.031629443,-0.35472658,0.023583349,-0.26186723,0.04403798,-0.32519174,0.086139634,-0.33124554,0.07516782,-0.2277105,0.054745678,-0.15918985
0.0,0.0,0.07376313,-0.12404486,0.05875373,-0.33223295,-0.02560053,-0.4722622,-0.10712236,-0.5818494,0.07881173,-0.5544066,0.09807618,-0.7670231,0.10952281,-0.8950318,0.11015993,-1.0,0.00056737254,-0.53321487,-0.077461675,-0.74177283,-0.12901038,-0.8594561,-0.17783138,-0.93994623,-0.05597567,-0.46066338,-0.112955876,-0.543188,-0.07905926,-0.4378067,-0.05487145,-0.36672297,-0.08886455,-0.3771673,-0.105000466,-0.46091786,-0.08321568,-0.41224003,-0.06480082,-0.37870458
0.0,0.0,-0.027147548,-0.14260128,-0.04248277,-0.30936363,-0.02296387,-0.45158848,-0.027765073,-0.5538668,-0.20169567,-0.46531907,-0.30572018,-0.6310089,-0.36480886,-0.7416314,-0.4163972,-0.8325694,-0.15939166,-0.46658385,-0.21089333,-0.7228353,-0.2334795,-0.8812511,-0.25040013,-1.0,-0.09582017,-0.41013354,-0.0099514825,-0.55007243,0.03611398,-0.47989237,0.05023944,-0.41313896,-0.022408845,-0.32547414,0.05929175,-0.4057894,0.08286535,-0.3536228,0.077623785,-0.3064907
0.0,0.0,0.12901771,-0.052319016,0.21766128,-0.19357839,0.2500271,-0.33547264,0.28957564,-0.44892398,0.15488417,-0.5116272,0.20616816,-0.70408845,0.2334778,-0.8223961,0.2540585,-0.9250426,0.06871993,-0.5247337,0.04442839,-0.7508888,0.0383026,-0.8908936,0.035247948,-1.0,-0.0050531174,-0.47467867,-0.026597649,-0.6532638,0.013886375,-0.6498139,0.050054416,-0.62714434,-0.07437472,-0.38898325,-0.08652692,-0.50193495,-0.05452154,-0.4844937,-0.02312509,-0.4479104
0.0,0.0,-0.087832294,0.023374304,-0.15903163,-0.034819603,-0.09570856,-0.16797262,-0.02892597,-0.28707922,-0.31360346,-0.33762744,-0.4662369,-0.48288697,-0.56435263,-0.5825896,-0.64305913,-0.68027455,-0.2248324,-0.44410008,-0.30795905,-0.6753524,-0.35367227,-0.84569436,-0.40038967,-1.0,-0.12288858,-0.46497262,-0.111601464,-0.5779111,-0.03462836,-0.41600505,0.009862791,-0.2904082,-0.013770743,-0.43899432,0.015919525,-0.4936007,0.05031341,-0.37476012,0.062003866,-0.26611853
0.0,0.0,-0.10472396,-0.052876838,-0.17459258,-0.15320018,-0.1330959,-0.22575554,-0.07119202,-0.29180428,-0.18375163,-0.4722902,-0.24674068,-0.68037534,-0.28391933,-0.81318146,-0.31030935,-0.934834,-0.084435396,-0.48530608,-0.06334403,-0.7136746,-0.039532173,-0.8668824,-0.01800652,-1.0,-0.0007530796,-0.4348406,0.0077376124,-0.42913377,-0.016078964,-0.2810163,-0.027540028,-0.17773344,0.057966884,-0.35007247,0.045525055,-0.29274774,0.014862749,-0.17680578,-0.0026452078,-0.091918975
0.0,0.0,-0.08476286,-0.08964667,-0.108425155,-0.2263646,-0.020137994,-0.31655043,0.060324237,-0.38562572,-0.07890045,-0.53914684,-0.10506423,-0.74580145,-0.116348125,-0.8834236,-0.11853544,-1.0,0.019325102,-0.53040516,0.0789539,-0.7451983,0.11704075,-0.8787406,0.15563709,-0.9991236,0.08878581,-0.45771697,0.15101223,-0.56834304,0.1079988,-0.45045778,0.07890819,-0.36362422,0.13848227,-0.3525646,0.1645257,-0.41393623,0.12674466,-0.34196454,0.09733108,-0.2849328
0.0,0.0,-0.08869337,-0.097249284,-0.113814585,-0.25889945,-0.03261541,-0.41465333,0.041995898,-0.5237989,-0.14493923,-0.48756284,-0.17040624,-0.69449425,-0.18731569,-0.82661414,-0.20543563,-0.93681514,-0.06261089,-0.49589935,-0.063793354,-0.738143,-0.04978616,-0.88033736,-0.033398636,-1.0,0.011230377,-0.43818387,0.042249374,-0.5109986,0.020175632,-0.39017618,0.0040569706,-0.30566573,0.065685965,-0.34490696,0.0810269,-0.42234412,0.055186067,-0.32753575,0.0331284,-0.25126317
0.0,0.0,-0.060617674,-0.07853282,-0.039636396,-0.20691435,0.05426494,-0.30561113,0.134145,-0.363934,-0.097925045,-0.36490467,-0.18928678,-0.6373436,-0.23617958,-0.80546594,-0.27065647,-0.9432609,0.008912798,-0.39264035,0.041638236,-0.67067003,0.069093935,-0.8594666,0.08700292,-1.0,0.10021512,-0.35454175,0.20476817,-0.40329623,0.24871892,-0.30206412,0.2672165,-0.20179114,0.17482567,-0.28354523,0.26379347,-0.28801647,0.2934026,-0.20057613,0.29612374,-0.103676654
0.0,0.0,0.03963036,0.112154126,0.028237266,0.28143588,-0.04857443,0.4052483,-0.10874618,0.5033591,0.045644097,0.5234676,0.081950784,0.74336696,0.09278236,0.8831775,0.10276062,1.0,-0.043515176,0.51715004,-0.08756343,0.7515859,-0.12244551,0.8766433,-0.14662547,0.9721158,-0.10669442,0.4537994,-0.16857192,0.60189325,-0.16742966,0.5346788,-0.1583883,0.47455922,-0.14999795,0.36124226,-0.18818562,0.45927808,-0.17664357,0.42959368,-0.16258731,0.39242807
0.0,0.0,0.08613824,-0.12969191,0.073984444,-0.31644222,-0.004504569,-0.44698387,-0.06796915,-0.5310304,0.09444932,-0.5509412,0.080366686,-0.76444185,0.067051105,-0.8829687,0.057313118,-0.98507047,0.003373379,-0.55196023,-0.05353833,-0.775523,-0.09410177,-0.90747267,-0.12681936,-1.0,-0.07440179,-0.5017583,-0.15133081,-0.6777937,-0.20188718,-0.76393604,-0.23758538,-0.83014953,-0.13380273,-0.4265442,-0.19701087,-0.5409143,-0.22836903,-0.57358557,-0.24279457,-0.59839916
0.0,0.0,-0.083142705,-0.067613654,-0.11891516,-0.20051521,-0.07688905,-0.33091587,-0.03397797,-0.4294696,-0.16713575,-0.48708478,-0.2364763,-0.68584716,-0.279073,-0.81475866,-0.31513497,-0.9179465,-0.08058731,-0.5105323,-0.07192554,-0.75289494,-0.06400685,-0.89364827,-0.05873064,-1.0,-0.009491264,-0.46361417,0.018143283,-0.60918355,0.015480295,-0.58557916,0.013355957,-0.56337214,0.04595267,-0.3804508,0.051206354,-0.45902437,0.034754,-0.42516407,0.021709062,-0.38500273
0.0,0.0,0.10469746,-0.073682204,0.14946216,-0.2327532,0.07708461,-0.36945024,0.00025332478,-0.46969667,0.12986787,-0.48430413,0.1565485,-0.7137533,0.17518994,-0.84573084,0.18420558,-0.9580624,0.039427716,-0.48998788,-0.018453924,-0.73361474,-0.05141052,-0.8787846,-0.07571839,-1.0,-0.027949844,-0.44039056,-0.051083587,-0.46090007,-0.016728915,-0.331379,0.014395728,-0.253461,-0.07304041,-0.36325985,-0.07810111,-0.38281578,-0.041246224,-0.28417468,-0.0074732187,-0.21937428
0.0,0.0,-0.093873866,-0.05533285,-0.13773139,-0.16651943,-0.08991522,-0.27877396,-0.041076172,-0.3695361,-0.16751514,-0.4833248,-0.22705945,-0.685201,-0.2608996,-0.8084868,-0.2862777,-0.9174878,-0.08082496,-0.5066167,-0.05492264,-0.7433364,-0.036144022,-0.88682413,-0.018542033,-1.0,-0.009623076,-0.4645432,0.02008248,-0.58625346,0.013419356,-0.47287798,0.0114136925,-0.38048625,0.05015716,-0.38983232,0.07029564,-0.47939697,0.061418433,-0.40858343,0.054640662,-0.3379399
0.0,0.0,0.078226194,-0.16950385,0.24746794,-0.20424607,0.40560982,-0.06051992,0.5315748,0.037380055,0.46734533,-0.28593338,0.6840815,-0.33037305,0.8372528,-0.34217712,0.96536845,-0.33534968,0.50368536,-0.102555975,0.7329205,-0.012211598,0.8832319,0.054983504,1.0,0.112512626,0.46833456,0.047793858,0.58583456,0.14524062,0.46186757,0.10649597,0.38824743,0.058013305,0.38918552,0.1517466,0.48094547,0.2161639,0.38941836,0.1816145,0.3264849,0.13262749
0.0,0.0,0.10435358,-0.048300877,0.15938848,-0.17026483,0.12832578,-0.27873278,0.10950094,-0.39532098,0.12645853,-0.49898496,0.17893815,-0.70646495,0.20971696,-0.82845014,0.22726016,-0.9392149,0.030933112,-0.5010595,-0.008610661,-0.74502754,-0.020756552,-0.8808469,-0.034179617,-1.0,-0.043835815,-0.4411648,-0.03030749,-0.5415534,0.027043328,-0.40248036,0.055312723,-0.30484235,-0.098339036,-0.3420798,-0.06099694,-0.36949843,-0.009349342,-0.28002593,0.017502537,-0.21523912
0.0,0.0,0.1065232,-0.06932146,0.12675275,-0.22434545,0.007845985,-0.3473944,-0.089615665,-0.44619656,0.14553568,-0.53027105,0.14850853,-0.74632937,0.15170866,-0.8813477,0.1436735,-1.0,0.047037248,-0.5410568,-0.014795429,-0.76996034,-0.071384884,-0.8979463,-0.12377117,-0.99984086,-0.026165085,-0.4845751,-0.0953988,-0.5751896,-0.08495646,-0.45070392,-0.06524669,-0.35933855,-0.07819899,-0.39004174,-0.12924919,-0.439302,-0.111660294,-0.353364,-0.07892443,-0.28484398
0.0,0.0,-0.103049785,-0.02705637,-0.16147138,-0.09863927,-0.093205005,-0.16426504,-0.018288573,-0.22973499,-0.23026359,-0.41557997,-0.323778,-0.60897356,-0.3771516,-0.72602147,-0.41691425,-0.83249646,-0.13044567,-0.46043828,-0.13534191,-0.708587,-0.12285597,-0.86685455,-0.11130635,-1.0,-0.03827903,-0.42208496,0.006514207,-0.49198797,-0.0012289109,-0.3562675,-0.013805794,-0.2550024,0.037098914,-0.33839276,0.07124763,-0.2911591,0.051381003,-0.18345076,0.02740828,-0.10411216
0.0,0.0,0.111646,-0.017817333,0.18426345,-0.20829499,0.16566074,-0.39215133,0.13578548,-0.53472626,0.122616395,-0.46651572,0.09686907,-0.68809056,0.070621036,-0.8631484,0.048955314,-1.0,0.035004485,-0.48469007,-0.000274443,-0.7238793,-0.0014415719,-0.87239695,0.006833645,-0.9995072,-0.040279448,-0.4486127,-0.03342079,-0.65599847,0.020970799,-0.6011288,0.06644235,-0.5510946,-0.11366012,-0.37075615,-0.08636377,-0.43839958,-0.037342794,-0.35740936,0.0018526679,-0.2832236
0.0,0.0,-0.062007055,-0.1409034,-0.06593771,-0.32519484,0.014318734,-0.4906228,0.08256785,-0.5940547,-0.15669383,-0.5125026,-0.23074466,-0.7143357,-0.27082297,-0.8368512,-0.30508813,-0.9338631,-0.06620339,-0.53280437,-0.07910385,-0.76934683,-0.07261375,-0.9036866,-0.062340546,-1.0,0.015581624,-0.48945278,0.07737626,-0.58728063,0.09024306,-0.49377084,0.09445035,-0.41895387,0.07983913,-0.41654164,0.1254332,-0.49107766,0.12758367,-0.41782013,0.12214813,-0.34989282
0.0,0.0,0.096939124,-0.12069691,0.1241216,-0.30958796,0.04241172,-0.43956164,-0.04561904,-0.5142575,0.13109194,-0.5318234,0.17047586,-0.7421161,0.19205974,-0.87020737,0.20139858,-0.9739909,0.04419101,-0.5321284,0.006548072,-0.7581353,-0.01639866,-0.8925291,-0.040786162,-1.0,-0.02876347,-0.47819516,-0.05499967,-0.5544656,-0.027319087,-0.44389135,-0.011113509,-0.36332178,-0.08011489,-0.39917016,-0.08498461,-0.4582554,-0.05790459,-0.38226125,-0.04178625,-0.3169156
0.0,0.0,0.09055368,-0.07619834,0.090588264,-0.24400152,-0.016013449,-0.37543175,-0.10334429,-0.49189687,0.15261759,-0.53059566,0.1643882,-0.7399602,0.16809787,-0.8805068,0.16190983,-1.0,0.05460531,-0.5383116,0.0010059795,-0.7752528,-0.050343283,-0.89980185,-0.096442044,-0.9958886,-0.02680078,-0.4811047,-0.09772967,-0.5712218,-0.08817378,-0.4292303,-0.071274795,-0.33165666,-0.084727824,-0.39165327,-0.13614723,-0.46322522,-0.11614651,-0.35155687,-0.08520723,-0.2658372
0.0,0.0,0.11540781,-0.021493293,0.1928419,-0.07451427,0.11540804,-0.09675487,0.01166655,-0.11357179,0.1706721,-0.43002835,0.22046863,-0.6796714,0.24876207,-0.828336,0.2643377,-0.9621291,0.059141867,-0.46253914,0.01998918,-0.70450485,-0.0012515141,-0.86440206,-0.022757811,-1.0,-0.03430191,-0.4281455,-0.022916008,-0.38198438,0.01692649,-0.24752198,0.036714967,-0.16041188,-0.10277465,-0.3513213,-0.07477521,-0.24857146,-0.031588264,-0.14552794,-0.0065457397,-0.076127596
0.0,0.0,-0.076423645,0.10570479,-0.17990008,0.13035949,-0.2688521,-0.040567685,-0.35771188,-0.17694786,-0.4882008,0.10956514,-0.71610343,0.2206633,-0.8635687,0.27292985,-0.9937745,0.30424947,-0.5000629,-0.07618358,-0.73507416,-0.1495802,-0.87713885,-0.22794735,-1.0,-0.2893812,-0.44119057,-0.21110518,-0.46025822,-0.32002828,-0.34156066,-0.30338407,-0.25787044,-0.27200425,-0.3521902,-0.31337246,-0.33895516,-0.3668841,-0.24782324,-0.31261578,-0.17008395,-0.24797387
0.0,0.0,-0.12508322,-0.025885908,-0.20820674,-0.11916305,-0.16245463,-0.21107782,-0.095056415,-0.28545412,-0.25297943,-0.4183441,-0.34718525,-0.6078592,-0.40159485,-0.7288351,-0.44126695,-0.83498377,-0.14989653,-0.46449322,-0.15381967,-0.6974047,-0.14980158,-0.8628377,-0.14391261,-1.0,-0.056008935,-0.43431506,-0.06230401,-0.43461478,-0.076852866,-0.307753,-0.078252226,-0.22011352,0.014287538,-0.36157668,-0.003197691,-0.3128203,-0.023176836,-0.22519396,-0.029672878,-0.16585103
0.0,0.0,0.09735789,-0.06437569,0.14061792,-0.21387647,0.054630768,-0.35036135,-0.017781138,-0.46972102,0.18041478,-0.477209,0.25071603,-0.68443185,0.29042283,-0.81620485,0.30906823,-0.92275685,0.08196907,-0.49858832,0.06957181,-0.7346078,0.054778587,-0.8817167,0.031564645,-1.0,-0.0043465453,-0.4519827,-0.02625701,-0.5000422,-0.0032753346,-0.37505877,0.0061665312,-0.29800522,-0.0752988,-0.3746629,-0.07635687,-0.4137347,-0.05221751,-0.32094988,-0.038469315,-0.25878742
0.0,0.0,-0.113366164,0.021545194,-0.19960156,-0.013736898,-0.1593365,-0.050874688,-0.093740806,-0.09704503,-0.2532966,-0.32538658,-0.37388778,-0.5264608,-0.4434451,-0.65645975,-0.4925187,-0.7763944,-0.14767669,-0.3901925,-0.1460363,-0.64242315,-0.1310299,-0.833031,-0.11707521,-1.0,-0.046586476,-0.38440266,-0.012285057,-0.3593818,0.0006781967,-0.20150872,0.007919744,-0.09027286,0.03921031,-0.33684903,0.05221632,-0.2793612,0.05160378,-0.15859969,0.05139799,-0.066851966
0.0,0.0,-0.06286464,-0.08387989,-0.069784455,-0.23285997,0.02352397,-0.3828296,0.090868555,-0.4994651,-0.16257039,-0.47561145,-0.22775,-0.67375594,-0.26408917,-0.80450207,-0.2904746,-0.9094849,-0.07790795,-0.5088016,-0.09059491,-0.7387739,-0.0836402,-0.8759913,-0.081868246,-1.0,-0.0057774098,-0.47078288,0.05488942,-0.60453725,0.06210151,-0.49958608,0.046034217,-0.4274893,0.05201453,-0.3942223,0.10693363,-0.48716122,0.10306982,-0.4136991,0.07759009,-0.35627145
0.0,0.0,0.113859035,-0.12282934,0.16526031,-0.36951613,0.12711757,-0.57219034,0.0788227,-0.71489924,0.12638552,-0.5186004,0.14722346,-0.7378539,0.145776,-0.8793331,0.13973913,-1.0,0.03278103,-0.48616412,0.0012029925,-0.68259877,0.027719561,-0.5833075,0.0536278,-0.48229295,-0.0535843,-0.42597136,-0.0573382,-0.5305013,-0.0064586443,-0.3525434,0.021083057,-0.23881555,-0.13074553,-0.34721082,-0.10726691,-0.44021222,-0.067825355,-0.3141215,-0.050646715,-0.22669147
0.0,0.0,0.0867341,-0.0841759,0.10825149,-0.24290234,0.014831839,-0.35385618,-0.08126448,-0.44970688,0.09146757,-0.53245676,0.1350275,-0.7532921,0.15524709,-0.8878052,0.15942007,-0.9996272,-0.0110385185,-0.5359684,-0.06764512,-0.765229,-0.11422301,-0.8961639,-0.15797323,-1.0,-0.08740834,-0.47280246,-0.113449775,-0.5852858,-0.09217184,-0.5075371,-0.08172023,-0.45253742,-0.13664107,-0.38295892,-0.13631949,-0.4518876,-0.09859497,-0.4083539,-0.06637734,-0.37430722
0.0,0.0,0.08396801,-0.100153975,0.0952717,-0.30555514,-0.000938944,-0.44899365,-0.078345515,-0.56993663,0.10508764,-0.53121334,0.12603252,-0.7515464,0.14099543,-0.8821271,0.14540282,-0.9898944,0.014724308,-0.52194464,-0.035261363,-0.74115735,-0.07193045,-0.88392943,-0.10913628,-1.0,-0.05068678,-0.45772988,-0.082593486,-0.53750515,-0.037321508,-0.42204827,-0.010689757,-0.34391263,-0.09410332,-0.36979863,-0.089959845,-0.43510735,-0.047342446,-0.3493733,-0.016758468,-0.28643402
0.0,0.0,0.106749825,-0.057936322,0.14219576,-0.21384826,0.056228977,-0.35556304,-0.01990719,-0.45819482,0.17352194,-0.48956966,0.21361789,-0.7181136,0.23971236,-0.84823686,0.2507079,-0.95605373,0.07827306,-0.5141748,0.049798638,-0.76275593,0.02363706,-0.8963585,-0.001213492,-1.0,-0.0007103059,-0.47826704,-0.04031529,-0.54565656,-0.031500217,-0.44265857,-0.022366235,-0.3671555,-0.058279343,-0.41392997,-0.07802633,-0.47897518,-0.05739536,-0.41910046,-0.036300734,-0.36820164
0.0,0.0,0.120921984,-0.056641717,0.18161367,-0.18160899,0.089734375,-0.28941822,0.0020683557,-0.38264444,0.14888497,-0.51295483,0.15866823,-0.7417667,0.16361848,-0.8802252,0.15800713,-1.0,0.052701894,-0.5261599,0.0117397085,-0.7483877,-0.020051394,-0.8838531,-0.050278522,-0.9901487,-0.021547034,-0.47873595,-0.044186372,-0.48548785,-0.017054718,-0.3548992,0.004463433,-0.26801488,-0.07530406,-0.39672172,-0.07657627,-0.38710737,-0.041232415,-0.28745392,-0.0102207605,-0.21252525
0.0,0.0,0.10775571,-0.029056793,0.15373491,-0.1391493,0.09183623,-0.26820195,0.033652935,-0.38865528,0.22565892,-0.44986287,0.27566892,-0.66193855,0.29993495,-0.80258733,0.31313148,-0.9275689,0.1299734,-0.4854607,0.104167454,-0.72514236,0.0754138,-0.878277,0.051546205,-1.0,0.037723612,-0.45537794,0.0118950335,-0.5354778,0.01987445,-0.42231014,0.030979063,-0.33176547,-0.04145212,-0.37960452,-0.043670017,-0.39935648,-0.029620549,-0.3043589,-0.015092152,-0.21982643
0.0,0.0,0.08851828,-0.0873683,0.10409567,-0.2702468,0.013781831,-0.42433268,-0.07550269,-0.53553015,0.10144432,-0.50829804,0.13010518,-0.735284,0.15389201,-0.8666814,0.16253981,-0.97002923,0.009346157,-0.5002806,-0.03757108,-0.7489768,-0.055220548,-0.89126945,-0.07538943,-1.0,-0.06114604,-0.43696567,-0.077850364,-0.5025699,-0.033702597,-0.3937349,-0.010189019,-0.3257727,-0.10810514,-0.35123572,-0.09498526,-0.39833254,-0.051748358,-0.31628036,-0.026987543,-0.25875255
0.0,0.0,0.11700279,-0.011319573,0.18820228,-0.08234698,0.11942518,-0.1751224,0.04021502,-0.2634332,0.21821164,-0.43142614,0.28427345,-0.6528726,0.32347876,-0.7819446,0.34479946,-0.90121645,0.120395645,-0.4680429,0.09407186,-0.69998175,0.06679706,-0.8580495,0.03807564,-1.0,0.03359582,-0.43398535,0.0023139047,-0.39921004,0.021285223,-0.2591139,0.03836261,-0.17847805,-0.033950344,-0.35783312,-0.03740329,-0.30653182,-0.01069778,-0.20945083,0.012662446,-0.14365463
0.0,0.0,-0.047212314,-0.09331641,-0.045691885,-0.23394032,0.042123526,-0.38024023,0.115712695,-0.4870275,-0.123625696,-0.49494463,-0.19681928,-0.6859847,-0.23741461,-0.8116938,-0.26541325,-0.913796,-0.034402613,-0.5217653,-0.035034947,-0.7554648,-0.017047774,-0.8898181,-0.0019961467,-1.0,0.038172882,-0.47708857,0.11528876,-0.5784274,0.13507792,-0.47804365,0.13544105,-0.38663027,0.08960791,-0.3957443,0.15073861,-0.46280673,0.16604014,-0.37874132,0.16409308,-0.29039288
0.0,0.0,0.12632407,-0.07863295,0.21586296,-0.26229063,0.23146573,-0.4240634,0.22361282,-0.5605384,0.16755036,-0.5256814,0.21308313,-0.7342155,0.23193446,-0.8833742,0.24418044,-1.0,0.06580731,-0.52693874,0.07680239,-0.75303614,0.092553146,-0.8787223,0.1077683,-0.9796982,-0.03586769,-0.47492927,-0.010094035,-0.62790394,0.02892266,-0.48208284,0.048202947,-0.3544567,-0.13196245,-0.38323116,-0.0970795,-0.4806968,-0.060754377,-0.3938905,-0.04688562,-0.30646616
0.0,0.0,0.10482518,-0.05342676,0.15789324,-0.1783788,0.12813848,-0.28622547,0.10847453,-0.39904383,0.12520954,-0.5004403,0.17584175,-0.70583147,0.20429507,-0.8278646,0.2197691,-0.9386419,0.03231182,-0.50099987,-0.006332977,-0.74512315,-0.019589817,-0.88148874,-0.033789467,-1.0,-0.04159782,-0.44193465,-0.030356321,-0.5490779,0.025904888,-0.41362423,0.054123506,-0.31548145,-0.09615922,-0.34571284,-0.06471813,-0.3795419,-0.016936524,-0.29186136,0.00746482,-0.22568886
0.0,0.0,-0.088786855,-0.009900143,-0.14741315,-0.11293777,-0.0992292,-0.2776926,-0.051172573,-0.4126299,-0.28762105,-0.36947608,-0.45115182,-0.5034812,-0.55393076,-0.58482116,-0.6324435,-0.66230536,-0.21111141,-0.47424063,-0.33388704,-0.70497805,-0.40383646,-0.86097574,-0.4552734,-1.0,-0.11238757,-0.49879265,-0.12545624,-0.66681606,-0.090892866,-0.5452072,-0.070531495,-0.44045562,-0.0069880974,-0.4797335,-0.0051126024,-0.5928677,0.006012651,-0.5242917,0.014228219,-0.45800158
0.0,0.0,0.10409032,-0.085089244,0.13107535,-0.2605975,0.06481193,-0.42101327,-0.010840494,-0.5349593,0.16142261,-0.5071437,0.19826087,-0.7277188,0.22589447,-0.85437185,0.23678987,-0.9607505,0.06872767,-0.51757747,0.037247576,-0.75130844,0.025544124,-0.8917559,0.012206042,-1.0,-0.008050904,-0.46512064,-0.030855099,-0.5116163,-0.0022956762,-0.38374284,0.016830184,-0.29275718,-0.0626416,-0.38167405,-0.060909916,-0.39701772,-0.030745508,-0.3007445,-0.008509561,-0.22638161
0.0,0.0,-0.08435676,-0.106665224,-0.100139484,-0.2725167,-0.0010677195,-0.41158518,0.085782886,-0.4990815,-0.1262932,-0.5128803,-0.15264091,-0.7302244,-0.17280224,-0.8631578,-0.19320011,-0.97649056,-0.037448786,-0.5141327,-0.003281907,-0.7507207,0.028366176,-0.88670987,0.05611001,-1.0,0.03241076,-0.44984943,0.086385764,-0.54617304,0.05449927,-0.4290666,0.023419878,-0.35428542,0.08697046,-0.35541964,0.12983991,-0.4348089,0.099394836,-0.3507905,0.06321453,-0.2892523
0.0,0.0,0.10475628,-0.072931446,0.14004306,-0.22731413,0.07054241,-0.35803652,0.0017160388,-0.4681406,0.1328421,-0.5134453,0.16698317,-0.7269597,0.19032879,-0.85099596,0.19938257,-0.961657,0.03873904,-0.5147701,-0.0050421506,-0.74999696,-0.02634812,-0.8892122,-0.049080756,-1.0,-0.038530473,-0.44861627,-0.03707528,-0.51231706,0.0030048508,-0.40682957,0.021015387,-0.32612342,-0.09194775,-0.35080877,-0.060627047,-0.36597607,-0.013732886,-0.27403766,0.011787893,-0.19918834
0.0,0.0,0.098437265,-0.10036924,0.115780555,-0.26021895,0.03599121,-0.3758528,-0.03043032,-0.47709933,0.08506742,-0.53309596,0.103338756,-0.7511165,0.11672581,-0.88831955,0.11903322,-0.99975276,-0.009892767,-0.52942944,-0.07550994,-0.75815946,-0.11939514,-0.89568007,-0.15801048,-1.0,-0.08035303,-0.47081557,-0.12018022,-0.504714,-0.08678909,-0.38664246,-0.06290042,-0.3034083,-0.13209304,-0.38924113,-0.1611631,-0.43010405,-0.12870206,-0.34302014,-0.100289285,-0.27343357
0.0,0.0,-0.08964805,0.0739155,-0.21414608,0.056128275,-0.30462104,-0.13136068,-0.3881036,-0.29193738,-0.5122529,-0.037661545,-0.7300265,-0.0003659352,-0.87488353,0.022153214,-1.0,0.028357038,-0.49642688,-0.21550985,-0.70734555,-0.3411548,-0.8328964,-0.43487576,-0.9481548,-0.52031595,-0.4196924,-0.3273944,-0.49760112,-0.4345948,-0.37041956,-0.36892587,-0.27575636,-0.3111633,-0.31221083,-0.40413663,-0.3790457,-0.48885083,-0.30028066,-0.42394096,-0.22487809,-0.35316807
0.0,0.0,0.10766934,-0.079754554,0.13747744,-0.25544733,0.062224507,-0.41571724,-0.020905217,-0.5193944,0.15854076,-0.4964015,0.19688956,-0.71991503,0.22714055,-0.8461554,0.24086861,-0.9515559,0.062144462,-0.50925475,0.028308023,-0.7455656,0.011566065,-0.8874459,-0.0068558143,-1.0,-0.015942037,-0.4617563,-0.045090005,-0.5113218,-0.017158587,-0.3835484,0.0047740885,-0.28962117,-0.07071012,-0.3850404,-0.07138663,-0.41801706,-0.035131995,-0.3245415,-0.00699382,-0.24677858
0.0,0.0,0.067656726,-0.11497123,0.03761009,-0.2622646,-0.078972936,-0.3262506,-0.17654008,-0.38808006,-0.030076087,-0.5193534,-0.036671016,-0.7458085,-0.0409928,-0.8844531,-0.05450603,-1.0,-0.125523,-0.4765618,-0.25982627,-0.66567016,-0.35199246,-0.76380354,-0.42899507,-0.84771526,-0.17885877,-0.37925708,-0.23444436,-0.37995908,-0.16617663,-0.2613399,-0.11368067,-0.19555864,-0.19961214,-0.26648822,-0.23437859,-0.27304977,-0.17218544,-0.1886664,-0.11872986,-0.13851903
0.0,0.0,0.113849804,-0.14527555,0.15498686,-0.37712488,0.122827664,-0.5734375,0.098902896,-0.7144144,0.10033113,-0.5382277,0.11058768,-0.7486275,0.10576355,-0.8836709,0.097644314,-1.0,0.010094317,-0.49559194,-0.016400358,-0.67661244,0.017368345,-0.5558577,0.048764557,-0.4402054,-0.07175184,-0.4253454,-0.074121855,-0.5133302,-0.017044092,-0.34811807,0.015462362,-0.24576814,-0.14270614,-0.33732888,-0.12994972,-0.4186381,-0.08299376,-0.30390498,-0.0566136,-0.22660147
0.0,0.0,-0.08936892,0.026323644,-0.15450504,-0.03303445,-0.089384116,-0.15337017,-0.03405925,-0.2615748,-0.31654996,-0.3332088,-0.4664068,-0.48419183,-0.5636466,-0.5836579,-0.64373434,-0.6826223,-0.2280485,-0.4380247,-0.3051113,-0.6702142,-0.34638456,-0.8433806,-0.38714275,-1.0,-0.12534249,-0.45815063,-0.10217024,-0.5567202,-0.025355961,-0.3888358,0.01881785,-0.26410156,-0.016242152,-0.4308197,0.024960306,-0.4636449,0.056776386,-0.34364635,0.06716552,-0.24458526
0.0,0.0,-0.088851616,-0.022062749,-0.13271445,-0.114766546,-0.047043294,-0.23173743,0.023166288,-0.33426845,-0.21641439,-0.43385103,-0.2913553,-0.62160206,-0.34107614,-0.7458566,-0.38182196,-0.8538279,-0.12462493,-0.4842103,-0.13219294,-0.71653205,-0.1231931,-0.86676,-0.11810578,-1.0,-0.038967814,-0.4468158,0.009918357,-0.5474303,0.013964665,-0.41489694,0.006590243,-0.32073507,0.034069154,-0.36149162,0.06744691,-0.38821715,0.056034017,-0.29072642,0.032136045,-0.22108448
0.0,0.0,-0.09607784,-0.08649518,-0.13488714,-0.21980564,-0.08174117,-0.3579082,-0.030323856,-0.46771067,-0.1446626,-0.52398944,-0.18549706,-0.73433805,-0.21167518,-0.8788444,-0.23125558,-1.0,-0.051877163,-0.5306097,-0.013084744,-0.7584272,0.008611505,-0.8803932,0.022620663,-0.9751133,0.022317108,-0.47939506,0.058278553,-0.6004949,0.048310272,-0.50447303,0.041557413,-0.41779092,0.0848486,-0.3940758,0.111780316,-0.49369854,0.09053449,-0.42315266,0.07070945,-0.3423247
0.0,0.0,-0.111647435,-0.06562991,-0.16142292,-0.21004798,-0.11210785,-0.35209492,-0.059800703,-0.4594415,-0.16726132,-0.5156791,-0.23307091,-0.73619914,-0.26974127,-0.8845325,-0.29645348,-1.0,-0.07715216,-0.52529764,-0.050293397,-0.7393811,-0.03567685,-0.83171123,-0.02813937,-0.89180547,-0.0033869946,-0.47469077,0.019351631,-0.6322994,0.016468972,-0.6530255,0.011678782,-0.65668344,0.058925003,-0.39001152,0.068373606,-0.51525503,0.055766415,-0.5233991,0.04274793,-0.50596356
0.0,0.0,-0.06308908,0.1651216,-0.17593262,0.18850343,-0.23465772,0.014982705,-0.27396762,-0.15269004,-0.4704437,0.06670872,-0.7231815,0.09984001,-0.87256306,0.12183164,-1.0,0.12526906,-0.45753485,-0.13182825,-0.69872534,-0.26486623,-0.83764267,-0.37632564,-0.9420544,-0.47372553,-0.3789793,-0.26014632,-0.3922658,-0.34589705,-0.25856674,-0.24990547,-0.16324249,-0.16860871,-0.27025867,-0.34662864,-0.24796705,-0.38983822,-0.15807194,-0.3090604,-0.08590789,-0.2346219
0.0,0.0,0.14493391,0.016476123,0.23759691,-0.08409689,0.28262016,-0.22590096,0.33766285,-0.3430375,0.32727864,-0.38444728,0.45379254,-0.552542,0.52435225,-0.66666174,0.57460773,-0.76931477,0.2447164,-0.4642818,0.27794528,-0.7216057,0.29581502,-0.875823,0.30945933,-1.0,0.15478425,-0.46624774,0.13224342,-0.6191639,0.1204247,-0.57710266,0.11061574,-0.5291321,0.07011034,-0.41225556,0.055765208,-0.4808587,0.051040523,-0.4632762,0.04720867,-0.44378826
0.0,0.0,-0.086652815,0.026319819,-0.15395837,-0.031355515,-0.091795824,-0.16556491,-0.030258194,-0.2878819,-0.32178593,-0.33573642,-0.47010535,-0.48472878,-0.5678011,-0.5850936,-0.64872897,-0.68471396,-0.2337251,-0.44260138,-0.3121836,-0.6755012,-0.35539034,-0.84682447,-0.39995608,-1.0,-0.13080591,-0.46424726,-0.110505246,-0.5716409,-0.031670574,-0.40171558,0.011928149,-0.27344826,-0.021747468,-0.43941355,0.01842661,-0.48236352,0.051553395,-0.35539386,0.060058244,-0.24622509
0.0,0.0,0.102579325,-0.11202252,0.12526533,-0.31494123,0.039039973,-0.4547544,-0.04573112,-0.5611236,0.107910275,-0.5013547,0.14491594,-0.72739714,0.16669406,-0.8591749,0.1743787,-0.9675391,0.016075939,-0.48454076,-0.02888311,-0.74726546,-0.036267985,-0.88123345,-0.049813427,-1.0,-0.061417654,-0.41619784,-0.062085684,-0.51433295,-0.01934497,-0.36848214,-0.011481651,-0.2890351,-0.1223926,-0.3268354,-0.09628878,-0.43291536,-0.053481594,-0.32912078,-0.04675378,-0.25845978
0.0,0.0,-0.041605175,-0.028904518,-0.041362897,-0.120251164,0.064063065,-0.23160535,0.14608595,-0.32894894,-0.1275183,-0.4220922,-0.201103,-0.6101465,-0.24375291,-0.7342054,-0.27590153,-0.8449311,-0.0382814,-0.4743693,-0.046869207,-0.70808804,-0.03174617,-0.8609529,-0.026154304,-1.0,0.037433326,-0.43975663,0.118976116,-0.53243124,0.1575825,-0.41612,0.1604495,-0.33077788,0.0963836,-0.35939655,0.16481437,-0.40582094,0.17700209,-0.32940328,0.15767942,-0.25921574
0.0,0.0,0.011708704,-0.2202434,0.15244137,-0.38754106,0.3323645,-0.37456715,0.47592095,-0.32320338,0.35532424,-0.5721047,0.5273417,-0.77282155,0.63583046,-0.8955604,0.72574043,-0.99148864,0.43213353,-0.43006894,0.6988371,-0.5231607,0.86435366,-0.5794634,1.0,-0.626853,0.4390856,-0.28553075,0.5876701,-0.3160879,0.47559112,-0.28529775,0.38209605,-0.25341573,0.4066356,-0.1514644,0.50246525,-0.19064763,0.41238,-0.17479612,0.3289347,-0.15248899
0.0,0.0,-0.13297749,-0.0692529,-0.22608545,-0.22547735,-0.20560817,-0.39940733,-0.1517593,-0.51246417,-0.29163364,-0.35148537,-0.4502683,-0.494774,-0.5464084,-0.5813088,-0.6255274,-0.650157,-0.21117993,-0.4513568,-0.32381132,-0.7050669,-0.38242114,-0.8694141,-0.42831862,-1.0,-0.112846665,-0.4885655,-0.07955906,-0.63022304,-0.03067579,-0.53523403,-0.005594447,-0.44060886,-0.012923928,-0.47841224,0.028644664,-0.5564964,0.05273092,-0.4761131,0.06099378,-0.3975645
0.0,0.0,0.10077279,-0.025720762,0.167188,-0.11264211,0.095759615,-0.16608231,0.0067724255,-0.21638584,0.14381371,-0.4573024,0.18936262,-0.6826137,0.2155301,-0.8187209,0.22597148,-0.9387602,0.04236256,-0.47773808,0.007629001,-0.71580154,-0.013485902,-0.8658365,-0.037004273,-1.0,-0.040214326,-0.43065542,-0.037485715,-0.45116225,0.0046342,-0.3198531,0.023867903,-0.23637502,-0.10195904,-0.34551686,-0.07357373,-0.31094092,-0.03047702,-0.21691653,-0.005929547,-0.15583111
0.0,0.0,-0.03946724,-0.17118528,-0.13902085,-0.25708124,-0.2500864,-0.22966905,-0.3590758,-0.19161953,-0.40024984,-0.40070274,-0.6262142,-0.44011047,-0.76202416,-0.44616088,-0.8801846,-0.4337229,-0.44408163,-0.26129755,-0.6931874,-0.23405573,-0.85994464,-0.21226306,-1.0,-0.18328644,-0.42505994,-0.121712714,-0.4375334,-0.017818023,-0.30003476,-0.0020732344,-0.19095716,0.006246112,-0.36604914,0.00042940662,-0.35119116,0.021507954,-0.28086838,-0.009772166,-0.22202936,-0.039978947
0.0,0.0,-0.049938187,-0.060785837,-0.048785377,-0.1706514,0.053303733,-0.2861779,0.1326153,-0.38216853,-0.12107245,-0.4591409,-0.19024746,-0.6491508,-0.22910513,-0.77100414,-0.257394,-0.87425315,-0.034305073,-0.49579662,-0.029470047,-0.7323884,-0.012662557,-0.87594074,-0.003992649,-1.0,0.035587467,-0.4541379,0.11818853,-0.5505289,0.1474013,-0.44329658,0.1476179,-0.36265722,0.088119,-0.3737644,0.15649326,-0.42224407,0.16107857,-0.35363242,0.13993207,-0.29169056
0.0,0.0,0.097347975,-0.11146711,0.118144594,-0.3174844,0.038796872,-0.45912322,-0.042369917,-0.5699485,0.10458306,-0.5037662,0.14645213,-0.72878885,0.16928996,-0.8553075,0.1751576,-0.96110207,0.013241939,-0.49235034,-0.033398967,-0.75194806,-0.04005864,-0.8820421,-0.056883182,-1.0,-0.06345846,-0.42374846,-0.04145652,-0.5091613,-0.00078153936,-0.36995366,-0.0026507592,-0.31179708,-0.12319126,-0.33884424,-0.0791071,-0.4102997,-0.0470811,-0.3079698,-0.058093958,-0.26149374
0.0,0.0,-0.05842471,-0.03762775,-0.123307124,-0.16924414,-0.10876067,-0.4138396,-0.099317364,-0.615242,-0.45546693,-0.22787234,-0.7057549,-0.28438988,-0.8639717,-0.33836195,-1.0,-0.3942592,-0.42146513,-0.39511067,-0.6628127,-0.58354545,-0.80922246,-0.7410036,-0.94191575,-0.8744225,-0.31976137,-0.4896518,-0.39373288,-0.7463823,-0.2718415,-0.68162775,-0.19458146,-0.5835607,-0.18890731,-0.5336424,-0.18617585,-0.7024459,-0.12363034,-0.6603004,-0.082588896,-0.5830342
0.0,0.0,-0.053226575,-0.16666861,-0.051171463,-0.43034396,-0.06466039,-0.6389903,-0.08505397,-0.8172211,0.14765926,-0.40713164,0.27478486,-0.6735228,0.3677076,-0.8680765,0.439136,-1.0,0.24959806,-0.26761615,0.25653863,-0.1834311,0.1848811,-0.06775434,0.116755165,0.021947237,0.29221874,-0.11933067,0.25367042,0.0029932242,0.17310555,0.08762438,0.10996701,0.13715918,0.31945217,0.021003298,0.30518216,0.10452086,0.23796399,0.17055917,0.18392213,0.21727307
0.0,0.0,0.113394,-0.051809456,0.17478377,-0.18803936,0.14800456,-0.30508766,0.123288654,-0.42719418,0.16184768,-0.49975085,0.23274198,-0.6988166,0.27070457,-0.8191849,0.29461378,-0.92447597,0.0699678,-0.5133003,0.04014898,-0.7614307,0.025721597,-0.89303064,0.014806256,-1.0,-0.0040080417,-0.46269155,-0.005838162,-0.62003857,0.038844284,-0.5014454,0.0686067,-0.4002739,-0.059207413,-0.3713522,-0.033885084,-0.40632722,0.008934013,-0.3155892,0.038381968,-0.23906393
0.0,0.0,0.115674414,0.0013281872,0.18787387,-0.18299897,0.1540213,-0.36406723,0.11545533,-0.49541342,0.13789995,-0.44483417,0.11638497,-0.66317195,0.08862871,-0.8505304,0.07003942,-1.0,0.044694617,-0.46895742,-0.0010943294,-0.7239063,-0.0059186057,-0.86936396,-0.007731101,-0.97196394,-0.032251418,-0.43095392,-0.019628696,-0.615541,0.032062784,-0.5061305,0.0597694,-0.39931923,-0.10700398,-0.3552565,-0.081798226,-0.47566918,-0.03962171,-0.39890498,-0.01760733,-0.31540087
0.0,0.0,0.09230686,-0.08978309,0.09955965,-0.24831152,0.00054659566,-0.35949638,-0.08206655,-0.45499477,0.07078806,-0.5122049,0.0805103,-0.74183345,0.09299162,-0.88562804,0.095008306,-1.0,-0.028656378,-0.5078171,-0.1197009,-0.73923784,-0.17835547,-0.86891735,-0.2262228,-0.96998864,-0.09947797,-0.4472678,-0.1492994,-0.47264582,-0.11187092,-0.34651342,-0.08026076,-0.27548283,-0.14631464,-0.36765498,-0.17564397,-0.39061543,-0.13813065,-0.29633373,-0.104713924,-0.24140418
0.0,0.0,0.07513046,-0.13011576,0.06776051,-0.3319741,-0.037903592,-0.46064022,-0.13341749,-0.5676211,0.07316469,-0.56086546,0.070709504,-0.7683999,0.06700005,-0.8945285,0.055197615,-1.0,-0.015023292,-0.54300416,-0.07744789,-0.75922006,-0.109686464,-0.88675207,-0.13991502,-0.98734134,-0.08417907,-0.46793708,-0.12205761,-0.56429064,-0.07292112,-0.4469316,-0.045416623,-0.37115437,-0.13013673,-0.374331,-0.14474176,-0.43952036,-0.105697475,-0.34944794,-0.080445275,-0.28821895
0.0,0.0,-0.12454791,0.03648438,-0.2786678,-0.035421167,-0.36925313,-0.19310898,-0.43250397,-0.2869548,-0.47578776,-0.23267116,-0.7284606,-0.32287046,-0.8745717,-0.37763318,-0.9932358,-0.42030546,-0.42643747,-0.39511406,-0.6359201,-0.6655894,-0.74567103,-0.8613979,-0.8133343,-1.0,-0.3340792,-0.48922843,-0.31268495,-0.60138345,-0.214514,-0.4951562,-0.14165425,-0.39791957,-0.22559151,-0.54328865,-0.21466605,-0.6216251,-0.14946797,-0.5330788,-0.09298518,-0.4482175
0.0,0.0,0.01355211,0.12856045,-0.024297727,0.31005183,-0.1234116,0.41130605,-0.20755301,0.50651497,-0.053289834,0.5271066,-0.045101523,0.74794424,-0.04262212,0.88623375,-0.043616567,1.0,-0.13387114,0.5029319,-0.20935827,0.7073017,-0.25970912,0.8267067,-0.30517793,0.9242713,-0.1847112,0.43154868,-0.25890023,0.53382516,-0.21487431,0.41537878,-0.17733383,0.33021232,-0.22066371,0.33772713,-0.271374,0.43312255,-0.28472468,0.45178708,-0.2986398,0.47081974
0.0,0.0,-0.088898316,0.06510862,-0.2252937,0.045349717,-0.32576618,-0.12323079,-0.4055323,-0.2756437,-0.5217881,-0.053792845,-0.7381762,-0.043354407,-0.8807426,-0.03332873,-1.0,-0.036622033,-0.50090206,-0.21826188,-0.6951634,-0.3570587,-0.8138151,-0.46651062,-0.9147007,-0.5638915,-0.42631862,-0.31797123,-0.50486207,-0.44731095,-0.39218515,-0.38553184,-0.3029311,-0.32441476,-0.3223047,-0.3850843,-0.38682,-0.4781479,-0.3064679,-0.41780913,-0.22726624,-0.3507339
0.0,0.0,-0.08569644,-0.10278061,-0.11068058,-0.27609348,-0.02574505,-0.3977701,0.058034632,-0.4788997,-0.09363862,-0.5459024,-0.13090166,-0.750873,-0.15277776,-0.8764791,-0.1655444,-0.98113877,0.0062274374,-0.5341534,0.06248974,-0.76179695,0.09949547,-0.8978889,0.13180056,-1.0,0.07841051,-0.4581573,0.11100252,-0.5664329,0.07979834,-0.47310975,0.06352213,-0.39658588,0.122038424,-0.35563397,0.1305719,-0.43414956,0.09581559,-0.36282504,0.07644068,-0.2943077
0.0,0.0,-0.13941866,0.07153364,-0.25675395,0.3022059,-0.27700856,0.50607187,-0.2673063,0.674497,-0.22384736,0.49820274,-0.29010397,0.66492337,-0.32862154,0.7818371,-0.3463224,0.9004803,-0.13802387,0.52813196,-0.22703518,0.71200824,-0.27934158,0.84789807,-0.3187703,1.0,-0.041761,0.5146914,-0.12966353,0.66773534,-0.20537063,0.7820871,-0.27012593,0.9161364,0.058416888,0.4675557,-0.022918075,0.61440253,-0.07418718,0.6744228,-0.11835147,0.7241854
0.0,0.0,0.014755369,0.2329981,0.099794,0.3908483,0.23838066,0.37063602,0.3629503,0.31335375,0.40622497,0.555994,0.6180646,0.7714326,0.74478805,0.90059716,0.8486798,0.98580176,0.482656,0.3939919,0.7319968,0.40563214,0.8849779,0.37704346,1.0,0.3408862,0.49099848,0.23842677,0.54278636,0.20985512,0.42145756,0.20585014,0.33305544,0.2156739,0.45712927,0.108683445,0.4917485,0.108972274,0.40403828,0.11275718,0.32796007,0.12020311
0.0,0.0,-0.10568917,0.13905895,-0.25158426,0.15352385,-0.34837097,-0.0047338023,-0.40563458,-0.16435315,-0.527616,0.0601568,-0.7459452,0.04173209,-0.88273,0.02069579,-1.0,-0.014795483,-0.50723386,-0.1102072,-0.69161874,-0.26009065,-0.8073813,-0.37444502,-0.9079549,-0.47721988,-0.43713924,-0.22929005,-0.48704097,-0.34820664,-0.36863503,-0.26579896,-0.27421594,-0.19694395,-0.34535658,-0.31021842,-0.38939738,-0.38341525,-0.31072396,-0.30456528,-0.23361681,-0.2164365
0.0,0.0,0.07967988,-0.106453136,0.064494714,-0.31427875,-0.03424247,-0.46904776,-0.116985776,-0.5850509,0.1314375,-0.54376596,0.13115005,-0.75882405,0.13745518,-0.89202255,0.13549879,-0.9971314,0.050981447,-0.5372785,-0.01569664,-0.7623845,-0.05672418,-0.8982181,-0.09901647,-1.0,-0.014229952,-0.47299123,-0.105129026,-0.5659869,-0.10811685,-0.463332,-0.107689105,-0.39215893,-0.06253271,-0.39375314,-0.108808175,-0.5064714,-0.118658006,-0.5036706,-0.12634104,-0.5140507
0.0,0.0,0.03969276,0.09306246,0.0350048,0.27397156,-0.046393946,0.42490503,-0.1033917,0.5593786,0.05994855,0.5339078,0.10662713,0.74945897,0.1278977,0.8858981,0.14245273,1.0,-0.035930317,0.54315466,-0.071612865,0.7747756,-0.10121957,0.8953147,-0.124746606,0.99125826,-0.10025978,0.49149787,-0.1655332,0.63372076,-0.16712053,0.5382782,-0.16318144,0.46393448,-0.14855394,0.41749132,-0.18728945,0.5157087,-0.18707764,0.4825236,-0.18775295,0.4559488
0.0,0.0,-0.084693156,-0.12788658,-0.14006345,-0.29373103,-0.09327716,-0.49828207,-0.027292676,-0.65669453,-0.2788391,-0.5965803,-0.351679,-0.8007425,-0.3912988,-0.91778016,-0.40789878,-1.0,-0.18135218,-0.6320348,-0.15848663,-0.82144356,-0.08589099,-0.8071136,-0.030237323,-0.7535533,-0.07934247,-0.6183569,-0.024000956,-0.75853336,0.027231727,-0.73176926,0.062121987,-0.6572995,0.01382104,-0.56118053,0.070721224,-0.6476771,0.100152016,-0.62430406,0.12119478,-0.55995065
0.0,0.0,0.104516305,-0.067227274,0.12772858,-0.21775492,0.022613198,-0.32490817,-0.07484486,-0.41884375,0.12128254,-0.5243149,0.12554136,-0.74339694,0.12338851,-0.8804489,0.113645926,-1.0,0.027667359,-0.523099,-0.038000453,-0.7406194,-0.09337631,-0.8574963,-0.14291833,-0.9548017,-0.038283374,-0.4626752,-0.08981624,-0.56799495,-0.05635979,-0.43740728,-0.026285613,-0.3451805,-0.0831072,-0.3688831,-0.107833356,-0.4209928,-0.07348587,-0.33630338,-0.035429705,-0.27267116
0.0,0.0,-0.091699295,-0.27665776,-0.013174394,-0.599403,0.12971798,-0.816661,0.2449,-0.9260109,0.34042862,-0.57491183,0.47401604,-0.9003497,0.36798814,-1.0,0.26763302,-0.95582575,0.4324765,-0.45069462,0.47460246,-0.769432,0.35792893,-0.8324763,0.28102887,-0.77255625,0.46139643,-0.3470209,0.46457437,-0.6488608,0.35960463,-0.6982923,0.2853407,-0.63992393,0.46288398,-0.26717567,0.44351193,-0.5214476,0.3613611,-0.56541675,0.30092466,-0.5171098
0.0,0.0,0.09387652,-0.08793183,0.11781686,-0.25214672,0.01459609,-0.35417002,-0.08667426,-0.42712334,0.084975556,-0.50834197,0.11526412,-0.7444147,0.13385172,-0.88660175,0.13859329,-1.0,-0.018572878,-0.5065171,-0.08412055,-0.7465846,-0.11911325,-0.88015026,-0.15463483,-0.9833252,-0.09676685,-0.44221938,-0.10996782,-0.49804804,-0.056598317,-0.3663892,-0.02726824,-0.2852185,-0.14974958,-0.3552862,-0.14179097,-0.4163744,-0.089845635,-0.34236,-0.056556802,-0.29046574
0.0,0.0,-0.08563309,-0.20353343,-0.14509979,-0.41488338,-0.14995876,-0.5691969,-0.13319808,-0.67211705,-0.29210728,-0.53019655,-0.4202821,-0.75290155,-0.50155437,-0.88826406,-0.5850461,-1.0,-0.24034218,-0.50617296,-0.268302,-0.81905895,-0.30288643,-0.9283821,-0.37127057,-0.9916723,-0.15111765,-0.44523683,-0.04643067,-0.7491521,-0.005658393,-0.6995049,-0.03331943,-0.61004037,-0.04835266,-0.35905415,0.062679954,-0.5845957,0.08809419,-0.57728076,0.058584914,-0.5321763
0.0,0.0,-0.042542778,-0.055544168,-0.030765058,-0.16646776,0.07815504,-0.27471572,0.15629871,-0.36736274,-0.10030128,-0.45755813,-0.17002364,-0.65194976,-0.20624116,-0.7776607,-0.23148392,-0.8852352,-0.011729473,-0.49098685,-0.0077782,-0.7256342,0.010830994,-0.8701693,0.020242384,-1.0,0.057193637,-0.44741812,0.14058168,-0.54015636,0.17045648,-0.43769047,0.16972904,-0.3615286,0.10752697,-0.3630641,0.17546158,-0.4016923,0.18252233,-0.3347982,0.16348067,-0.27415025
0.0,0.0,-0.037083812,0.081667915,-0.12130424,0.082609676,-0.16487867,-0.05631864,-0.18812071,-0.18944176,-0.4134746,0.049906872,-0.64464897,0.1010352,-0.7934385,0.13666575,-0.92778355,0.15346648,-0.424736,-0.12630443,-0.6789482,-0.16071899,-0.84494805,-0.21014427,-1.0,-0.24980095,-0.3653381,-0.26319888,-0.46281922,-0.41351318,-0.31162462,-0.42254573,-0.2004661,-0.38648814,-0.26697904,-0.3681647,-0.27627185,-0.48570436,-0.17746253,-0.44885653,-0.100570634,-0.3778979
0.0,0.0,-0.1622889,0.059271444,-0.29050463,0.2169141,-0.36997095,0.35690796,-0.43023214,0.46691796,-0.2783466,0.49086297,-0.3426992,0.7302016,-0.3785966,0.8860616,-0.40623343,1.0,-0.22097054,0.5064526,-0.35007155,0.74882776,-0.4364241,0.87326664,-0.51100075,0.97160655,-0.13844186,0.4788781,-0.30701908,0.56855,-0.3850428,0.5417036,-0.43530196,0.52731687,-0.044585045,0.41998196,-0.14799328,0.46634573,-0.19607784,0.42765865,-0.21721885,0.3897014
0.0,0.0,-0.11458968,-0.17008977,-0.13979058,-0.4004503,-0.092787795,-0.56698,-0.04453456,-0.6717665,-0.045420807,-0.6221737,0.009169768,-0.8245898,0.043642867,-0.92052275,0.08151251,-1.0,0.022250207,-0.595164,0.032918826,-0.7955237,0.015419025,-0.84780914,0.0029239736,-0.86123645,0.08662612,-0.54589486,0.06632358,-0.6872046,0.01002781,-0.6262302,-0.023728278,-0.5400749,0.14486362,-0.47282818,0.12152379,-0.5809182,0.06333627,-0.53885484,0.023603084,-0.46997446
0.0,0.0,0.09941509,-0.057959877,0.13516927,-0.20751408,0.06180684,-0.36414206,0.009224403,-0.49863604,0.2023774,-0.47754797,0.28883713,-0.66783,0.33761325,-0.78496677,0.36848247,-0.89480937,0.108308084,-0.51573384,0.09354032,-0.765322,0.058292344,-0.8965011,0.02264976,-1.0,0.029124726,-0.48583457,-0.015401753,-0.6343843,-0.038522806,-0.66871417,-0.0581393,-0.70238334,-0.030641409,-0.4119936,-0.045890074,-0.4682531,-0.032403376,-0.4040367,-0.01947546,-0.34667215
0.0,0.0,0.115906864,-0.06472009,0.18545638,-0.17590946,0.1130388,-0.24190052,0.0130397035,-0.26322722,0.13196345,-0.505631,0.15542385,-0.7332095,0.1677574,-0.87170917,0.16771264,-0.99036545,0.024942419,-0.5030345,-0.032273244,-0.73016924,-0.07042953,-0.87908846,-0.10907897,-1.0,-0.06095316,-0.44020048,-0.057706688,-0.4687592,0.005616467,-0.34179822,0.03984901,-0.24970473,-0.12745802,-0.34298262,-0.09780264,-0.33588642,-0.043967374,-0.25172758,-0.012279802,-0.18617545
0.0,0.0,-0.07120518,-0.1422288,-0.08053637,-0.3257112,-0.0071700546,-0.49624822,0.054000445,-0.62739956,-0.18490303,-0.51229614,-0.26342037,-0.71676147,-0.3030106,-0.8426977,-0.3340882,-0.9474682,-0.0887428,-0.5398963,-0.10733763,-0.76593643,-0.10034754,-0.9015146,-0.0888207,-1.0,-0.0048993756,-0.50388753,0.049400423,-0.61238223,0.07304391,-0.50355625,0.085483916,-0.4137042,0.05920903,-0.44962847,0.08634748,-0.5389846,0.10084085,-0.4626369,0.10808197,-0.39077476
0.0,0.0,-0.038134634,0.17013231,-0.109891735,0.2627888,-0.11033234,0.1846529,-0.09877397,0.07639184,-0.3930389,0.17778137,-0.6530847,0.22486475,-0.84173036,0.23736238,-1.0,0.22918174,-0.37465653,-0.05590497,-0.60284984,-0.2367884,-0.76408523,-0.37667382,-0.9058292,-0.4980969,-0.27598378,-0.22806536,-0.272318,-0.34198844,-0.11941959,-0.24151306,-0.027746355,-0.15970461,-0.15194485,-0.34994367,-0.12052947,-0.38719735,-0.022115119,-0.301897,0.037077393,-0.22550082
0.0,0.0,0.08328728,-0.0757832,0.07229567,-0.24230273,-0.036758985,-0.36760002,-0.12245693,-0.4851292,0.13893569,-0.53055114,0.13569501,-0.73896706,0.13155565,-0.8785593,0.1200086,-0.9952795,0.04374022,-0.53816694,-0.004375697,-0.7695862,-0.053087406,-0.90007883,-0.0955424,-1.0,-0.036677927,-0.4841194,-0.114948876,-0.56628954,-0.11237949,-0.42218077,-0.09701695,-0.32391846,-0.09863028,-0.40146452,-0.15777853,-0.45973575,-0.14044312,-0.34353882,-0.10715118,-0.2589693
0.0,0.0,0.092359655,-0.060705088,0.12799042,-0.20514698,0.03687442,-0.34224236,-0.038520556,-0.4546933,0.16943073,-0.46626678,0.2469912,-0.6774634,0.29235092,-0.81461406,0.31486145,-0.9258918,0.07102314,-0.48708218,0.06367771,-0.7178163,0.042734496,-0.87102866,0.013026394,-1.0,-0.015537864,-0.44189596,-0.05611217,-0.4923267,-0.042291664,-0.3702665,-0.028841566,-0.2962765,-0.08746606,-0.36600608,-0.11261757,-0.41044882,-0.09615286,-0.3165542,-0.0798881,-0.25375775
0.0,0.0,-0.068379775,-0.097219326,-0.082205206,-0.23259097,0.0025700687,-0.31632385,0.08023926,-0.3715272,-0.037220437,-0.521564,-0.06481339,-0.7356286,-0.07761674,-0.8780667,-0.08249961,-1.0,0.064930424,-0.49725407,0.13975607,-0.70672643,0.19597861,-0.84475684,0.24640004,-0.95619076,0.13682018,-0.40840274,0.17830163,-0.4360451,0.11774365,-0.30783442,0.07995986,-0.21403351,0.18365082,-0.28976572,0.1938647,-0.29900602,0.14055939,-0.2170167,0.10554639,-0.14909825
0.0,0.0,-0.093823634,-0.14870438,-0.124325365,-0.32070515,-0.087483674,-0.46103087,-0.053607665,-0.5733426,-0.058315936,-0.54179484,-0.054933924,-0.7449675,-0.055595238,-0.88642496,-0.050508358,-1.0,0.02313048,-0.52876586,0.070708156,-0.7327314,0.102680676,-0.874167,0.13252246,-0.98489004,0.08968532,-0.47534066,0.14813034,-0.65153927,0.18714823,-0.7815885,0.22222687,-0.89269674,0.1436116,-0.38499334,0.18782999,-0.50279146,0.21357845,-0.5916721,0.2323838,-0.67066646
0.0,0.0,0.10837337,-0.062099237,0.1675672,-0.20507385,0.15137134,-0.31644714,0.123470865,-0.42506877,0.13104695,-0.50319463,0.19110206,-0.70727134,0.22561513,-0.8255907,0.2471312,-0.9281567,0.04188086,-0.5026279,0.0076777176,-0.75162876,0.00807196,-0.8872571,0.006295415,-1.0,-0.030871913,-0.444138,-0.012217639,-0.56755877,0.04514748,-0.42683417,0.07179916,-0.32297054,-0.08540009,-0.34883216,-0.041632984,-0.38637835,0.0042529823,-0.29825494,0.02372182,-0.23006593
0.0,0.0,-0.020072699,0.14043897,-0.06981356,0.2433161,-0.07255264,0.2112484,-0.07100534,0.17648415,-0.3882691,0.14268868,-0.6576,0.17982428,-0.8433005,0.18175204,-1.0,0.17888261,-0.37119317,-0.07746581,-0.617425,-0.2552878,-0.7854635,-0.39186475,-0.93328375,-0.49984038,-0.2799783,-0.23318355,-0.28606293,-0.33932355,-0.14825083,-0.26259562,-0.062259674,-0.19988288,-0.1591416,-0.34442046,-0.15614833,-0.3921092,-0.064935885,-0.32545853,-0.0010898884,-0.26547456
0.0,0.0,0.12478143,-0.07007751,0.17479517,-0.22508073,0.097101785,-0.37336692,0.024270652,-0.47531912,0.1894858,-0.48535484,0.25085887,-0.70000243,0.28040588,-0.8333208,0.2921199,-0.9434341,0.08953748,-0.49868238,0.050122496,-0.74784,0.017037999,-0.891607,-0.016541354,-1.0,0.010767426,-0.4487699,0.0065934896,-0.5337674,0.039198358,-0.4429813,0.05707424,-0.37352556,-0.04505102,-0.36822787,-0.027889479,-0.42762044,0.006380634,-0.3954037,0.029694367,-0.3659363
0.0,0.0,0.08602336,-0.1303288,0.07702137,-0.32374904,-0.015957747,-0.47756335,-0.11269236,-0.5619652,0.0062631825,-0.5108913,-0.038541973,-0.74652064,-0.059814624,-0.8880606,-0.072560385,-1.0,-0.06092253,-0.48855302,-0.1214066,-0.71430045,-0.14195302,-0.8703785,-0.15672536,-0.9903417,-0.113281205,-0.42872718,-0.14922208,-0.5515275,-0.09306261,-0.4528621,-0.04990135,-0.35624403,-0.15289637,-0.35309118,-0.15972748,-0.45680597,-0.10663205,-0.3873223,-0.063852146,-0.30539095
0.0,0.0,0.10568772,-0.11057922,0.13574526,-0.3033282,0.062283646,-0.45242417,-0.015703715,-0.56503147,0.1326394,-0.49946603,0.18201259,-0.7259729,0.20217238,-0.8523311,0.20899971,-0.9617596,0.040346857,-0.50246084,0.0034881998,-0.75699127,-0.00955578,-0.8853413,-0.024729999,-1.0,-0.04035833,-0.45577154,-0.051963933,-0.5347082,-0.023301877,-0.39659947,-0.01559694,-0.3227821,-0.10541705,-0.38808575,-0.08726331,-0.45137975,-0.049632777,-0.35328206,-0.033820786,-0.28926957
0.0,0.0,-0.07884405,-0.09332044,-0.09106417,-0.2621586,0.0022442986,-0.37436527,0.08970525,-0.43895566,-0.05542467,-0.5193725,-0.056213006,-0.7370944,-0.05857511,-0.87410843,-0.060873006,-0.9879114,0.033010766,-0.5072962,0.0739356,-0.74056584,0.09805367,-0.88020015,0.12304855,-1.0,0.0984987,-0.43648314,0.15587458,-0.5608844,0.106384605,-0.42912063,0.06849398,-0.3338243,0.14760122,-0.33242378,0.17688455,-0.40604663,0.13539207,-0.31522608,0.1028772,-0.24478188
0.0,0.0,0.11222676,-0.06481416,0.13154027,-0.22733569,0.054515377,-0.34431043,-0.047720358,-0.4148082,0.13275242,-0.4662032,0.14596403,-0.69145876,0.1396246,-0.8379744,0.12376599,-0.9652056,0.06773641,-0.49978018,0.14054947,-0.7377341,0.16433437,-0.885084,0.17440128,-1.0,0.0018485426,-0.4582545,-0.036554635,-0.6474273,-0.08772975,-0.6779943,-0.12168304,-0.68246865,-0.06039496,-0.36046988,-0.108044796,-0.45088556,-0.121137634,-0.42394307,-0.12481336,-0.3778869
0.0,0.0,0.08833525,-0.0719461,0.084449954,-0.24138749,-0.013946962,-0.38752303,-0.086514056,-0.5063433,0.15732245,-0.49315137,0.16496004,-0.7124176,0.15927179,-0.85123867,0.1457872,-0.964441,0.064718075,-0.5184372,0.032316484,-0.7563249,-0.004528734,-0.89380354,-0.034990333,-1.0,-0.017602595,-0.48152286,-0.082085006,-0.5691251,-0.0781662,-0.43889177,-0.06308439,-0.34076324,-0.08020981,-0.41031277,-0.131623,-0.47889197,-0.1166377,-0.3762114,-0.08895882,-0.29132745
0.0,0.0,0.09755417,-0.10811757,0.11986526,-0.31342658,0.035938524,-0.45516405,-0.04645583,-0.56743526,0.10386303,-0.5059091,0.14522383,-0.73194903,0.16717497,-0.8600107,0.17120089,-0.96578395,0.011957896,-0.4904963,-0.033840295,-0.75115204,-0.043565452,-0.8812178,-0.06450162,-1.0,-0.06457576,-0.41970804,-0.047586042,-0.51205295,-0.002014584,-0.3724675,0.0019070299,-0.31475285,-0.12400099,-0.33234972,-0.08679857,-0.41713443,-0.046781078,-0.31207964,-0.04628973,-0.26146066
0.0,0.0,-0.059384026,-0.046475366,-0.079784885,-0.16851534,0.0076192035,-0.3138591,0.07146658,-0.42750087,-0.21912155,-0.4205879,-0.3340919,-0.5885258,-0.40763563,-0.6923925,-0.4700512,-0.784239,-0.144172,-0.48753834,-0.21312205,-0.71685964,-0.24107234,-0.8647179,-0.27339464,-1.0,-0.062327087,-0.474998,-0.017525975,-0.64028114,0.03543345,-0.52684605,0.049739357,-0.43204856,0.018671267,-0.4170293,0.078363694,-0.48602566,0.09979552,-0.4169619,0.092467755,-0.3543085
0.0,0.0,-0.09457717,-0.10495491,-0.24161504,-0.16770013,-0.3514375,-0.27065045,-0.47223946,-0.36297348,-0.54599565,-0.096714206,-0.7533102,-0.050339397,-0.8876045,-0.027283153,-1.0,-0.008118607,-0.5252058,-0.17433065,-0.76207906,-0.32504454,-0.8956358,-0.44361752,-0.99964535,-0.52720815,-0.44743264,-0.21803805,-0.5391309,-0.43075716,-0.4156621,-0.46359438,-0.32487527,-0.4464472,-0.34271932,-0.25609112,-0.3960989,-0.44366506,-0.36669534,-0.48630264,-0.3502489,-0.47836033
0.0,0.0,-0.1326231,-0.300366,-0.3121031,-0.44894,-0.4562803,-0.5047999,-0.58610284,-0.54963094,-0.5085087,-0.40250358,-0.729057,-0.42251283,-0.87544364,-0.44806266,-1.0,-0.4569912,-0.440802,-0.29470614,-0.64459115,-0.31971517,-0.7024572,-0.4014229,-0.7356313,-0.4711959,-0.33137634,-0.1927284,-0.4824748,-0.2346546,-0.4949469,-0.37111133,-0.49740434,-0.49233854,-0.18981318,-0.12118995,-0.26568574,-0.18870346,-0.29984486,-0.2770575,-0.32830968,-0.35600823
0.0,0.0,0.08795466,-0.051436294,0.11519746,-0.1827356,0.010468141,-0.31478348,-0.06778625,-0.4287066,0.15270102,-0.45640862,0.22550918,-0.66721,0.2670234,-0.8086699,0.28990024,-0.9254232,0.05414814,-0.48199034,0.039027195,-0.7126089,0.018501323,-0.8656817,-0.0062570856,-1.0,-0.027253333,-0.43808976,-0.065592796,-0.47330645,-0.04542197,-0.34568968,-0.03253415,-0.26443288,-0.0905131,-0.36093226,-0.10990831,-0.3945541,-0.08535996,-0.29737768,-0.06763908,-0.22759226
0.0,0.0,0.09024758,-0.095020674,0.095960796,-0.2802137,-0.0017462757,-0.43298492,-0.09484246,-0.5389067,0.08228785,-0.5011487,0.10186883,-0.7349289,0.1186694,-0.8720042,0.12342087,-0.9800905,-0.008342996,-0.49296996,-0.061517853,-0.7442119,-0.08367698,-0.88763237,-0.10316725,-1.0,-0.07531607,-0.43364742,-0.09742592,-0.5239851,-0.05335976,-0.42577875,-0.024928942,-0.36335775,-0.12254456,-0.35160127,-0.11175892,-0.41629,-0.06277999,-0.3409625,-0.028355455,-0.28477395
0.0,0.0,0.067607805,-0.1309285,0.048355825,-0.3066611,-0.06371725,-0.40268642,-0.183578,-0.475966,-0.056535363,-0.6083513,-0.15288417,-0.8120355,-0.21855143,-0.91592556,-0.28219453,-1.0,-0.15038452,-0.5476498,-0.3190695,-0.72213507,-0.41327798,-0.8042646,-0.4950797,-0.8700274,-0.19993503,-0.43499872,-0.27314872,-0.5157798,-0.18155663,-0.4316667,-0.11928221,-0.37120774,-0.21475343,-0.30260918,-0.22967419,-0.34797987,-0.14893469,-0.28991014,-0.089860834,-0.24787317
0.0,0.0,0.10455075,-0.089426756,0.12330375,-0.26607123,0.0355643,-0.41623673,-0.04540581,-0.5223017,0.14557526,-0.49179065,0.18016914,-0.7168883,0.20739509,-0.8478729,0.22151217,-0.9547318,0.047032915,-0.5051418,0.013872924,-0.74250156,-0.0038362127,-0.8847628,-0.019151693,-1.0,-0.031419154,-0.46085656,-0.0760191,-0.52447635,-0.056204233,-0.4158798,-0.03434339,-0.3443625,-0.08847539,-0.3869985,-0.11029164,-0.43164578,-0.08532396,-0.34865573,-0.05939689,-0.28691173
0.0,0.0,-0.09014219,-0.06100376,-0.11179008,-0.21214896,-0.01919976,-0.34708348,0.06412325,-0.43597367,-0.138838,-0.4751394,-0.18013455,-0.7164651,-0.1993727,-0.86945784,-0.2114834,-1.0,-0.03688787,-0.48783106,-0.015325338,-0.71974635,0.01680572,-0.85817635,0.045067094,-0.98101205,0.04086811,-0.43301484,0.1093461,-0.55620736,0.101397775,-0.42389068,0.08770754,-0.3224569,0.102627255,-0.3387233,0.15153335,-0.3902825,0.12916505,-0.29597318,0.09953607,-0.21971998
0.0,0.0,-0.09215236,-0.10549799,-0.12250554,-0.26717973,-0.03821569,-0.3739456,0.048716206,-0.43407363,-0.09797916,-0.5535085,-0.12846932,-0.74707174,-0.14350848,-0.8749414,-0.15175693,-0.9799831,-0.0037459568,-0.5345168,0.06053377,-0.7547453,0.10076373,-0.8927241,0.13732664,-1.0,0.0681843,-0.45037067,0.11169011,-0.5464345,0.06836553,-0.4294006,0.04357608,-0.33985403,0.11806045,-0.3350483,0.12911724,-0.3987201,0.09284444,-0.31725955,0.07321553,-0.24806748
0.0,0.0,0.094574645,-0.077202566,0.09600965,-0.23024991,-0.0020272166,-0.35573572,-0.068938956,-0.48114532,0.12962326,-0.52804655,0.18561988,-0.74766123,0.22042696,-0.8835691,0.23735861,-0.99787563,0.025904246,-0.53517467,-0.03991697,-0.7769116,-0.0966865,-0.903205,-0.14569266,-1.0,-0.05271718,-0.4722791,-0.12855025,-0.50413185,-0.10848329,-0.37201864,-0.08201735,-0.28991136,-0.10577722,-0.37859723,-0.15411529,-0.38011196,-0.123228244,-0.27298573,-0.085238226,-0.20193085
0.0,0.0,0.060029443,-0.17942764,0.21380793,-0.27431926,0.3757791,-0.19542459,0.5073095,-0.11878636,0.4564978,-0.36868045,0.65319306,-0.4436128,0.77916443,-0.4820849,0.88305795,-0.50863546,0.4849995,-0.20518552,0.7241799,-0.17582276,0.87609553,-0.15024243,1.0,-0.12928292,0.45374894,-0.06910955,0.5809945,-0.031658933,0.47984102,-0.03330259,0.39911413,-0.030490724,0.38831338,0.043393783,0.4751737,0.055626873,0.40029618,0.04697272,0.3338137,0.043874264
0.0,0.0,0.109181,-0.07094295,0.1603631,-0.25147778,0.09637686,-0.4153433,0.03554828,-0.53653353,0.20565407,-0.4604742,0.27862352,-0.6715802,0.32369533,-0.7919307,0.34739864,-0.8918381,0.10809176,-0.48386672,0.09567577,-0.73506576,0.08685858,-0.88140994,0.07015135,-1.0,0.020294016,-0.44503087,0.012447339,-0.51600075,0.032043304,-0.3899299,0.037901122,-0.31036618,-0.05237997,-0.3800934,-0.03765161,-0.43009353,-0.01853074,-0.3440011,-0.013462137,-0.28513643
0.0,0.0,-0.058273632,-0.043680184,-0.080073655,-0.16499908,0.0030123757,-0.31630784,0.060644057,-0.43811902,-0.20561121,-0.43187773,-0.3109339,-0.5979402,-0.37911493,-0.703046,-0.436604,-0.79235214,-0.12823175,-0.49759495,-0.19204006,-0.7311231,-0.21591766,-0.8723188,-0.24515848,-1.0,-0.050510395,-0.47845924,-0.017769776,-0.6278732,0.043374084,-0.52704614,0.066732146,-0.44063735,0.02269814,-0.40781778,0.06819194,-0.47259694,0.09851868,-0.4071216,0.09821641,-0.3406826
0.0,0.0,-0.0711766,-0.3073097,0.017708393,-0.61786896,0.1426027,-0.81599236,0.22400264,-0.92339987,0.30553514,-0.60182863,0.4421233,-0.90091383,0.36616874,-1.0,0.2843262,-0.9939408,0.39401892,-0.49058628,0.49623498,-0.808361,0.4033757,-0.88701457,0.32067913,-0.86782783,0.43374947,-0.3927949,0.49357644,-0.6840016,0.40660694,-0.7429968,0.33523303,-0.71893084,0.44647542,-0.31241268,0.48491657,-0.5516358,0.4180969,-0.61542207,0.35647735,-0.6018122
0.0,0.0,0.115669884,-0.0560726,0.14961079,-0.24633648,0.08229596,-0.4258224,0.011354069,-0.5654077,0.21574657,-0.51247823,0.24960645,-0.71430975,0.26980707,-0.8417129,0.28266272,-0.9488585,0.11651445,-0.53966004,0.106827356,-0.74882,0.102090955,-0.89225364,0.0928355,-1.0,0.023259953,-0.50804585,-0.015905302,-0.646656,-0.014291523,-0.5296556,-0.011303069,-0.43096966,-0.0549241,-0.45951784,-0.07383852,-0.5788183,-0.06768942,-0.50082475,-0.055818494,-0.42503417
0.0,0.0,-0.17084257,0.07214156,-0.37069878,0.034374487,-0.52790916,-0.06635786,-0.66358244,-0.09152259,-0.5183232,-0.23640257,-0.7561381,-0.35934797,-0.89199936,-0.4326859,-1.0,-0.49228576,-0.45258307,-0.4036392,-0.6482837,-0.66671157,-0.7598244,-0.83281845,-0.84125257,-0.966267,-0.34781462,-0.49788773,-0.3400791,-0.655699,-0.24835531,-0.5443042,-0.1758126,-0.4435102,-0.2242235,-0.53524655,-0.20323156,-0.61128956,-0.14268823,-0.52528965,-0.09169112,-0.44132596
0.0,0.0,0.0905027,-0.10806207,0.10087752,-0.2696238,0.003930639,-0.3683284,-0.0979757,-0.43239516,0.079021595,-0.5170916,0.11082295,-0.75086534,0.12851828,-0.8857586,0.13335861,-1.0,-0.019331835,-0.5176281,-0.08267932,-0.75016916,-0.12332507,-0.8856881,-0.160763,-0.9892596,-0.093467906,-0.46000856,-0.12808004,-0.5617618,-0.10975085,-0.52110857,-0.10062694,-0.4863045,-0.1433199,-0.381403,-0.15183333,-0.4614813,-0.123865426,-0.4397106,-0.10089694,-0.4154375
0.0,0.0,0.08835337,-0.090813175,0.10285648,-0.2616226,-0.014036821,-0.3679128,-0.12139218,-0.4404007,0.08547431,-0.5128741,0.113650195,-0.74602675,0.13011585,-0.8824897,0.13170198,-0.99518514,-0.016834883,-0.51520574,-0.08451561,-0.75158125,-0.12473891,-0.8883292,-0.16528602,-1.0,-0.09453002,-0.45314828,-0.111327805,-0.507221,-0.066227324,-0.38448116,-0.04517264,-0.30868733,-0.14764348,-0.37025332,-0.15103373,-0.43039235,-0.10860395,-0.36232382,-0.08151909,-0.31266782
0.0,0.0,-0.09558748,-0.08510754,-0.13201149,-0.24116503,-0.058094315,-0.3614094,0.020540062,-0.43937662,-0.11737726,-0.5298664,-0.15764725,-0.7335364,-0.17931613,-0.8667889,-0.19500144,-0.9775038,-0.024424646,-0.526342,0.028280038,-0.7553372,0.07091633,-0.8929502,0.10770332,-1.0,0.046133403,-0.46016333,0.084195316,-0.54609925,0.051496547,-0.4195258,0.029317293,-0.32838994,0.09784155,-0.36265272,0.119760215,-0.43452883,0.086712986,-0.3425981,0.061700217,-0.26438138
0.0,0.0,-0.030668624,0.00281698,-0.025875505,-0.12666118,0.060809046,-0.2976347,0.13518225,-0.46259215,-0.24021564,-0.48838162,-0.3692156,-0.7363694,-0.4317612,-0.89002645,-0.4696617,-1.0,-0.12881589,-0.5718064,-0.051295202,-0.8467984,0.048685674,-0.7931141,0.112157494,-0.6630097,-0.011108842,-0.56627953,0.16782378,-0.70276654,0.2603559,-0.54195684,0.3062353,-0.36192268,0.094980635,-0.504057,0.23866448,-0.5527586,0.29126313,-0.41259554,0.30808645,-0.24477501
0.0,0.0,0.11628564,-0.024878994,0.19647,-0.11453226,0.13104042,-0.19812399,0.048405908,-0.28196108,0.18556796,-0.47531718,0.2168409,-0.70575225,0.240015,-0.8418777,0.24995154,-0.9651747,0.09082753,-0.49924836,0.073020294,-0.7320859,0.065499745,-0.87960905,0.053509012,-1.0,0.011627787,-0.46233493,-0.011550844,-0.4258177,0.016160036,-0.26878384,0.038414013,-0.16237606,-0.050873473,-0.39151874,-0.04359558,-0.33330548,-0.01507177,-0.215715,0.0068285842,-0.13129945
0.0,0.0,-0.08824744,0.023942484,-0.15813565,-0.036485236,-0.10655859,-0.18108313,-0.0562672,-0.30950573,-0.33249447,-0.3365136,-0.4823446,-0.48421782,-0.58202803,-0.5827155,-0.6645521,-0.67794055,-0.24770911,-0.4452343,-0.33806625,-0.6788764,-0.38387004,-0.8483502,-0.430288,-1.0,-0.1467962,-0.46654338,-0.13992065,-0.5884154,-0.059617147,-0.43654168,-0.015360393,-0.31847733,-0.03808773,-0.4393787,-0.010125199,-0.5045579,0.02613739,-0.39424983,0.03705666,-0.29172242
0.0,0.0,-0.09306274,-0.065933414,-0.1334807,-0.18228933,-0.08392689,-0.2781699,-0.036661875,-0.3538944,-0.1557406,-0.48613927,-0.21525757,-0.686815,-0.24711923,-0.8106951,-0.27139986,-0.9185793,-0.06834777,-0.5016804,-0.037616417,-0.74363834,-0.016208239,-0.887062,0.00451754,-1.0,0.0010899375,-0.4552128,0.027330555,-0.57272446,0.009839638,-0.47242343,0.002663085,-0.39231777,0.056161303,-0.37720016,0.068436675,-0.46461028,0.046687465,-0.3903968,0.03286304,-0.3210392
0.0,0.0,-0.08896213,-0.10016702,-0.116169475,-0.27499115,-0.027597949,-0.39043123,0.05944274,-0.4644028,-0.08057405,-0.54855037,-0.0877188,-0.75058466,-0.09452194,-0.87654525,-0.098360874,-0.98156697,0.009295847,-0.5428167,0.04621112,-0.7610775,0.06332587,-0.8926484,0.07959019,-1.0,0.07460738,-0.47495106,0.107951626,-0.60821205,0.0765086,-0.49029237,0.058082446,-0.39618358,0.11879645,-0.37307972,0.12835062,-0.46389827,0.09006265,-0.37060058,0.06573216,-0.28661552
0.0,0.0,0.32788512,0.037748687,0.6291545,-0.06697982,0.812539,-0.20820275,0.899157,-0.41038525,0.61795,-0.7972769,0.7617919,-0.7638662,0.76444227,-0.39166933,0.7289866,-0.04777692,0.38789815,-0.8995037,0.52472067,-0.983465,0.58621013,-0.5822622,0.5828546,-0.19843775,0.11906889,-0.89060545,0.19741285,-1.0,0.26281655,-0.5948643,0.28393924,-0.245599,-0.15458533,-0.7703154,-0.09810416,-0.8287889,-0.036067285,-0.60259706,-0.0051101465,-0.37688145
0.0,0.0,0.047978073,-0.15107095,0.004166632,-0.33480552,-0.09889926,-0.4386104,-0.20595264,-0.4914973,-0.08195828,-0.58400923,-0.16030024,-0.7857632,-0.21070933,-0.90258205,-0.26235652,-1.0,-0.15336496,-0.5279495,-0.30018365,-0.710464,-0.39523068,-0.8136657,-0.47910523,-0.88543427,-0.18686965,-0.42746517,-0.28672916,-0.5506451,-0.32631147,-0.6086998,-0.36114657,-0.65678257,-0.18706271,-0.30549228,-0.21210799,-0.3922542,-0.20698762,-0.43118563,-0.20475365,-0.4693349
0.0,0.0,0.08038844,-0.12920713,0.07427737,-0.3347667,-0.038677603,-0.45817143,-0.13662298,-0.56180495,0.06996432,-0.5623788,0.06605685,-0.7707272,0.062178236,-0.89604044,0.048722804,-1.0,-0.01965125,-0.541882,-0.08196887,-0.7643272,-0.11212302,-0.8905904,-0.14304902,-0.9913512,-0.088658415,-0.46625638,-0.1250408,-0.5707702,-0.07444645,-0.45486298,-0.049382392,-0.37926444,-0.13661253,-0.37114114,-0.14657941,-0.43985555,-0.1043658,-0.35337064,-0.08043141,-0.2951395
0.0,0.0,-0.069599845,-0.035172485,-0.08639016,-0.19571736,-0.015554139,-0.3704264,0.053180356,-0.4990104,-0.21169688,-0.37889048,-0.31714308,-0.6112494,-0.37976947,-0.7648512,-0.42104545,-0.8868217,-0.12744704,-0.42461783,-0.19472893,-0.6860072,-0.21874274,-0.8666968,-0.23099105,-1.0,-0.03961924,-0.40797174,0.023698298,-0.5348364,0.07579054,-0.47716725,0.111177154,-0.40154234,0.04148321,-0.35647646,0.105290264,-0.4286132,0.13555087,-0.3574219,0.14718291,-0.27111393
0.0,0.0,0.100620225,-0.06768235,0.11322377,-0.23143779,0.0043469123,-0.3600732,-0.08213459,-0.470059,0.16165912,-0.51992464,0.17750148,-0.7282782,0.18833233,-0.86368895,0.18749446,-0.98021734,0.06590006,-0.5340465,0.016434059,-0.7643734,-0.03210033,-0.89596236,-0.077947065,-1.0,-0.01103845,-0.48259777,-0.076240875,-0.5769643,-0.06837868,-0.44028533,-0.05403708,-0.34337398,-0.067432314,-0.39727035,-0.1122829,-0.45769265,-0.09076853,-0.3512496,-0.059335664,-0.2670736
0.0,0.0,0.095139906,-0.071521044,0.105341956,-0.22049434,0.013114851,-0.34891808,-0.048165925,-0.47048238,0.13989061,-0.51427525,0.20545013,-0.72040623,0.24920204,-0.8479353,0.27085468,-0.95368314,0.039124135,-0.5282044,-0.0112912515,-0.77102834,-0.055930514,-0.8988926,-0.09935428,-1.0,-0.037963178,-0.47099578,-0.10470075,-0.50577486,-0.08869159,-0.37507546,-0.06655255,-0.29048368,-0.09267827,-0.37967193,-0.1360254,-0.3918022,-0.107977785,-0.28707492,-0.07251362,-0.21090433
0.0,0.0,-0.014436751,-0.16748388,0.06561469,-0.3259493,0.2042277,-0.3559644,0.31219953,-0.35677487,0.17040727,-0.5571351,0.2509686,-0.7736023,0.3033881,-0.8979066,0.3477497,-1.0,0.24884126,-0.46399856,0.4226199,-0.61804783,0.53476936,-0.6959679,0.62749225,-0.7572504,0.27689597,-0.34347004,0.36266556,-0.35657954,0.28404135,-0.30273354,0.22756305,-0.26982838,0.27242988,-0.2151884,0.33164865,-0.22457047,0.2689306,-0.18999562,0.21945873,-0.168852
0.0,0.0,0.124966905,-0.07247946,0.20900126,-0.17097566,0.18041557,-0.2509719,0.11187251,-0.3188153,0.17430936,-0.52533454,0.20734991,-0.7435123,0.21673061,-0.8768074,0.21545158,-0.9993067,0.063103296,-0.54977113,0.05844907,-0.75503975,0.038520075,-0.8920012,0.01509777,-1.0,-0.0400623,-0.516434,0.0028495446,-0.517344,0.06436748,-0.4055608,0.10472258,-0.30613965,-0.12594666,-0.43782246,-0.0471775,-0.36658335,0.020599648,-0.27818957,0.069005206,-0.20363407
0.0,0.0,0.08948568,-0.057433587,0.12697534,-0.14435379,0.0542188,-0.17255867,-0.051239334,-0.16267617,0.055249076,-0.48531714,0.04618003,-0.73562604,0.040151916,-0.88109237,0.020789262,-1.0,-0.061042897,-0.4786974,-0.1594565,-0.71136653,-0.21749474,-0.8498631,-0.27206463,-0.96125686,-0.13806897,-0.39819577,-0.13915782,-0.33587155,-0.07018185,-0.23002444,-0.017723562,-0.1772666,-0.17633268,-0.28181353,-0.11362405,-0.18448353,-0.025459222,-0.115628146,0.043931585,-0.08129512
0.0,0.0,-0.093283005,-0.07018609,-0.13005532,-0.20177104,-0.078740746,-0.32815915,-0.023305697,-0.42100963,-0.16359639,-0.5097636,-0.2284753,-0.70325893,-0.26670116,-0.8327166,-0.29450414,-0.9405662,-0.075768754,-0.52395934,-0.04947737,-0.7522194,-0.03306941,-0.89186805,-0.020497417,-1.0,-0.0033498874,-0.47400385,0.0334639,-0.63022995,0.030362457,-0.5884789,0.026831914,-0.5368979,0.05719509,-0.38601232,0.07644775,-0.4816873,0.0636868,-0.4333063,0.051344506,-0.37392315
0.0,0.0,-0.034584206,-0.16455218,0.022838404,-0.3234736,0.16239278,-0.31294715,0.28294498,-0.28462917,0.21668808,-0.5326403,0.3300721,-0.7463867,0.3934569,-0.8821255,0.44346127,-1.0,0.29937428,-0.42181513,0.49716723,-0.54534346,0.61452764,-0.6049815,0.70802665,-0.6566596,0.32283273,-0.28220925,0.33684018,-0.31583458,0.22548215,-0.27329788,0.16099258,-0.24535497,0.30935368,-0.1451734,0.2879897,-0.1842157,0.20190427,-0.16545384,0.15380636,-0.1517522
0.0,0.0,-0.0867667,0.020442395,-0.15355195,-0.04331893,-0.09197999,-0.17716268,-0.034089845,-0.29472056,-0.3153321,-0.3409672,-0.46737018,-0.48696476,-0.5643123,-0.5876463,-0.6427538,-0.6861579,-0.22880635,-0.44609722,-0.3100022,-0.67658395,-0.35284042,-0.8468757,-0.39802778,-1.0,-0.12906916,-0.46678975,-0.111948036,-0.5776447,-0.03406207,-0.4173706,0.009057585,-0.29405832,-0.021475917,-0.4411871,0.018680204,-0.49012205,0.050802223,-0.37061676,0.057792094,-0.26429397
0.0,0.0,-0.09476384,-0.10790985,-0.120086126,-0.26123258,-0.028845258,-0.3700498,0.05853215,-0.4411941,-0.099583946,-0.5361695,-0.117176816,-0.7386732,-0.12983148,-0.8653917,-0.13437036,-0.9703768,-0.00982612,-0.5369308,0.02611899,-0.76019275,0.045658376,-0.8951792,0.065018356,-1.0,0.056932386,-0.4731467,0.11121939,-0.61178666,0.086164676,-0.52153224,0.06547922,-0.44018975,0.10572829,-0.3715489,0.12991828,-0.45493668,0.09723663,-0.3954845,0.06665304,-0.33359572
0.0,0.0,-0.11804604,-0.102789685,-0.1668828,-0.26015472,-0.13771026,-0.39729464,-0.097342476,-0.49457797,-0.15893207,-0.4740734,-0.24526842,-0.66920584,-0.29207462,-0.7881395,-0.32131952,-0.89152205,-0.064164534,-0.4823687,-0.040777795,-0.7379481,-0.029159633,-0.8886303,-0.017382562,-1.0,0.013303209,-0.4319589,-0.012809181,-0.5291159,-0.04455601,-0.44301444,-0.050486553,-0.36611012,0.06770014,-0.34821826,0.03731519,-0.4111213,0.0053896294,-0.33477172,-0.0015626401,-0.26238886
0.0,0.0,0.09250292,-0.10872271,0.11654072,-0.31389695,0.032014158,-0.45352578,-0.05086798,-0.560419,0.10246078,-0.5050813,0.14558141,-0.72871834,0.16648006,-0.8550209,0.16976427,-0.95916396,0.012863254,-0.49283552,-0.029149156,-0.7517936,-0.039612655,-0.88200045,-0.060630087,-1.0,-0.0620708,-0.42484224,-0.046458766,-0.51357484,-0.004534793,-0.37637913,-0.0024864546,-0.31581438,-0.12083924,-0.33869866,-0.08622771,-0.42414746,-0.048398312,-0.32095551,-0.047768436,-0.26651797
0.0,0.0,-0.083668984,-0.09604914,-0.10588712,-0.26409373,-0.020624187,-0.38201633,0.060909066,-0.45503742,-0.0713389,-0.54002815,-0.06878301,-0.7497596,-0.07367148,-0.8794003,-0.07761706,-0.9875083,0.012839473,-0.5301707,0.0506976,-0.7565248,0.07451024,-0.8902594,0.09675144,-1.0,0.07444087,-0.45979384,0.12882733,-0.60488147,0.100234665,-0.51679623,0.07615114,-0.43778744,0.117473,-0.35482672,0.142926,-0.4446656,0.10517531,-0.37150607,0.075392,-0.298761
0.0,0.0,-0.091554,-0.104204886,-0.116803944,-0.2757845,-0.028756112,-0.3942209,0.058999904,-0.46775788,-0.07943982,-0.54594105,-0.0827483,-0.7541544,-0.08739191,-0.8827829,-0.08855749,-0.9883465,0.0066631865,-0.5355206,0.046094187,-0.7606935,0.0679132,-0.8934669,0.08879383,-1.0,0.06769427,-0.46292287,0.110994354,-0.6026499,0.083177805,-0.49298728,0.065564245,-0.40254563,0.108981274,-0.35498345,0.13153931,-0.46118382,0.09226627,-0.37598142,0.06224613,-0.29315484
0.0,0.0,0.08593177,-0.08720704,0.110581234,-0.28151417,0.037726175,-0.46406198,-0.025499918,-0.6021949,0.21806435,-0.48381156,0.26556668,-0.69040704,0.29167467,-0.82263076,0.30946463,-0.93382263,0.13139744,-0.5180715,0.1318752,-0.7406189,0.122422256,-0.8909447,0.114556365,-1.0,0.049901262,-0.49187377,0.0052502835,-0.6233324,-0.0073479945,-0.50698006,-0.0006572043,-0.41710553,-0.0117464345,-0.44202012,-0.041324537,-0.55928254,-0.048583068,-0.4910716,-0.038824234,-0.42422786
0.0,0.0,0.08967578,-0.11139051,0.10881714,-0.26151153,0.019907326,-0.37399593,-0.077237755,-0.4576835,0.06355512,-0.5436241,0.033669543,-0.7571231,-0.0018296823,-0.8887513,-0.043240223,-1.0,-0.03597679,-0.5229448,-0.12731937,-0.66777307,-0.195233,-0.7078884,-0.25227812,-0.72955227,-0.10546883,-0.45663667,-0.14385062,-0.5173739,-0.09661841,-0.43402666,-0.062026676,-0.35929814,-0.14514536,-0.36691818,-0.14176619,-0.39030838,-0.09806804,-0.33162168,-0.06684574,-0.27425775
0.0,0.0,-0.08923552,-0.061787724,-0.12907492,-0.17883915,-0.07580787,-0.28890067,-0.018719448,-0.36856076,-0.16416712,-0.49022847,-0.22560544,-0.6902683,-0.26297185,-0.8116166,-0.2943673,-0.9144909,-0.07695153,-0.5080152,-0.058539487,-0.7459332,-0.04129833,-0.888868,-0.027411053,-1.0,-0.004904017,-0.46075284,0.025491834,-0.59105015,0.019486152,-0.5312391,0.011688213,-0.47689202,0.055388685,-0.37761194,0.08121318,-0.47284788,0.07047375,-0.43122903,0.055525493,-0.38411167
0.0,0.0,-0.08874947,0.02844595,-0.15773009,-0.03251294,-0.08771422,-0.16055042,-0.025697263,-0.2730253,-0.3211891,-0.33204558,-0.46730766,-0.4828783,-0.5629419,-0.584093,-0.6413636,-0.68499815,-0.23023608,-0.4394085,-0.30778846,-0.6701441,-0.34980083,-0.8432348,-0.39281926,-1.0,-0.12562017,-0.46151447,-0.1122207,-0.56704265,-0.030945307,-0.39576474,0.017664457,-0.26482707,-0.0150523465,-0.43646,0.019108599,-0.47728193,0.058439568,-0.35168475,0.07664531,-0.24414279
0.0,0.0,0.08948176,-0.10683047,0.09791421,-0.31517842,-0.00836882,-0.450428,-0.09794465,-0.56187284,0.10724564,-0.5450086,0.11288137,-0.75522506,0.11371738,-0.88522255,0.10531074,-0.992621,0.0118358955,-0.542783,-0.024600558,-0.76688814,-0.04645593,-0.89699256,-0.06823183,-1.0,-0.06300147,-0.48098984,-0.09846337,-0.5984397,-0.06383208,-0.5011441,-0.03944774,-0.4320923,-0.11856924,-0.39462572,-0.12273884,-0.47226578,-0.0896478,-0.40616095,-0.06491463,-0.3617576
0.0,0.0,0.028216546,0.11893504,0.012649159,0.30099913,-0.06611788,0.45043182,-0.11495843,0.5936971,0.041377153,0.5385258,0.08464247,0.7505699,0.10543865,0.88417506,0.12078377,1.0,-0.05598316,0.54924357,-0.08905743,0.7797543,-0.11072271,0.9016603,-0.12715682,0.9998454,-0.12375821,0.5006849,-0.17684487,0.61843014,-0.15982656,0.49684283,-0.1448362,0.4189556,-0.173551,0.42703423,-0.20883493,0.5179073,-0.191384,0.45234913,-0.17997554,0.40743995
0.0,0.0,0.10543504,-0.063069165,0.12836972,-0.21531662,0.018043187,-0.32131904,-0.0796039,-0.41513544,0.12500028,-0.53295606,0.1301308,-0.7490998,0.13329424,-0.8837448,0.12459332,-1.0,0.030170608,-0.53418434,-0.036025297,-0.7582777,-0.09268173,-0.87749213,-0.14566034,-0.9722743,-0.03790644,-0.47251922,-0.095562726,-0.56256485,-0.07365484,-0.42714462,-0.04747585,-0.33360618,-0.082217,-0.37799683,-0.11193541,-0.42840886,-0.08795428,-0.33832622,-0.054866802,-0.27033
0.0,0.0,0.084833875,-0.11070215,0.08814289,-0.31301516,-0.011425511,-0.45135546,-0.10316929,-0.56775045,0.09654963,-0.5470312,0.105994456,-0.7595818,0.10791325,-0.8870545,0.09919423,-0.99291617,0.006233612,-0.54263294,-0.045306418,-0.77130175,-0.06752315,-0.89989483,-0.09036427,-1.0,-0.06716648,-0.48102933,-0.099765524,-0.59698623,-0.056476463,-0.4782597,-0.034109976,-0.4000227,-0.11885832,-0.39993832,-0.12424067,-0.47080758,-0.09076825,-0.38684705,-0.07272137,-0.33203152
0.0,0.0,0.083029896,-0.095499136,0.064863734,-0.2329562,-0.04492736,-0.31912878,-0.1283882,-0.40441453,0.050497334,-0.53297096,0.071287975,-0.7522051,0.08430653,-0.88796514,0.08487436,-1.0,-0.044650413,-0.51353574,-0.14053512,-0.7102135,-0.21740918,-0.8247912,-0.28338403,-0.91502404,-0.10779194,-0.43544328,-0.17489496,-0.45955956,-0.15227155,-0.35686696,-0.12787236,-0.291794,-0.14095238,-0.33354175,-0.18898487,-0.34526616,-0.15402336,-0.26572412,-0.11266359,-0.20497237
0.0,0.0,-0.08599777,-0.11315094,-0.102362335,-0.28304368,-0.010641258,-0.4082803,0.07670374,-0.48203796,-0.10855528,-0.5367185,-0.14387135,-0.7338302,-0.16476455,-0.8599808,-0.18036413,-0.96586704,-0.011897141,-0.53258276,0.041103866,-0.75641686,0.077723734,-0.8934835,0.11154704,-1.0,0.062685356,-0.45960006,0.118925035,-0.5365338,0.08196129,-0.4173972,0.057807498,-0.32941964,0.11303948,-0.35581753,0.14188188,-0.4160658,0.111303,-0.339682,0.09086206,-0.27638575
0.0,0.0,0.119184114,-0.055749465,0.16966349,-0.1971104,0.11887793,-0.33263895,0.05584244,-0.44497135,0.14879698,-0.4879502,0.18602115,-0.70744336,0.21032251,-0.8382967,0.22341786,-0.9519228,0.053266674,-0.4909513,0.0132786045,-0.7366473,-0.007867905,-0.88380307,-0.025790606,-1.0,-0.023828315,-0.42715883,-0.025495341,-0.4691872,0.009882065,-0.36066866,0.029981067,-0.2828166,-0.0754992,-0.3278427,-0.051255587,-0.33073598,-0.009538205,-0.24732593,0.014538384,-0.18540572
0.0,0.0,0.06913065,-0.11377676,0.0591706,-0.3147784,-0.030197103,-0.45568094,-0.105444334,-0.5514709,0.13275218,-0.5364894,0.12633517,-0.76081115,0.1190098,-0.8919389,0.107666224,-1.0,0.04724778,-0.5417211,0.010620994,-0.75611717,-0.031265367,-0.8891801,-0.06814903,-0.98173743,-0.029445454,-0.49864182,-0.12361572,-0.58752656,-0.13776036,-0.47073793,-0.12711008,-0.3912984,-0.091728784,-0.44002983,-0.16715948,-0.5219828,-0.17164713,-0.43440953,-0.15843543,-0.36247274
0.0,0.0,-0.09537224,-0.0939876,-0.12439846,-0.2572206,-0.04271187,-0.37896407,0.041345436,-0.45669404,-0.10487105,-0.53258675,-0.14435296,-0.7349599,-0.16617405,-0.8635952,-0.18171175,-0.9725766,-0.009695715,-0.5232209,0.046344962,-0.7511905,0.08392272,-0.89035714,0.116828516,-1.0,0.060205247,-0.4478497,0.104347974,-0.5609751,0.06757913,-0.42605308,0.047784224,-0.32242396,0.10637627,-0.3399088,0.11603417,-0.41912344,0.086149745,-0.32355052,0.07063117,-0.2411473
0.0,0.0,0.0064297775,0.19855848,-0.044553682,0.3756816,-0.18741712,0.37506595,-0.34806702,0.32242364,-0.35414246,0.65424436,-0.47628888,0.89451057,-0.5393374,0.9705488,-0.5823997,1.0,-0.45538136,0.49284893,-0.617526,0.55126417,-0.6422273,0.5389996,-0.6538693,0.5329936,-0.48678234,0.306026,-0.5618182,0.18202057,-0.3902327,0.08796948,-0.24636044,0.03121075,-0.47030517,0.11139781,-0.46233493,6.200012e-05,-0.32997054,-0.051956523,-0.20897941,-0.07089574
0.0,0.0,-0.07695329,-0.117806554,-0.09002986,-0.28979364,6.397337e-06,-0.4120975,0.08268463,-0.4895012,-0.10735058,-0.5409602,-0.14155687,-0.74153453,-0.1626979,-0.86823595,-0.17921643,-0.9772896,-0.012341824,-0.5382191,0.042070385,-0.7640786,0.08264761,-0.89729214,0.11874451,-1.0,0.062153533,-0.47030717,0.13116446,-0.5598331,0.09830447,-0.4382162,0.07363757,-0.34125438,0.11314031,-0.371417,0.14326563,-0.42459548,0.11603585,-0.34256896,0.09727791,-0.27103528
0.0,0.0,-0.08844881,-0.15670305,-0.080894366,-0.3513238,-0.0059804283,-0.47879523,0.056888886,-0.5658794,0.04075502,-0.51726747,0.096499376,-0.7416847,0.12880214,-0.88726586,0.14963445,-1.0,0.109170705,-0.46843714,0.17835055,-0.7062986,0.19876215,-0.8680287,0.21023032,-0.99089897,0.16565904,-0.37904692,0.16099449,-0.50250274,0.08797821,-0.4105821,0.04525738,-0.31977072,0.20273183,-0.2623442,0.19265379,-0.35512367,0.12706174,-0.30021277,0.09132042,-0.23638664
0.0,0.0,-0.08742168,-0.099589266,-0.1171372,-0.27146533,-0.032470163,-0.38732874,0.053185716,-0.4601285,-0.081033215,-0.54272085,-0.0885644,-0.74922067,-0.094049275,-0.8796118,-0.09565433,-0.9864009,0.006718659,-0.5355292,0.045171652,-0.7571648,0.062180288,-0.8922489,0.0796041,-1.0,0.07042908,-0.46645513,0.10349686,-0.6098277,0.06866422,-0.49205354,0.050174914,-0.39486676,0.11267533,-0.36334693,0.12136099,-0.46879327,0.08345258,-0.37792906,0.061345015,-0.2908904
0.0,0.0,-0.1637486,0.08666848,-0.36302298,0.053238925,-0.52069896,-0.041155543,-0.66412914,-0.07345508,-0.49785244,-0.24246426,-0.7431876,-0.36870155,-0.8855657,-0.43872634,-1.0,-0.49636763,-0.41759923,-0.40641883,-0.6103972,-0.68669564,-0.72239417,-0.85473096,-0.80077744,-0.98942745,-0.30242217,-0.49379972,-0.33489633,-0.6253327,-0.2731051,-0.49507076,-0.21374118,-0.3877017,-0.1741137,-0.5279147,-0.18956304,-0.5780187,-0.15035014,-0.4807507,-0.10795391,-0.39814407
0.0,0.0,0.09867103,-0.13965467,0.10620042,-0.3465159,0.019831086,-0.49515805,-0.073187515,-0.6002966,0.11603703,-0.54868865,0.13085844,-0.76057476,0.1349911,-0.8880442,0.13184154,-1.0,0.03276502,-0.5502015,0.020232527,-0.74914366,0.021238219,-0.8694086,0.020080112,-0.9698442,-0.039995436,-0.49905565,-0.066154376,-0.5920193,-0.036929183,-0.47736576,-0.019219737,-0.394003,-0.089249,-0.42480373,-0.09817415,-0.48360908,-0.071820304,-0.40267327,-0.060176037,-0.33967492
0.0,0.0,0.108002834,-0.066539004,0.16607752,-0.21396036,0.13541093,-0.33497268,0.09919658,-0.44812799,0.1507252,-0.4985829,0.22041881,-0.6953251,0.25785625,-0.81302166,0.2823758,-0.9110681,0.061677195,-0.5112663,0.023725845,-0.762599,0.009502386,-0.89758635,-0.0012960982,-1.0,-0.012373899,-0.4601159,-0.006948229,-0.599635,0.037979584,-0.4858829,0.060278133,-0.3870041,-0.06735077,-0.37162107,-0.042120147,-0.41624424,0.0007069137,-0.33184555,0.023542328,-0.25692758
0.0,0.0,-0.100122705,-0.34070608,-0.05247639,-0.6232561,0.032159176,-0.8064977,0.06781151,-0.90623754,0.22982876,-0.85071695,0.39709145,-1.0,0.40950927,-0.9602585,0.37853548,-0.8903393,0.37656206,-0.7476116,0.41008705,-0.7407193,0.33724087,-0.64486384,0.27524734,-0.56033266,0.4702909,-0.5858607,0.45077404,-0.5770876,0.3825254,-0.49771947,0.31917128,-0.41765422,0.53494173,-0.41739538,0.5130598,-0.41861036,0.44532642,-0.3612428,0.38039336,-0.2942307
0.0,0.0,0.07297478,-0.1311959,0.06500881,-0.33479008,-0.02710969,-0.4796892,-0.110982716,-0.5904162,0.09778582,-0.56308675,0.11146324,-0.7715061,0.11882774,-0.8960372,0.114693314,-1.0,0.013836242,-0.5427811,-0.06112067,-0.74331933,-0.1127291,-0.8665742,-0.16380061,-0.9489614,-0.049562313,-0.46617505,-0.11229802,-0.5448664,-0.086608,-0.44393983,-0.07077335,-0.37126195,-0.08732428,-0.38194457,-0.11701202,-0.4529333,-0.098426044,-0.3836817,-0.079748064,-0.3295536
0.0,0.0,-0.04628851,-0.06349948,-0.04660224,-0.20164649,0.036688127,-0.3543931,0.09478503,-0.47427666,-0.15532373,-0.46971035,-0.2128927,-0.6613858,-0.24948654,-0.7895913,-0.27887473,-0.89869034,-0.07609351,-0.5139393,-0.09617452,-0.7381438,-0.08650084,-0.87817335,-0.0834879,-1.0,-0.007226947,-0.48137555,0.058957852,-0.6175306,0.08524837,-0.50980973,0.07692514,-0.42906424,0.04823572,-0.4078553,0.112494454,-0.49312514,0.119310446,-0.41467547,0.094181485,-0.34838867
0.0,0.0,-0.16436686,0.0022359265,-0.2816879,-0.1099373,-0.30620673,-0.28843313,-0.28693044,-0.41929796,-0.35755655,-0.30430132,-0.5466853,-0.4458503,-0.6596536,-0.525714,-0.74605453,-0.597979,-0.27886048,-0.43725756,-0.4165959,-0.69429266,-0.49972665,-0.8627483,-0.5565219,-1.0,-0.18017715,-0.4962178,-0.18508305,-0.63430935,-0.13182905,-0.548303,-0.08592728,-0.46156815,-0.07848443,-0.5010535,-0.06721572,-0.57348686,-0.036892634,-0.5095602,-0.007947231,-0.43847442
0.0,0.0,0.103252046,-0.07597167,0.13113381,-0.19015078,0.09368463,-0.28083426,0.041380744,-0.37775096,0.13245967,-0.49998844,0.16309027,-0.7150039,0.18164869,-0.8413236,0.19359934,-0.949742,0.0355946,-0.4966439,-0.016560508,-0.73208165,-0.035128184,-0.876633,-0.049741287,-1.0,-0.045380365,-0.4346687,-0.06881292,-0.5497688,-0.015793523,-0.4328379,0.021168293,-0.3407934,-0.102734774,-0.33510935,-0.09901441,-0.37947398,-0.05055399,-0.31857136,-0.0131548215,-0.26482874
0.0,0.0,-0.07031273,0.07122216,-0.15415128,0.022009991,-0.12556896,-0.2158881,-0.08927019,-0.4138108,-0.4898948,-0.20414804,-0.7247198,-0.30050215,-0.8728149,-0.3703686,-1.0,-0.43783322,-0.44197345,-0.39574805,-0.6653487,-0.60609037,-0.79450536,-0.75405246,-0.91987056,-0.8811477,-0.32918462,-0.48501846,-0.39054698,-0.67822474,-0.26109698,-0.586055,-0.17484991,-0.4967704,-0.1836958,-0.51323736,-0.15096873,-0.5720274,-0.075211145,-0.47184223,-0.025370782,-0.37322623
0.0,0.0,-0.09341123,-0.09820137,-0.12246393,-0.2516365,-0.038845252,-0.36270836,0.041650653,-0.43917143,-0.10904212,-0.5413951,-0.14314672,-0.74816275,-0.16003197,-0.8885109,-0.17261362,-1.0,-0.0048718164,-0.53570426,0.04205188,-0.755606,0.06449421,-0.88669884,0.07551621,-0.9861907,0.07462466,-0.46690896,0.108721696,-0.6056579,0.09204026,-0.5367404,0.07547996,-0.47901845,0.13141282,-0.3651999,0.15136085,-0.460078,0.1293876,-0.41047207,0.108189,-0.36214495
0.0,0.0,0.009093015,0.1892991,0.083305016,0.3094103,0.1893039,0.18512268,0.3067375,0.049082763,0.45231208,0.3318219,0.6824062,0.47231692,0.824249,0.5564421,0.9463499,0.60667515,0.47741595,0.16109149,0.71327984,0.07546908,0.8690367,0.0058770776,1.0,-0.05670009,0.43828285,0.020957032,0.43429,-0.03724796,0.28973258,0.0083883405,0.2018958,0.046693817,0.36412054,-0.08344778,0.3539839,-0.10695505,0.24573715,-0.060008153,0.16446829,-0.017087933
0.0,0.0,-0.085472964,0.026843872,-0.16006884,-0.051354162,-0.115555674,-0.24330778,-0.06602772,-0.40313452,-0.3712145,-0.34354725,-0.5247066,-0.49989057,-0.62593484,-0.602844,-0.71235627,-0.6987298,-0.29833522,-0.46554685,-0.42189363,-0.70397,-0.48530266,-0.8601302,-0.54838675,-1.0,-0.19439602,-0.48854232,-0.21345858,-0.67669094,-0.15652886,-0.55288625,-0.123529136,-0.4460644,-0.0769407,-0.45504236,-0.05539092,-0.5071182,-0.03609766,-0.3907838,-0.034710176,-0.28891605
0.0,0.0,0.09197987,-0.04859583,0.0931364,-0.20342235,-0.019928373,-0.34208724,-0.09203884,-0.46052614,0.15430158,-0.52715063,0.2258012,-0.73421276,0.26521227,-0.8854431,0.29912463,-0.9990059,0.031639308,-0.52924883,0.03895939,-0.73527837,0.023818718,-0.87644404,0.016519114,-1.0,-0.062797226,-0.44922596,-0.096680164,-0.4760868,-0.06879454,-0.3534373,-0.040409107,-0.27769503,-0.12885228,-0.32151568,-0.1552153,-0.27556574,-0.11841512,-0.17992455,-0.083383374,-0.1238145
0.0,0.0,-0.08041199,-0.02415016,-0.122670345,-0.118816525,-0.03683654,-0.23689531,0.039850358,-0.33078334,-0.19634084,-0.43479082,-0.26690003,-0.6226827,-0.31451234,-0.7485149,-0.3520158,-0.85770696,-0.10841737,-0.4834001,-0.11422377,-0.71968186,-0.103919715,-0.8695216,-0.0965708,-1.0,-0.02735896,-0.44563186,0.030717177,-0.56348133,0.038828112,-0.45348752,0.0326228,-0.3681137,0.044530854,-0.3602075,0.0824927,-0.41041464,0.07043762,-0.33019444,0.044576216,-0.265873
0.0,0.0,0.12402818,-0.06627092,0.19844465,-0.17403375,0.24824747,-0.24189714,0.32327223,-0.27229226,0.16990766,-0.5270398,0.19528583,-0.74272853,0.20627463,-0.8711814,0.216846,-0.9792527,0.07184734,-0.5395399,0.012198438,-0.75812066,-0.033027582,-0.89778817,-0.07088321,-1.0,-0.0073362663,-0.49182656,-0.051169503,-0.5920449,-0.026058218,-0.5011829,0.0003300376,-0.4187275,-0.06597543,-0.41773003,-0.09229877,-0.5038973,-0.076874025,-0.48453236,-0.05489639,-0.45732057
0.0,0.0,-0.08628955,-0.06500687,-0.123071514,-0.18555486,-0.06398284,-0.29153672,-0.00229552,-0.36514792,-0.14146653,-0.49634194,-0.20259689,-0.69779044,-0.23729458,-0.8247381,-0.2633772,-0.93277,-0.056915883,-0.5137988,-0.030712219,-0.74925756,-0.005272386,-0.88964003,0.018120054,-1.0,0.009501964,-0.46440855,0.055643387,-0.57257223,0.04235043,-0.47107044,0.02829733,-0.38942927,0.061225932,-0.38016537,0.09406769,-0.4566123,0.074319385,-0.38974112,0.049109235,-0.32504776
0.0,0.0,0.09454343,-0.05886891,0.11728461,-0.20717701,0.022110384,-0.34673795,-0.04719703,-0.4656511,0.16277781,-0.4898642,0.23550567,-0.69698745,0.2800076,-0.82763976,0.30508682,-0.93965834,0.06623103,-0.5134645,0.02212548,-0.75057197,-0.018251002,-0.88615674,-0.05541767,-1.0,-0.009981257,-0.46872005,-0.057786714,-0.50674284,-0.043538798,-0.37969717,-0.026512705,-0.30342484,-0.064001635,-0.39149734,-0.10226432,-0.41883016,-0.07926347,-0.31700504,-0.04894447,-0.24361633
0.0,0.0,-0.07113227,-0.08907809,-0.0931683,-0.23127814,-0.011010881,-0.33802855,0.07028064,-0.4117361,-0.06677498,-0.53544605,-0.09640317,-0.74838156,-0.11265181,-0.8841558,-0.12140326,-1.0,0.03294718,-0.52606934,0.09656502,-0.74630266,0.14138022,-0.88272977,0.18086164,-0.9916207,0.10577499,-0.45106933,0.15125321,-0.5255787,0.10810858,-0.39370793,0.08347515,-0.29211205,0.15525275,-0.34399325,0.16525254,-0.38225728,0.12208918,-0.29238135,0.097250044,-0.21318547
0.0,0.0,0.1166569,-0.035526305,0.20050836,-0.11557148,0.27024707,-0.13412428,0.35195598,-0.12604955,0.19478154,-0.49025545,0.23048075,-0.69923115,0.2502575,-0.827504,0.26552853,-0.9319911,0.1279422,-0.50713205,0.11266368,-0.74427456,0.103830285,-0.89531565,0.09075966,-1.0,0.06561759,-0.46385574,-0.018160798,-0.5842439,-0.041267607,-0.52685463,-0.044202372,-0.47347397,0.011281013,-0.39378223,-0.03824923,-0.50441027,-0.05423477,-0.52576745,-0.05556698,-0.54222023
0.0,0.0,0.047056846,-0.13056226,0.0026465913,-0.27440873,-0.11355009,-0.34176105,-0.21223988,-0.4008964,-0.08185997,-0.52598065,-0.106451355,-0.74242896,-0.1220009,-0.8835996,-0.14752798,-1.0,-0.17382388,-0.47239706,-0.3117022,-0.6412931,-0.40482587,-0.72761786,-0.48740214,-0.80217254,-0.22077666,-0.37560654,-0.27179998,-0.37290883,-0.19467834,-0.26800904,-0.13847834,-0.20742531,-0.23323718,-0.26404217,-0.25853652,-0.26113504,-0.1881525,-0.18360583,-0.13248603,-0.13493621
0.0,0.0,-0.07950569,-0.09953108,-0.10045794,-0.24433981,-0.008510983,-0.32794362,0.07780596,-0.37618414,-0.069068596,-0.5369194,-0.09348953,-0.7492613,-0.105829194,-0.8857843,-0.11214491,-1.0,0.027917048,-0.52307576,0.09369434,-0.7392795,0.13357091,-0.8713719,0.17082301,-0.9816638,0.09601877,-0.4499444,0.15634732,-0.56858844,0.11520256,-0.45593953,0.08738703,-0.36297226,0.1434485,-0.3501618,0.18002824,-0.44011065,0.15163794,-0.38679826,0.12877995,-0.33137676
0.0,0.0,0.0959349,-0.103784725,0.124810375,-0.30068362,0.04344331,-0.4418457,-0.037576694,-0.556456,0.12065522,-0.50762236,0.1601663,-0.7329729,0.18254448,-0.8633325,0.18881021,-0.96659815,0.030124169,-0.5024252,-0.011903164,-0.7528123,-0.026030324,-0.88778365,-0.044639245,-1.0,-0.046845887,-0.44155517,-0.050981883,-0.5107762,-0.013603823,-0.3753137,-0.0009190243,-0.30866432,-0.108213626,-0.3640394,-0.0925578,-0.42981696,-0.0534874,-0.33882105,-0.037594948,-0.29224622
0.0,0.0,0.098703876,-0.086720385,0.11895475,-0.24046224,0.038022652,-0.36471555,-0.06625178,-0.4609577,0.008046882,-0.48981327,-0.036230214,-0.7157004,-0.06729778,-0.8685557,-0.090408444,-1.0,-0.08972603,-0.4654344,-0.13075654,-0.6858691,-0.15489252,-0.8554668,-0.16601516,-0.9996145,-0.16145794,-0.39818123,-0.18870583,-0.40274656,-0.15151206,-0.2637567,-0.114201225,-0.16063526,-0.20963402,-0.30624917,-0.24993056,-0.26266357,-0.23967704,-0.14545625,-0.23335892,-0.055413973
0.0,0.0,0.09880028,-0.112542756,0.120433636,-0.31751847,0.0429307,-0.45707703,-0.036973648,-0.56859535,0.106612116,-0.49804598,0.15044945,-0.72590685,0.17448322,-0.8531149,0.18051027,-0.95894104,0.0154409185,-0.4890632,-0.026485853,-0.7465326,-0.03218009,-0.8792731,-0.04898835,-1.0,-0.061798435,-0.42438552,-0.041134037,-0.5057083,-0.001488123,-0.36696258,-0.004051642,-0.3094608,-0.121535115,-0.34169734,-0.08024691,-0.4101758,-0.04833128,-0.30882347,-0.059200857,-0.26160055
0.0,0.0,0.11311119,-0.034716036,0.17470828,-0.16653483,0.095363714,-0.3090091,0.024607083,-0.42181018,0.21849202,-0.4341854,0.29218036,-0.65465295,0.3352308,-0.79235065,0.35827896,-0.9112868,0.122934975,-0.47482637,0.10696805,-0.71896595,0.080504134,-0.87184095,0.052773885,-1.0,0.039762843,-0.4504774,0.004464231,-0.49995664,0.01691633,-0.3807851,0.030115705,-0.29775035,-0.025209626,-0.39190015,-0.040887382,-0.43820488,-0.026883973,-0.34933162,-0.012618069,-0.27408275
0.0,0.0,-0.004766009,0.06609541,-0.05976093,0.02425145,-0.07982906,-0.194986,-0.1122645,-0.3772893,-0.3934287,0.037719574,-0.6269021,0.07445383,-0.77300173,0.09757159,-0.9088089,0.10493295,-0.41591638,-0.16057993,-0.67088175,-0.19662163,-0.83827806,-0.24982668,-1.0,-0.2943545,-0.35669753,-0.30124503,-0.46097994,-0.46538427,-0.29116297,-0.46277356,-0.16706362,-0.42444193,-0.25561732,-0.41266108,-0.22717927,-0.527574,-0.106878,-0.4717959,-0.013937189,-0.38626796
0.0,0.0,-0.077937715,0.09794303,-0.18080024,0.13101466,-0.26665673,-0.03686307,-0.34269962,-0.19126245,-0.49291036,0.085715406,-0.7254782,0.17675358,-0.87204844,0.22140175,-1.0,0.2443814,-0.49526417,-0.09878766,-0.72111136,-0.18812186,-0.8640598,-0.27606124,-0.99037486,-0.3498642,-0.4283346,-0.22930075,-0.44517484,-0.33698615,-0.30553415,-0.30156207,-0.20320836,-0.25720215,-0.33204624,-0.3218171,-0.32973778,-0.38311455,-0.23751788,-0.33622018,-0.15578422,-0.27573073
0.0,0.0,0.049522992,-0.18066992,0.22268829,-0.24857533,0.39001366,-0.14818566,0.5282578,-0.06523771,0.45521954,-0.29397637,0.66364574,-0.36601603,0.79278004,-0.3987119,0.89968807,-0.42040104,0.4843654,-0.12833752,0.7300537,-0.059999578,0.88177085,-0.0016622263,1.0,0.044038825,0.4454366,0.0037802772,0.60309106,0.055208415,0.50276095,0.027528591,0.4231655,0.0071918266,0.37111965,0.11135571,0.47571737,0.120401345,0.39847928,0.08726163,0.32816157,0.06215683
0.0,0.0,0.09736908,-0.101804785,0.13553925,-0.28479686,0.12486687,-0.4387884,0.13364181,-0.5348292,0.11887913,-0.54876727,0.12790035,-0.75930625,0.12365526,-0.8905832,0.114919685,-1.0,0.031105662,-0.5444072,-0.0002226222,-0.75965893,-0.029162562,-0.8987244,-0.06070115,-0.98780125,-0.04255478,-0.4858504,-0.12004596,-0.6615172,-0.1709472,-0.7168734,-0.20784383,-0.7399343,-0.09459637,-0.40296778,-0.14781328,-0.49590546,-0.15735012,-0.4718386,-0.15152498,-0.42845255
0.0,0.0,-0.06954894,0.009611168,-0.11220282,-0.061830133,-0.03615132,-0.19055638,0.028285267,-0.3074965,-0.2307106,-0.3644793,-0.35153127,-0.5353754,-0.4290755,-0.6411186,-0.4882966,-0.74839395,-0.13951491,-0.45429838,-0.19697364,-0.68336827,-0.22210695,-0.8466171,-0.2482246,-1.0,-0.044637483,-0.45625055,-0.010991298,-0.5770872,0.05580059,-0.44175026,0.09135622,-0.32808095,0.04750791,-0.40903363,0.09274291,-0.4631329,0.126847,-0.36668798,0.13817994,-0.2684218
0.0,0.0,-0.10116717,-0.018554268,-0.14325686,-0.0707812,-0.07376998,-0.06653384,-0.023559524,-0.0601977,-0.20373753,-0.42598155,-0.32663473,-0.6943071,-0.38926235,-0.85954034,-0.43142557,-1.0,-0.07133259,-0.46732497,-0.057847567,-0.71098614,-0.031136384,-0.82553655,-0.00821924,-0.9082878,0.0455052,-0.41416728,0.12458875,-0.43382433,0.14673221,-0.23807253,0.15447444,-0.07951444,0.14008152,-0.31489778,0.18559794,-0.21669942,0.18197967,-0.06308468,0.17428106,0.06308717
0.0,0.0,-0.07762365,0.076523125,-0.19675569,0.0834096,-0.27785718,-0.08164437,-0.33167216,-0.24350034,-0.51509553,-0.030550072,-0.74626786,-0.011915605,-0.88295734,-0.0016072185,-1.0,-0.0074509443,-0.49583584,-0.19824386,-0.7220232,-0.32884258,-0.8544732,-0.42763272,-0.9701318,-0.51009387,-0.4211385,-0.31014758,-0.4762729,-0.418011,-0.3444806,-0.36743927,-0.24699757,-0.3112407,-0.31815615,-0.38486633,-0.34404424,-0.46241856,-0.25944978,-0.40274233,-0.18650767,-0.333267
0.0,0.0,-0.07950472,-0.0771007,-0.1007065,-0.20591469,-0.016354648,-0.30734634,0.06133198,-0.37564656,-0.10578965,-0.4964928,-0.15075208,-0.72389853,-0.17220104,-0.8671612,-0.18621384,-0.9904118,-0.005876789,-0.5050368,0.054309763,-0.7377672,0.09680267,-0.8826438,0.12934966,-1.0,0.067002915,-0.4462328,0.11887589,-0.5626898,0.09607677,-0.45796403,0.0755886,-0.36905318,0.12431603,-0.3469442,0.14975592,-0.40732023,0.12228054,-0.3428952,0.09821835,-0.27689627
0.0,0.0,-0.067979455,-0.12837864,-0.04954543,-0.26561087,0.055347275,-0.3024891,0.13935721,-0.31929374,0.04570296,-0.5357213,0.08490953,-0.751096,0.11780437,-0.8881614,0.1465541,-1.0,0.13604361,-0.47623765,0.2631,-0.6407941,0.33892578,-0.7452877,0.3989439,-0.8288334,0.18340972,-0.37194878,0.20784065,-0.41354096,0.13122301,-0.34141666,0.086091585,-0.28965408,0.19806606,-0.2550583,0.18160364,-0.27142477,0.11676887,-0.22590017,0.07980428,-0.19333133
0.0,0.0,-0.089889474,-0.039845694,-0.14140552,-0.17760833,-0.10424406,-0.30217695,-0.08104027,-0.41138056,-0.075816855,-0.51835847,-0.09472768,-0.7271915,-0.10371611,-0.8686998,-0.10529302,-0.98798317,0.021996155,-0.5132068,0.07076055,-0.7465702,0.10572869,-0.8888506,0.13780953,-1.0,0.09657142,-0.43536523,0.13678755,-0.56329906,0.09864218,-0.4273776,0.07436473,-0.31805003,0.15376505,-0.31400347,0.16963312,-0.3949613,0.13411261,-0.3065234,0.10674221,-0.2235873
0.0,0.0,0.08610665,-0.08564084,0.10007021,-0.2384299,-0.0023307796,-0.3354023,-0.09578788,-0.41317245,0.06537735,-0.5291335,0.09361493,-0.7427435,0.10780989,-0.88131416,0.11095723,-0.991446,-0.028792528,-0.5259541,-0.074677914,-0.75019944,-0.10469164,-0.8917399,-0.13399702,-1.0,-0.10150732,-0.46283424,-0.12614852,-0.50332665,-0.087936744,-0.38063383,-0.065896966,-0.2927785,-0.15449463,-0.37093464,-0.16293633,-0.40360013,-0.12553947,-0.3216569,-0.10138219,-0.2565499
0.0,0.0,-0.061536763,-0.045947757,-0.0787003,-0.16734971,0.00038969523,-0.32822368,0.058500495,-0.45554072,-0.17665602,-0.44403505,-0.23507248,-0.64456636,-0.26719162,-0.77633476,-0.29424763,-0.8883162,-0.08412556,-0.48807335,-0.07418295,-0.72896254,-0.045745634,-0.8797094,-0.024844654,-1.0,-0.0014752626,-0.4520085,0.06293587,-0.5719116,0.08905914,-0.47010133,0.098463684,-0.38340107,0.065695226,-0.3737715,0.10901797,-0.45253217,0.12060323,-0.3593312,0.11729262,-0.27290183
0.0,0.0,0.09747389,-0.10173235,0.1237193,-0.30086577,0.046356507,-0.45259765,-0.031550135,-0.5725473,0.12250559,-0.49654937,0.17298551,-0.71721995,0.19863555,-0.84512013,0.20581982,-0.9502459,0.03301142,-0.49078944,0.003547373,-0.7438225,-0.000983406,-0.8768324,-0.01583147,-1.0,-0.045443356,-0.43097645,-0.034938127,-0.5001645,-0.0064661894,-0.3638924,-0.009525323,-0.30795562,-0.10833853,-0.35305443,-0.077572174,-0.40587428,-0.051512443,-0.30362302,-0.059050836,-0.25757214
0.0,0.0,-0.09457603,-0.08417728,-0.12863612,-0.22888435,-0.067657664,-0.36550367,0.0034376094,-0.45608336,-0.13385847,-0.52608687,-0.16588633,-0.74047476,-0.18936907,-0.8842663,-0.20619598,-1.0,-0.04732227,-0.53309,-0.026401997,-0.7410931,-0.016810667,-0.8456792,-0.0124694025,-0.9283929,0.024216514,-0.48702937,0.055517726,-0.64141685,0.062136345,-0.65713894,0.062281672,-0.65842116,0.08743986,-0.4101518,0.10662212,-0.52029926,0.09500133,-0.48348406,0.079995595,-0.4297671
0.0,0.0,-0.080497645,-0.081831105,-0.10478846,-0.21469887,-0.007873428,-0.30066147,0.081711754,-0.37580508,-0.08481355,-0.53488433,-0.10668691,-0.737099,-0.12184902,-0.8647346,-0.13379261,-0.972786,0.009743982,-0.5387492,0.057953883,-0.7614101,0.090016454,-0.8920658,0.11755094,-1.0,0.0785594,-0.47192428,0.13523382,-0.5283415,0.10001309,-0.41151068,0.06896488,-0.3345388,0.12695482,-0.3719395,0.14566271,-0.3777403,0.10704401,-0.29510245,0.07123742,-0.24225794
0.0,0.0,0.088119924,-0.082634404,0.1095215,-0.23949951,0.0111267725,-0.34986866,-0.08410166,-0.44107178,0.0948012,-0.51954925,0.13570563,-0.74703574,0.1592039,-0.88624203,0.16451293,-1.0,-0.0091030365,-0.5253725,-0.06351119,-0.75988275,-0.10958376,-0.8887283,-0.15428269,-0.9898073,-0.08754703,-0.463317,-0.10989839,-0.55527544,-0.078153424,-0.45724112,-0.058137257,-0.3916945,-0.140475,-0.3745084,-0.14230488,-0.4588853,-0.10698249,-0.44708043,-0.07506932,-0.44525817
0.0,0.0,-0.08356812,0.054502513,-0.20048396,-0.005533539,-0.23605217,-0.09521416,-0.22695258,-0.18713586,-0.28714237,-0.4026845,-0.40025944,-0.56218356,-0.47844866,-0.6871276,-0.5501189,-0.79450774,-0.17210293,-0.47516468,-0.18892387,-0.72374934,-0.20026363,-0.8768438,-0.21708941,-1.0,-0.049502235,-0.46838698,-0.08702885,-0.51597345,-0.08324792,-0.3093755,-0.06766752,-0.17282958,0.07385477,-0.4053284,0.03177215,-0.38085663,0.023667956,-0.22533344,0.03365974,-0.117244504
0.0,0.0,0.114538044,-0.05389439,0.17461,-0.18911153,0.15121175,-0.30513054,0.12867321,-0.42510968,0.15656996,-0.5009538,0.22812015,-0.69805694,0.2670104,-0.81794316,0.29144546,-0.9225775,0.06617318,-0.5130699,0.037494674,-0.76509964,0.023740329,-0.89526135,0.012263922,-1.0,-0.006290837,-0.45975524,-0.005619267,-0.61680114,0.042729583,-0.49922547,0.07373662,-0.39939582,-0.060216393,-0.36406988,-0.031133072,-0.41214696,0.015060109,-0.32627562,0.045380596,-0.2505024
0.0,0.0,0.11103457,-0.12405377,0.13652664,-0.34947574,0.055374485,-0.5243458,-0.021487746,-0.65802175,0.15554461,-0.5207077,0.17378215,-0.7211539,0.1764483,-0.8520866,0.1722696,-0.9624304,0.059148155,-0.52532905,0.042190142,-0.7411155,0.020108752,-0.88484114,-0.0017694022,-1.0,-0.030106936,-0.47971857,-0.04902243,-0.5775652,-0.004764722,-0.4137193,0.029273733,-0.2950764,-0.10559347,-0.4144311,-0.090326324,-0.49522096,-0.0543245,-0.38012236,-0.026829435,-0.29018822
0.0,0.0,0.04065067,0.12456083,0.031061433,0.30274105,-0.053726852,0.44227976,-0.116088234,0.581144,0.04335595,0.5391689,0.08187322,0.7525679,0.10002168,0.88676184,0.10988169,1.0,-0.05330654,0.5449813,-0.09456893,0.76265943,-0.122868255,0.8877376,-0.14884454,0.99130917,-0.12164663,0.49453396,-0.17837271,0.6127651,-0.15907615,0.48464575,-0.14271635,0.39539328,-0.1785959,0.42542437,-0.22277191,0.52892745,-0.2154137,0.4817956,-0.20905238,0.44787642
0.0,0.0,-0.1006307,-0.06529,-0.14944679,-0.18949248,-0.09306057,-0.2836931,-0.026315544,-0.34951192,-0.15168105,-0.49039316,-0.20736553,-0.68412,-0.23892815,-0.80905384,-0.26305532,-0.91723657,-0.06322435,-0.50368565,-0.03352184,-0.7410131,-0.0104366215,-0.88658285,0.014018483,-1.0,0.006209226,-0.45398057,0.03402536,-0.569843,0.011353871,-0.4659547,0.001379865,-0.3804842,0.058516383,-0.37250134,0.06623917,-0.45457122,0.041396946,-0.3780687,0.026537707,-0.30463222
0.0,0.0,-0.08642235,0.014567657,-0.14859445,-0.052746587,-0.078461446,-0.20035042,-0.012167237,-0.32849884,-0.30247796,-0.3562765,-0.4466147,-0.5070902,-0.5374496,-0.6010464,-0.60876614,-0.69516593,-0.21575928,-0.46386942,-0.29852834,-0.6974834,-0.3385309,-0.8579884,-0.37577787,-1.0,-0.115724795,-0.4813618,-0.091046855,-0.59107417,-0.021458715,-0.45043945,0.019595305,-0.33825848,-0.012692381,-0.44895312,0.031499468,-0.48861924,0.06241897,-0.37221235,0.07081894,-0.26745942
0.0,0.0,-0.0999513,-0.062309418,-0.1477795,-0.18178715,-0.09819564,-0.2863174,-0.04428162,-0.36310706,-0.16382064,-0.49265444,-0.219662,-0.6887225,-0.25072575,-0.8117957,-0.27334732,-0.9203913,-0.077518865,-0.51012963,-0.049173277,-0.74252146,-0.027538275,-0.88678634,-0.0048883636,-1.0,-0.008832994,-0.46568128,0.019819373,-0.5871447,0.006875013,-0.48230964,0.0027069703,-0.39326563,0.046195775,-0.39065322,0.060391635,-0.4791535,0.045079708,-0.40757516,0.034800798,-0.3337337
0.0,0.0,-0.058903787,-0.10614194,-0.04311786,-0.25306052,0.05848859,-0.33886912,0.13964921,-0.40489987,0.005176305,-0.5422443,0.011764992,-0.75514925,0.017726911,-0.88834786,0.027077565,-1.0,0.09763639,-0.5166316,0.18750553,-0.71986693,0.2557613,-0.8329342,0.31712645,-0.9210242,0.15105465,-0.43473092,0.2301817,-0.5177663,0.19428207,-0.40940556,0.1660616,-0.32233745,0.17946167,-0.32695854,0.21639888,-0.36319107,0.17768548,-0.29284516,0.14672689,-0.23255482
0.0,0.0,0.025897697,-0.2115703,0.17973876,-0.33726132,0.35169706,-0.25588977,0.4807822,-0.17895974,0.42701256,-0.42409545,0.59883285,-0.55306196,0.7169191,-0.6324606,0.81794983,-0.68667805,0.4810007,-0.26045963,0.7235923,-0.23402159,0.8777217,-0.2228523,1.0,-0.20609327,0.45590425,-0.11015985,0.5946514,-0.12666221,0.48300976,-0.17059721,0.40597227,-0.19125044,0.3897359,0.021314105,0.4824998,-0.025281312,0.40503538,-0.07497461,0.34416735,-0.10151518
0.0,0.0,0.011722733,-0.21327539,0.13289516,-0.34931424,0.29077342,-0.28388256,0.42440614,-0.22488633,0.37964982,-0.52558535,0.5389812,-0.7215862,0.6431506,-0.8322612,0.74047846,-0.91989326,0.4540779,-0.37153143,0.69853055,-0.41188174,0.86175716,-0.42114714,1.0,-0.42210734,0.44980076,-0.21222933,0.5182645,-0.21920955,0.37102035,-0.20312084,0.2858168,-0.18849719,0.4039434,-0.06774014,0.43559825,-0.10161329,0.32593247,-0.10250281,0.25780353,-0.09551264
0.0,0.0,0.07265374,-0.14231853,0.043327015,-0.33224955,-0.077435166,-0.43498433,-0.19833176,-0.5083967,-0.050134655,-0.61435246,-0.15366967,-0.81459695,-0.22723188,-0.91796255,-0.29896253,-1.0,-0.14509654,-0.5526026,-0.30637825,-0.72010505,-0.40449807,-0.8057248,-0.49140653,-0.8718489,-0.19588798,-0.44247103,-0.27294937,-0.528446,-0.18850008,-0.4496685,-0.12984756,-0.38901567,-0.21062319,-0.31362537,-0.22890405,-0.38044912,-0.153252,-0.32713652,-0.09803216,-0.282002
0.0,0.0,0.092812486,-0.023740143,0.13836695,-0.12707111,0.10583328,-0.24506105,0.06272996,-0.3430041,0.23699124,-0.45604742,0.3000051,-0.65394974,0.33096516,-0.78531694,0.34829614,-0.8961213,0.14568146,-0.5122821,0.14708087,-0.7484087,0.13786484,-0.89038724,0.13286291,-1.0,0.05972555,-0.50223154,0.033400487,-0.6971983,0.034234017,-0.8091429,0.047467124,-0.8982374,-0.013547084,-0.44071877,-0.012032198,-0.52076644,0.008027101,-0.5050051,0.034869786,-0.4721971
0.0,0.0,0.11283972,-0.055704657,0.17194673,-0.19881299,0.14068398,-0.32061863,0.11432367,-0.44396776,0.15799016,-0.5006594,0.22804567,-0.7023667,0.2659248,-0.8233306,0.29092792,-0.927168,0.06599988,-0.51391023,0.0321388,-0.7671407,0.016145688,-0.8971079,0.006703337,-1.0,-0.008090779,-0.461929,-0.008939709,-0.61874014,0.029510314,-0.50862753,0.056450665,-0.41526857,-0.061156366,-0.36940038,-0.03478462,-0.39514872,0.005525968,-0.30024385,0.034478605,-0.22614568
0.0,0.0,0.048424076,0.12659644,0.037751485,0.3118921,-0.059016544,0.44939372,-0.13097735,0.5771939,0.03298904,0.5365333,0.066179484,0.7521883,0.08138893,0.8874702,0.08840112,1.0,-0.063858576,0.5333814,-0.11378198,0.7518873,-0.14317185,0.8799986,-0.1697947,0.9847867,-0.12773755,0.47450256,-0.18621567,0.6078683,-0.16252376,0.49933377,-0.1448378,0.41437906,-0.17710967,0.3953204,-0.2172866,0.5074027,-0.20149142,0.46747103,-0.18995696,0.42855582
0.0,0.0,0.117628805,-0.13473706,0.17933492,-0.37942266,0.16166376,-0.60121167,0.14208423,-0.77552354,0.15979527,-0.51437396,0.18369572,-0.7325699,0.18605734,-0.87681943,0.18523245,-1.0,0.0631356,-0.49702227,0.042353835,-0.6887961,0.032714177,-0.77992487,0.024730057,-0.8610559,-0.030625582,-0.4454478,-0.055758543,-0.5609933,-0.005523666,-0.39124614,0.03169546,-0.270416,-0.1180878,-0.37615502,-0.11619266,-0.46464843,-0.07893055,-0.34195656,-0.050463106,-0.2502438
0.0,0.0,-0.06975785,0.18887927,-0.16492234,0.25901702,-0.18434043,0.1697884,-0.19054064,0.056038015,-0.47297716,0.11698603,-0.71213204,0.15354855,-0.8657974,0.16957325,-1.0,0.17252584,-0.4405334,-0.11300981,-0.668001,-0.28089046,-0.8112378,-0.41138816,-0.93242794,-0.5200279,-0.33552796,-0.2694096,-0.33669287,-0.35390168,-0.1868824,-0.23507507,-0.09479382,-0.13796291,-0.20264302,-0.37265307,-0.17480624,-0.4119081,-0.07864432,-0.30858025,-0.014289437,-0.21771398
0.0,0.0,-0.032142825,0.080719665,-0.10139596,0.08247062,-0.13939103,-0.101738155,-0.16577752,-0.27097368,-0.45053616,0.03432997,-0.6882036,0.07036112,-0.83355045,0.08503756,-0.9606588,0.08962332,-0.4454106,-0.13905844,-0.70613307,-0.20094964,-0.86244047,-0.25677028,-1.0,-0.29483116,-0.36892444,-0.26601827,-0.48704278,-0.4097693,-0.3896486,-0.39608592,-0.312895,-0.3543388,-0.25291058,-0.35977194,-0.2589352,-0.45313567,-0.18300574,-0.41300738,-0.11760355,-0.35435045
0.0,0.0,-0.08065424,-0.06265412,-0.093285814,-0.19963636,-0.0025685618,-0.2903873,0.07615501,-0.35456616,-0.07257748,-0.4947495,-0.089351214,-0.71653616,-0.09292091,-0.86924314,-0.094945356,-1.0,0.03404671,-0.47657034,0.10015889,-0.668925,0.15305369,-0.79039526,0.19259208,-0.89603484,0.104376316,-0.39959523,0.1791888,-0.51641744,0.15534009,-0.40081713,0.13087034,-0.3022914,0.15235206,-0.28278857,0.20649225,-0.3661422,0.19886081,-0.321589,0.17736292,-0.27011648
0.0,0.0,-0.27982962,0.0002986403,-0.52393425,-0.025993539,-0.7227611,0.03575457,-0.8526924,0.12838152,-0.43669552,-0.6480737,-0.77393055,-0.74333906,-0.936321,-0.5719863,-1.0,-0.3833127,-0.42283157,-0.63399476,-0.8512832,-0.75882554,-0.9825097,-0.5699657,-0.9954856,-0.38020712,-0.41628852,-0.5373091,-0.79134804,-0.71135724,-0.9313698,-0.5487324,-0.96175814,-0.35966462,-0.440504,-0.3786528,-0.7323418,-0.4890632,-0.85563105,-0.4017915,-0.9043651,-0.28308958
0.0,0.0,-0.27005786,0.01353207,-0.49897078,-0.030058915,-0.71247375,0.013862513,-0.8796846,0.10840099,-0.38882315,-0.7091097,-0.72187746,-0.8897623,-0.87267715,-0.7292398,-0.91488594,-0.5603232,-0.36622235,-0.77133435,-0.73353475,-1.0,-0.8909022,-0.82010293,-0.919858,-0.62567127,-0.37404153,-0.71403587,-0.7195078,-0.9757493,-0.88281375,-0.8152475,-0.92221695,-0.6356935,-0.4398239,-0.57988137,-0.7151457,-0.7633921,-0.8562583,-0.67083156,-0.9079547,-0.55809516
0.0,0.0,-0.24872917,0.09389443,-0.48448643,0.097784825,-0.65993893,0.19905873,-0.7857493,0.34372872,-0.53754467,-0.43118638,-0.7974413,-0.6446681,-0.9418047,-0.51765555,-0.9955939,-0.3524446,-0.49851352,-0.46655807,-0.81409866,-0.6652431,-0.96850854,-0.48385546,-1.0,-0.29346928,-0.46145242,-0.44506457,-0.75510895,-0.6445023,-0.9173945,-0.49361756,-0.976926,-0.32256782,-0.43624577,-0.37766916,-0.64875287,-0.5274865,-0.78158873,-0.504349,-0.86247617,-0.4437511
0.0,0.0,-0.19027266,-0.025122978,-0.41999665,-0.13336036,-0.6001439,-0.18942325,-0.7363741,-0.20183496,-0.40767923,-0.43683597,-0.71391916,-0.5820227,-0.89552426,-0.45045552,-0.97117764,-0.28679094,-0.40930018,-0.43085876,-0.7510781,-0.60667634,-0.93185526,-0.4589061,-1.0,-0.27598614,-0.41015112,-0.34363618,-0.75883895,-0.5050655,-0.9269016,-0.36982834,-0.997914,-0.20946968,-0.4139078,-0.18004818,-0.65796465,-0.2364669,-0.80611515,-0.18972327,-0.8861572,-0.11978972
0.0,0.0,0.32474366,-0.04577464,0.5901409,-0.1076741,0.8095512,-0.05518904,1.0,0.016150432,0.4737863,-0.7727043,0.7318162,-0.9628986,0.8907773,-0.778909,0.9524424,-0.6024976,0.41547012,-0.78237396,0.7616515,-0.9473896,0.9228024,-0.7269951,0.9476555,-0.5226842,0.3788044,-0.7194353,0.71286017,-0.8714597,0.8832944,-0.6674855,0.9336103,-0.46780935,0.3664023,-0.5813558,0.63601685,-0.67087466,0.78915626,-0.57459044,0.85982454,-0.46236324
0.0,0.0,-0.2945915,0.051227164,-0.52532595,0.04862505,-0.71402454,0.15538539,-0.8677505,0.2999557,-0.5013474,-0.6097673,-0.79390115,-0.696816,-0.93371093,-0.5191639,-0.9757922,-0.33724645,-0.47417158,-0.64466476,-0.8460468,-0.73427165,-0.9891545,-0.5123349,-1.0,-0.29661214,-0.46163794,-0.5989689,-0.82652444,-0.69492114,-0.9667682,-0.4787937,-0.9835222,-0.2742653,-0.48119912,-0.47473314,-0.7621136,-0.5414295,-0.8732417,-0.41949144,-0.9003764,-0.27366295
0.0,0.0,-0.3077977,0.074145086,-0.5821877,0.055171385,-0.8042132,0.15020302,-0.98600066,0.24268109,-0.49664566,-0.6997103,-0.75269765,-0.927393,-0.88489157,-0.71989274,-0.90537083,-0.46690625,-0.45762357,-0.7689183,-0.7910506,-1.0,-0.93469566,-0.73998344,-0.9488316,-0.47665927,-0.43929285,-0.7671956,-0.7943459,-0.9986274,-0.94563246,-0.7293645,-0.9699007,-0.4577382,-0.46890083,-0.68600625,-0.7742712,-0.79949343,-0.9100333,-0.6021881,-0.95552385,-0.37804815
0.0,0.0,-0.27590787,0.054684997,-0.5254255,0.046004843,-0.7167327,0.16894619,-0.8709491,0.32802737,-0.53541434,-0.59809935,-0.7828536,-0.7377568,-0.9309949,-0.59104323,-0.9930161,-0.4250333,-0.510094,-0.6474521,-0.83424747,-0.81696886,-0.9814048,-0.59840286,-1.0,-0.37911198,-0.49116725,-0.6308869,-0.8123117,-0.7990471,-0.96457434,-0.57918024,-0.9891109,-0.36890996,-0.4975574,-0.5425534,-0.75756794,-0.67684036,-0.8899311,-0.550669,-0.9329676,-0.3881831
0.0,0.0,-0.25307187,0.07367915,-0.5047037,0.0941125,-0.6694613,0.21405946,-0.7858362,0.3631445,-0.57576936,-0.42411917,-0.8001458,-0.6767974,-0.94527966,-0.5812683,-1.0,-0.413978,-0.5302642,-0.4656543,-0.79598564,-0.72855616,-0.94564694,-0.57554775,-0.9646475,-0.3813276,-0.47938374,-0.45736742,-0.73966926,-0.7177938,-0.8974022,-0.5522689,-0.93821937,-0.36213037,-0.43117526,-0.39608824,-0.633329,-0.5213748,-0.771628,-0.45006275,-0.8425198,-0.34830427
0.0,0.0,-0.3108496,0.07684089,-0.5970932,0.04055954,-0.819574,0.142516,-0.9780006,0.28381342,-0.5218354,-0.71578354,-0.7835609,-0.92431414,-0.91399187,-0.7100779,-0.9315117,-0.45844573,-0.4813927,-0.7777351,-0.8140143,-0.9980682,-0.95964056,-0.75304246,-0.9738031,-0.49939752,-0.4565789,-0.769331,-0.80312747,-1.0,-0.96166515,-0.7447994,-0.9921785,-0.48436287,-0.48010287,-0.6812101,-0.7832586,-0.80291146,-0.9201414,-0.61799836,-0.96755993,-0.40757927
0.0,0.0,-0.29441926,-0.042101063,-0.5430953,-0.09514429,-0.7392322,-0.03260575,-0.9007476,0.078931555,-0.5069764,-0.6290267,-0.723806,-0.92703366,-0.8539648,-0.8022332,-0.9006907,-0.6410545,-0.43377304,-0.6500202,-0.68771505,-1.0,-0.82911146,-0.7941292,-0.8416163,-0.57068104,-0.36109108,-0.5986783,-0.601744,-0.8878656,-0.74405336,-0.685645,-0.7712076,-0.4917154,-0.30347604,-0.483964,-0.48045447,-0.64823794,-0.61236674,-0.59189606,-0.6725883,-0.5260486
0.0,0.0,-0.28735662,0.05507857,-0.60112435,0.008775764,-0.8310175,0.074954994,-1.0,0.2106568,-0.60395974,-0.588597,-0.78833306,-0.8702895,-0.9092028,-0.75846666,-0.9493333,-0.5981249,-0.5541098,-0.6534607,-0.7820539,-0.97422796,-0.92507243,-0.80428123,-0.9601466,-0.6020054,-0.50109446,-0.6886014,-0.7565522,-0.976532,-0.90283453,-0.76567864,-0.93248934,-0.54617584,-0.46006662,-0.68311846,-0.70550776,-0.85194993,-0.83772606,-0.7116413,-0.87972814,-0.5341672
0.0,0.0,0.20079385,-0.09326956,0.39812723,-0.25308713,0.5853164,-0.33429977,0.7554769,-0.3751093,0.32622728,-0.68428016,0.67149776,-0.906683,0.88732845,-0.7685009,0.97150826,-0.59041446,0.32204312,-0.6791791,0.72979385,-0.88572854,0.9451534,-0.6577803,1.0,-0.43450272,0.3444008,-0.569813,0.73084676,-0.74824345,0.9338716,-0.54436857,0.99048734,-0.33676815,0.39042896,-0.38107657,0.69999325,-0.44250506,0.8566362,-0.3167044,0.9129933,-0.16160496
0.0,0.0,0.22582094,0.008348687,0.4262432,-0.095464684,0.6383222,-0.11800178,0.8312816,-0.11989284,0.2424409,-0.74063265,0.5470898,-0.9896069,0.7176445,-0.8466595,0.7692713,-0.6703285,0.2204534,-0.7500341,0.597186,-1.0,0.75435686,-0.8063184,0.78244966,-0.6143863,0.24116959,-0.67002606,0.61349154,-0.8619872,0.7709815,-0.697126,0.80655944,-0.52606344,0.30774876,-0.5059224,0.59717387,-0.62851864,0.74118567,-0.53740716,0.7897681,-0.42912543
0.0,0.0,0.1177322,-0.22635975,0.24118315,-0.44721237,0.31711414,-0.61553913,0.35579604,-0.7584647,0.36127234,-0.7094279,0.6897663,-0.88341695,0.8772722,-0.74807787,0.95701104,-0.5736747,0.3850811,-0.67044,0.750468,-0.8390178,0.94135505,-0.64269185,0.999386,-0.4254222,0.41677037,-0.5509071,0.76314753,-0.6595748,0.9428069,-0.45779392,1.0,-0.25744683,0.45309654,-0.3649092,0.73359585,-0.36513513,0.87366617,-0.2263713,0.93284935,-0.07091985
0.0,0.0,0.21420822,0.1072335,0.54866123,0.05246831,0.80851406,0.10104594,0.99290574,0.13273428,0.6292449,-0.61457103,0.85872424,-0.86561084,0.9815686,-0.68517065,1.0,-0.44905174,0.5469164,-0.7117317,0.8099033,-0.96151614,0.9332164,-0.72164905,0.9321465,-0.46056646,0.4527966,-0.7616375,0.7315533,-0.9868356,0.8666,-0.7282408,0.8690117,-0.46807143,0.335738,-0.75556034,0.601741,-0.86999255,0.7596053,-0.7035316,0.82148564,-0.5141981
0.0,0.0,-0.33116585,0.047910675,-0.5613855,0.015315372,-0.7488363,0.048127078,-0.87722033,0.12428869,-0.39969975,-0.7537472,-0.7267646,-1.0,-0.91503894,-0.80038047,-0.9829319,-0.5744078,-0.3628391,-0.7213931,-0.7846925,-0.902624,-0.9565651,-0.6674247,-0.97621745,-0.45447257,-0.36026138,-0.61073244,-0.7469097,-0.751464,-0.90721047,-0.5330883,-0.93195444,-0.31558922,-0.395966,-0.4376976,-0.68225664,-0.5082929,-0.8169951,-0.3615203,-0.86307025,-0.19854377
0.0,0.0,-0.28798395,0.047683667,-0.54237527,0.05577641,-0.72626364,0.15893765,-0.8386019,0.26868948,-0.4813418,-0.5505175,-0.77890414,-0.65142643,-0.93038934,-0.4933865,-1.0,-0.30644932,-0.45333323,-0.53722864,-0.8371226,-0.62245107,-0.96790254,-0.4253867,-0.974723,-0.23804693,-0.43339312,-0.4569906,-0.77048355,-0.5618199,-0.9159798,-0.3890716,-0.9499539,-0.20950206,-0.4405204,-0.31478924,-0.7039582,-0.37932676,-0.81811744,-0.29169807,-0.8595522,-0.18519932
0.0,0.0,-0.31926998,0.065758504,-0.58699584,0.05954914,-0.8036217,0.16407613,-0.96135926,0.29278812,-0.49167296,-0.71515614,-0.7873962,-0.93106955,-0.92475855,-0.6897932,-0.94022727,-0.42019206,-0.45238125,-0.7773328,-0.8156195,-1.0,-0.97022355,-0.73375946,-0.9757391,-0.45704275,-0.43569246,-0.7493986,-0.7998763,-0.9786048,-0.9650046,-0.7047612,-0.991002,-0.41764858,-0.47495046,-0.6337846,-0.7732047,-0.7395308,-0.9126315,-0.54009426,-0.9618742,-0.3214432
0.0,0.0,-0.3199168,0.072087556,-0.5619914,0.061325725,-0.77429557,0.13647844,-0.93786436,0.24814267,-0.4940912,-0.6505681,-0.81272835,-0.77431977,-0.941407,-0.52137804,-0.96993536,-0.28729594,-0.46073005,-0.73439354,-0.8543704,-0.9129031,-0.9918625,-0.6138237,-1.0,-0.3710503,-0.4512985,-0.6990954,-0.82638323,-0.890541,-0.9662778,-0.60731053,-0.9827319,-0.36284533,-0.49602678,-0.56829685,-0.7835269,-0.6686004,-0.91764426,-0.4751018,-0.962128,-0.28534952
0.0,0.0,0.30506596,0.11150437,0.56990325,0.12958486,0.74184275,0.26626036,0.8996709,0.37404096,0.58173037,-0.47065648,0.778627,-0.7239969,0.9190478,-0.68105996,1.0,-0.586617,0.54829973,-0.5525362,0.75359935,-0.8062966,0.9143639,-0.7238004,0.9796587,-0.5862398,0.52482533,-0.5954063,0.74091893,-0.84634656,0.8963145,-0.7814371,0.95994127,-0.6659288,0.50164497,-0.5921121,0.6997508,-0.79507977,0.8299561,-0.7897508,0.90731084,-0.7324017
0.0,0.0,0.3302785,0.105500154,0.5670729,0.08179564,0.73341477,0.0452448,0.8830609,0.028654497,0.65107644,-0.3579862,0.86529046,-0.23978645,0.96093035,-0.03205,1.0,0.16539969,0.588332,-0.44274125,0.8497074,-0.3326135,0.9599797,-0.08088186,0.9844492,0.152685,0.50141704,-0.44997406,0.77128875,-0.36452696,0.9037192,-0.105546616,0.9553937,0.13526285,0.40511787,-0.37546828,0.6371952,-0.27518302,0.771604,-0.10854392,0.84914297,0.066364884
0.0,0.0,0.30315962,0.022678895,0.5915233,-0.026103444,0.8190246,0.011993676,1.0,0.10185225,0.5859099,-0.60875994,0.7852202,-0.8763506,0.8585872,-0.70053357,0.84557897,-0.5369655,0.51227635,-0.67422134,0.7576713,-0.9492618,0.8288574,-0.7236929,0.7884657,-0.5241115,0.42954412,-0.7118044,0.68001145,-0.9454901,0.7775926,-0.7084723,0.77088284,-0.4924185,0.33902025,-0.7002279,0.56647533,-0.7888466,0.69772285,-0.64002675,0.7520402,-0.4930278
0.0,0.0,0.31173107,-0.07780125,0.5455055,-0.20683904,0.7194743,-0.28053567,0.85055995,-0.31708062,0.5261928,-0.68604064,0.788101,-0.7380359,0.939711,-0.5219376,1.0,-0.32009953,0.4843643,-0.6560655,0.7656927,-0.72614926,0.9236704,-0.4996376,0.96354526,-0.28032762,0.44778073,-0.5175481,0.72392815,-0.5629438,0.89106196,-0.3681507,0.94266087,-0.17189272,0.43157795,-0.29924187,0.68529016,-0.27454457,0.82755405,-0.14743233,0.8892714,0.00024159769
0.0,0.0,0.3482571,0.06785416,0.6217899,0.0014578443,0.8344925,0.054874975,1.0,0.16107711,0.65341353,-0.5280175,0.85767853,-0.7585404,0.9363322,-0.61678046,0.9249928,-0.46273035,0.59279585,-0.61202496,0.8245154,-0.88879985,0.906831,-0.68442124,0.86453885,-0.47412562,0.51557827,-0.67434955,0.7581744,-0.9707777,0.86064297,-0.7525231,0.8458645,-0.52831715,0.43036744,-0.6928589,0.67757696,-0.8710031,0.81394994,-0.7336755,0.86327046,-0.56924963
0.0,0.0,0.2896288,0.047561433,0.5265232,-0.018120114,0.7619525,0.0062954673,0.949781,0.066494115,0.3593346,-0.7611159,0.66400176,-0.93940604,0.83135146,-0.7482652,0.8804526,-0.54118055,0.32015604,-0.8013003,0.682364,-1.0,0.85564965,-0.7706271,0.88365275,-0.5376342,0.32243264,-0.7732259,0.66979915,-0.99987984,0.8453911,-0.78113776,0.876803,-0.5553102,0.36321026,-0.6764163,0.65154684,-0.8296606,0.7956415,-0.68906474,0.8358009,-0.5152948
0.0,0.0,0.3336117,-0.15830936,0.5544385,-0.31875515,0.73860055,-0.41786242,0.887406,-0.49421138,0.42263937,-0.7278485,0.738879,-0.8544663,0.9258134,-0.64406455,1.0,-0.4263158,0.36114597,-0.6853051,0.72517174,-0.8172119,0.934041,-0.5802914,0.98927516,-0.34141275,0.33182582,-0.5460211,0.671087,-0.6795599,0.8848602,-0.47246036,0.960091,-0.2501286,0.33327827,-0.34127298,0.62035704,-0.404566,0.8107236,-0.30233845,0.91540927,-0.15833643
0.0,0.0,-0.294797,0.08415306,-0.5331243,0.08436148,-0.7208309,0.15063848,-0.8601385,0.24735099,-0.53688633,-0.531946,-0.82065046,-0.6132218,-0.9455612,-0.42940181,-0.9672045,-0.23876554,-0.52337027,-0.56649876,-0.89059675,-0.6442926,-1.0,-0.42499048,-0.9969679,-0.22586031,-0.507411,-0.5131045,-0.8588264,-0.60737795,-0.9768148,-0.40413973,-0.98715335,-0.21193688,-0.5070314,-0.39034146,-0.7653941,-0.48031262,-0.89594394,-0.39628664,-0.9534709,-0.28297353
0.0,0.0,-0.23591588,0.08716374,-0.46060035,0.0573726,-0.69117355,0.10866185,-0.87916696,0.18739876,-0.32521537,-0.7018798,-0.6522471,-0.8978039,-0.83606285,-0.74033785,-0.891711,-0.5596388,-0.30859578,-0.75809044,-0.6630852,-1.0,-0.8337309,-0.81175756,-0.8687425,-0.6254723,-0.33088654,-0.70377403,-0.6797455,-0.96259815,-0.85425377,-0.7969484,-0.90510494,-0.6247632,-0.4072644,-0.56894684,-0.6755909,-0.7556919,-0.835002,-0.66124177,-0.9043741,-0.5370002
0.0,0.0,-0.2401812,-0.17117243,-0.4453485,-0.30891958,-0.62500715,-0.3590058,-0.78097034,-0.37769222,-0.24829647,-0.7916608,-0.5362766,-0.82751465,-0.6472681,-0.6726283,-0.70537245,-0.5109458,-0.19341716,-0.8079219,-0.49445415,-0.97119945,-0.618481,-0.82264596,-0.6742201,-0.63587594,-0.16169752,-0.75415105,-0.42326105,-1.0,-0.5563909,-0.89797044,-0.61089367,-0.7585029,-0.16308445,-0.6627283,-0.33037823,-0.8753982,-0.43751007,-0.9109694,-0.5049383,-0.89424515
0.0,0.0,0.32930622,0.14592656,0.6187034,0.14188296,0.8398062,0.21869275,1.0,0.3733725,0.697375,-0.29042602,0.9121413,-0.4246052,0.98541397,-0.30356482,0.98000187,-0.16520064,0.6673132,-0.38561553,0.9168428,-0.5648241,0.99266464,-0.39575613,0.95885235,-0.20916653,0.61445475,-0.46815562,0.87797004,-0.6569729,0.9650549,-0.44749182,0.94104195,-0.21980986,0.55045575,-0.5284861,0.78410906,-0.6610584,0.899363,-0.5148219,0.93097323,-0.31815824
0.0,0.0,-0.26028413,0.056498338,-0.51096594,0.030780975,-0.7506859,0.065613784,-0.9238298,0.16642949,-0.45011705,-0.6566148,-0.83269835,-0.6457006,-0.96033454,-0.41989243,-0.98766196,-0.22846998,-0.42132962,-0.77192837,-0.86290914,-0.80339354,-0.985823,-0.5516429,-1.0,-0.33162776,-0.4089138,-0.76041555,-0.8103112,-0.8233757,-0.9408733,-0.6058193,-0.96472937,-0.38653046,-0.43638778,-0.65663207,-0.7267461,-0.66581416,-0.8444243,-0.5097873,-0.89197654,-0.3432214
0.0,0.0,0.32397372,-0.05759324,0.5581578,-0.20642886,0.72567904,-0.3139069,0.8504672,-0.37289926,0.5590448,-0.7582323,0.8134691,-0.6433285,0.9515555,-0.43410695,1.0,-0.25201508,0.5149589,-0.7221568,0.7871891,-0.6099307,0.9290399,-0.39577967,0.95673996,-0.20601538,0.4717692,-0.5695943,0.74574983,-0.48757747,0.89221764,-0.3019132,0.92445606,-0.12887011,0.44365564,-0.336964,0.70343536,-0.25657743,0.82796764,-0.14998339,0.86927223,-0.034222163
0.0,0.0,0.31067932,0.09997387,0.62145406,0.11922696,0.84168637,0.22795475,1.0,0.37433913,0.6668181,-0.49094853,0.88753533,-0.7418898,0.9677521,-0.5698575,0.95251113,-0.38516793,0.5950709,-0.5765995,0.86229223,-0.845487,0.9252598,-0.603691,0.8656343,-0.3851085,0.5150956,-0.64057857,0.79477555,-0.8663376,0.8538782,-0.5827618,0.8028041,-0.33814234,0.4243675,-0.6574612,0.67390776,-0.73242563,0.77820593,-0.54788744,0.7889151,-0.37669918
0.0,0.0,-0.22863568,0.03829349,-0.45098022,-0.015566147,-0.63563323,-0.0098248,-0.7892648,0.036377348,-0.4052161,-0.6711577,-0.6150981,-0.80734265,-0.73770845,-0.628334,-0.76913875,-0.41683784,-0.34703967,-0.78219044,-0.6233634,-0.92168546,-0.7522127,-0.7038752,-0.7786703,-0.4718429,-0.28179297,-0.83142424,-0.54126835,-1.0,-0.68145794,-0.7608422,-0.7197801,-0.50575936,-0.21926744,-0.82504684,-0.42562193,-0.97571445,-0.5479094,-0.88543636,-0.6118457,-0.7438222
0.0,0.0,-0.31686407,0.019142635,-0.5822171,0.041446697,-0.7864607,0.12992997,-0.94914687,0.2275608,-0.5867767,-0.5733947,-0.84237134,-0.76061267,-0.96211195,-0.5801099,-1.0,-0.3897703,-0.53673214,-0.6186245,-0.8635651,-0.79530317,-0.9919251,-0.5851671,-0.99737984,-0.3788343,-0.48606777,-0.58954114,-0.7986141,-0.7560324,-0.94507825,-0.56044686,-0.9722859,-0.35724446,-0.45134073,-0.49392176,-0.6942725,-0.55439174,-0.820573,-0.44708565,-0.87455976,-0.32857975
0.0,0.0,0.2834178,0.10547586,0.5402704,0.0770745,0.80391437,0.17378852,1.0,0.23106188,0.44043154,-0.66851825,0.7383302,-0.8466895,0.90231055,-0.6725101,0.93855304,-0.46763584,0.4067659,-0.74526584,0.7386158,-0.96774596,0.8960837,-0.744767,0.90657413,-0.5121968,0.39644676,-0.7571212,0.7282261,-0.98678255,0.88969576,-0.7708693,0.9007769,-0.5490274,0.41954914,-0.6969754,0.6994193,-0.85861605,0.8377934,-0.7162843,0.8568143,-0.5308017
0.0,0.0,-0.25097108,0.08435206,-0.48690677,0.100564055,-0.6942403,0.16774713,-0.85205334,0.2854531,-0.4717851,-0.47510487,-0.8287254,-0.56023926,-0.9572772,-0.38328838,-0.9969236,-0.19859856,-0.44631073,-0.5215066,-0.86331517,-0.5907288,-0.990526,-0.37414637,-1.0,-0.16736071,-0.43236357,-0.47541612,-0.8152139,-0.5843333,-0.9571483,-0.38117632,-0.99037635,-0.17915785,-0.44856218,-0.35285115,-0.7392071,-0.40203187,-0.8708644,-0.28470767,-0.9270222,-0.15540184
0.0,0.0,0.32354194,0.019108085,0.58900476,-0.041627917,0.81087184,-0.016368477,1.0,0.03098335,0.54802614,-0.6512859,0.78803706,-0.88802844,0.9157861,-0.72666335,0.9664739,-0.5662324,0.4776319,-0.71204305,0.77179307,-0.9500129,0.9040963,-0.7237911,0.9175258,-0.50536495,0.4106033,-0.7264939,0.7034081,-0.9332104,0.84978116,-0.7033699,0.8817289,-0.4695996,0.3555891,-0.68220675,0.6194238,-0.80168676,0.78765583,-0.6753893,0.8751898,-0.51900744
0.0,0.0,0.23257294,0.0745449,0.5357056,0.013567675,0.7728665,0.031058801,0.950673,0.082018755,0.5234721,-0.6149228,0.76161283,-0.9214924,0.8479682,-0.7366144,0.8365325,-0.5256762,0.4351709,-0.6918357,0.69353515,-1.0,0.804143,-0.787015,0.8022586,-0.5558248,0.34824824,-0.7295356,0.6077387,-0.98421484,0.7375973,-0.7700846,0.7622917,-0.53523004,0.25807795,-0.71727985,0.4878008,-0.8266906,0.6397071,-0.70767784,0.71986955,-0.5627438
0.0,0.0,0.33956024,-0.013026742,0.60541046,-0.07640232,0.8181251,-0.04305528,1.0,0.0019180928,0.53737164,-0.6658677,0.7703382,-0.92635447,0.90517056,-0.7371116,0.9583284,-0.54932517,0.45763794,-0.69992256,0.7664534,-0.94205254,0.909513,-0.6998311,0.9342547,-0.47971776,0.38319722,-0.67947334,0.6844202,-0.8953448,0.84795517,-0.67740786,0.90190333,-0.45566702,0.31765422,-0.5941822,0.57036626,-0.7363543,0.75412184,-0.680238,0.8677588,-0.5916752
0.0,0.0,-0.18584119,0.115659066,-0.42766148,0.1490185,-0.6463998,0.2653025,-0.8299894,0.33132112,-0.2850386,-0.6939567,-0.61004573,-0.8889714,-0.80222,-0.72299755,-0.8467855,-0.5596551,-0.29072475,-0.75115854,-0.6933292,-1.0,-0.85564864,-0.7977969,-0.88322693,-0.61892986,-0.32820836,-0.6977653,-0.7718453,-0.90384233,-0.9312616,-0.68031573,-0.97610325,-0.4833226,-0.39872417,-0.5396144,-0.75482845,-0.6180343,-0.89710176,-0.45345375,-0.9519099,-0.29057112
0.0,0.0,-0.22561367,0.11672965,-0.49214536,0.11176694,-0.7425567,0.17352763,-0.92685366,0.29412478,-0.46957245,-0.5801439,-0.790865,-0.79866517,-0.95236945,-0.61839175,-1.0,-0.42568585,-0.39726776,-0.73410845,-0.75059855,-0.98386157,-0.91869086,-0.7823517,-0.96483994,-0.5627102,-0.3535777,-0.7561432,-0.6875789,-0.99059385,-0.84807026,-0.80839896,-0.90345204,-0.6071786,-0.34599146,-0.6981903,-0.6121977,-0.8226392,-0.75908124,-0.6957217,-0.83494616,-0.54308957
0.0,0.0,-0.29831168,0.062753454,-0.54556847,0.06437514,-0.736024,0.18790533,-0.8862967,0.34022352,-0.5459521,-0.5896029,-0.79870486,-0.7196841,-0.9385185,-0.581682,-0.9999157,-0.4224327,-0.5174718,-0.6421876,-0.8419145,-0.79805934,-0.9869361,-0.59688425,-1.0,-0.37601563,-0.49887294,-0.6270981,-0.819135,-0.78518194,-0.9715512,-0.5742741,-0.9945502,-0.36228174,-0.5108271,-0.5359698,-0.77844846,-0.65396595,-0.90776783,-0.5304693,-0.94810444,-0.3666742
0.0,0.0,-0.22187427,0.1260186,-0.47800446,0.16934435,-0.71264917,0.27471006,-0.8849631,0.43262213,-0.5663836,-0.46750706,-0.8355198,-0.74344575,-0.96259004,-0.5501487,-0.9617653,-0.3255766,-0.5575291,-0.5358295,-0.8764972,-0.7754894,-1.0,-0.54021966,-0.9711525,-0.32449627,-0.55125934,-0.5452127,-0.8617362,-0.7431027,-0.97576493,-0.53470665,-0.9619434,-0.34095788,-0.54891187,-0.53306085,-0.7990597,-0.641271,-0.91046196,-0.52812433,-0.92619944,-0.39433348
0.0,0.0,-0.2749194,0.06687628,-0.5230843,0.077960916,-0.71451515,0.16893397,-0.83396006,0.2797462,-0.46355096,-0.546348,-0.7773921,-0.6198701,-0.9295139,-0.45427525,-1.0,-0.25850764,-0.44086385,-0.5286705,-0.8414807,-0.5827376,-0.96605164,-0.38081098,-0.97754943,-0.18749286,-0.42478693,-0.4462018,-0.7698359,-0.5260444,-0.91319376,-0.35589305,-0.9545206,-0.17247452,-0.43232086,-0.30279455,-0.6987201,-0.34681448,-0.81892604,-0.26277077,-0.87427676,-0.15226759
0.0,0.0,0.3260971,0.003620419,0.57898605,-0.0718121,0.8033186,-0.039831966,1.0,0.04517981,0.48891476,-0.73625255,0.7867513,-0.8564052,0.9367328,-0.6781217,0.9913054,-0.49153396,0.43763193,-0.77275294,0.8029024,-0.9240823,0.9494038,-0.7155297,0.9702764,-0.493438,0.4035084,-0.7367447,0.74448913,-0.91823334,0.88946545,-0.71635866,0.9174506,-0.50037736,0.3905191,-0.6347976,0.63638383,-0.72391844,0.7567278,-0.606709,0.7994365,-0.46528086
0.0,0.0,-0.17716707,-0.18147682,-0.2780199,-0.3905181,-0.38658115,-0.5035338,-0.4989716,-0.5802702,-0.029859131,-0.67187274,-0.0689815,-0.9422691,-0.20413296,-0.95534277,-0.30120155,-0.8815511,0.0059493603,-0.6820708,-0.045289118,-0.9885947,-0.20521705,-0.9925182,-0.2938206,-0.89799553,0.0076697352,-0.67273486,-0.053314794,-0.99265504,-0.21521129,-1.0,-0.3108613,-0.9219765,-0.029723454,-0.6567268,-0.11851204,-0.91002744,-0.23985668,-0.9342501,-0.32384238,-0.88534
0.0,0.0,-0.28122607,0.045396164,-0.5039689,0.019527495,-0.7026447,0.09266445,-0.8579324,0.20660165,-0.4778546,-0.5599023,-0.6886559,-0.76174426,-0.8243942,-0.66801745,-0.88315976,-0.5346005,-0.47732913,-0.5974626,-0.77473676,-0.78671354,-0.93320423,-0.6377356,-0.9844859,-0.451672,-0.48076028,-0.55132097,-0.78780556,-0.7277592,-0.94688463,-0.578934,-1.0,-0.39326757,-0.50983137,-0.43650442,-0.74119514,-0.5137095,-0.8497834,-0.40663344,-0.8918197,-0.2608888
0.0,0.0,-0.30687758,0.058496553,-0.5431082,0.030559653,-0.7564352,0.09567724,-0.9279129,0.1795422,-0.41786245,-0.7356817,-0.8090138,-0.7744096,-0.94248754,-0.5009094,-0.95952636,-0.25041434,-0.40023687,-0.78353655,-0.8690386,-0.84506536,-0.99661195,-0.55517185,-1.0,-0.2974503,-0.40986428,-0.71508074,-0.8558047,-0.8161356,-0.9845365,-0.5446923,-0.9934096,-0.2803325,-0.47842705,-0.5531925,-0.81603664,-0.5783831,-0.9193348,-0.40133506,-0.9345787,-0.21289918
0.0,0.0,-0.2528651,0.05310791,-0.4921794,0.0020988137,-0.7182313,0.0660506,-0.8803727,0.17462184,-0.37822774,-0.7234896,-0.70879966,-0.9073607,-0.8719734,-0.72592944,-0.9210431,-0.5290333,-0.35819945,-0.7825887,-0.7373428,-1.0,-0.8968173,-0.79903436,-0.9181292,-0.58873385,-0.3621013,-0.7253886,-0.71436036,-0.9649146,-0.8808575,-0.78912395,-0.9197718,-0.601316,-0.4199544,-0.58436495,-0.69303435,-0.7558662,-0.8449614,-0.6551806,-0.9027892,-0.53455526
0.0,0.0,0.32003173,0.040391073,0.61215043,0.010733066,0.830576,0.099672504,1.0,0.22968946,0.5971673,-0.68123734,0.80935866,-0.90270644,0.8840814,-0.6649788,0.8531288,-0.44970977,0.5229189,-0.7502334,0.81105554,-0.93866956,0.8741142,-0.64715457,0.80495054,-0.42052755,0.4399389,-0.76929986,0.7526628,-0.9010563,0.82223445,-0.59164894,0.7749474,-0.35148028,0.35250652,-0.7192675,0.6370802,-0.7150249,0.75630903,-0.5203678,0.7788349,-0.36205584
0.0,0.0,-0.2808179,0.054553248,-0.53286,0.068727724,-0.7212976,0.173648,-0.8413674,0.28089452,-0.48471126,-0.5368251,-0.7952897,-0.6322131,-0.94083077,-0.457932,-1.0,-0.26411402,-0.45625252,-0.53248054,-0.84805226,-0.6095158,-0.972447,-0.39636114,-0.9740312,-0.20269385,-0.4363661,-0.45348707,-0.78583807,-0.5615069,-0.9236383,-0.3749405,-0.9517096,-0.18877582,-0.443655,-0.3078088,-0.7169417,-0.36453703,-0.8285352,-0.2721271,-0.8666814,-0.16552986
0.0,0.0,0.30203992,0.010684125,0.5824989,-0.052992478,0.8130919,-0.01078226,1.0,0.05859512,0.46760827,-0.7056816,0.7538695,-0.8909079,0.91098964,-0.711017,0.95854884,-0.5204657,0.40208554,-0.7324685,0.7529856,-0.9308233,0.91547185,-0.72593236,0.9349486,-0.51250756,0.3648972,-0.7013134,0.6935558,-0.92636937,0.85570425,-0.72965974,0.89110076,-0.52183175,0.35880876,-0.6090679,0.6213945,-0.7455157,0.7701333,-0.6441656,0.82885414,-0.50780725
0.0,0.0,0.2115062,0.054404993,0.4742216,0.01143553,0.68077075,0.0914919,0.84898347,0.19307134,0.42834726,-0.6475152,0.5793992,-0.9442815,0.73012865,-0.79726255,0.7914266,-0.6082748,0.36401555,-0.7017835,0.57048786,-1.0,0.73160934,-0.81418395,0.7560593,-0.6039044,0.30206078,-0.70132583,0.52765816,-0.9442572,0.6939567,-0.75548524,0.733376,-0.5548442,0.24215505,-0.6273759,0.4664933,-0.74527985,0.60847986,-0.6111369,0.653951,-0.45610896
0.0,0.0,-0.24589345,0.038698025,-0.4932876,-0.030051084,-0.6963879,0.028157063,-0.87485546,0.12726958,-0.4231584,-0.63528925,-0.5878934,-0.9622225,-0.7667435,-0.8724567,-0.852382,-0.70146483,-0.36958155,-0.65866315,-0.60028046,-1.0,-0.79380894,-0.8530482,-0.85851735,-0.6735915,-0.3220229,-0.60751456,-0.5689968,-0.8994528,-0.7561743,-0.74016285,-0.8316745,-0.5535535,-0.2959621,-0.48701984,-0.502831,-0.64303744,-0.65031356,-0.5640819,-0.7263131,-0.43918383
0.0,0.0,0.33458725,-0.05388966,0.5537837,-0.1889071,0.73396486,-0.2660013,0.8943101,-0.3164575,0.4633518,-0.6546981,0.7572337,-0.73851156,0.9243824,-0.54043543,1.0,-0.34270394,0.40409783,-0.6337049,0.7505679,-0.71042186,0.921941,-0.45425895,0.9644309,-0.22456373,0.36754623,-0.5105777,0.700446,-0.58086824,0.88360775,-0.35219213,0.942617,-0.13735178,0.35492262,-0.3122178,0.6407732,-0.33909616,0.7977552,-0.22060378,0.86961305,-0.08155955
0.0,0.0,-0.3145618,0.07046817,-0.54146796,0.09359227,-0.7279972,0.19393899,-0.8473084,0.28606513,-0.46927232,-0.7060733,-0.7970356,-0.807435,-0.9449501,-0.57855064,-0.9756512,-0.3351184,-0.4511078,-0.7210705,-0.8797666,-0.8347205,-1.0,-0.57240164,-0.97964144,-0.3456637,-0.44170904,-0.649763,-0.8213079,-0.78049934,-0.9657754,-0.53263617,-0.98045605,-0.30328542,-0.47733653,-0.4831691,-0.7661506,-0.5395932,-0.90501463,-0.3700869,-0.9527843,-0.21244958
0.0,0.0,-0.2775307,0.01144108,-0.5153072,-0.011523612,-0.7125022,0.05486443,-0.8475374,0.16699836,-0.46495143,-0.6180378,-0.7891907,-0.70212066,-0.93980885,-0.53433645,-0.9919599,-0.34305656,-0.44688392,-0.6137756,-0.8593014,-0.7258945,-0.99303097,-0.53422636,-1.0,-0.33602172,-0.43436143,-0.5221072,-0.8020872,-0.68472564,-0.94961673,-0.51913744,-0.98070616,-0.33144474,-0.45185402,-0.36017904,-0.7353926,-0.46321398,-0.86074185,-0.37493303,-0.9076954,-0.25922272
0.0,0.0,-0.26066333,0.073520355,-0.5085118,0.0377125,-0.69770753,0.10827397,-0.84860873,0.23181592,-0.49783128,-0.62200487,-0.7809319,-0.7993168,-0.9331529,-0.6480168,-0.99331224,-0.4643876,-0.46774372,-0.64903367,-0.8110647,-0.8162034,-0.9709284,-0.6136575,-1.0,-0.4162799,-0.4520223,-0.5795994,-0.7870009,-0.73563087,-0.94984955,-0.55097395,-0.99652314,-0.3667817,-0.46970862,-0.43499961,-0.7316112,-0.5381954,-0.8527351,-0.42942947,-0.8968817,-0.30100223
0.0,0.0,0.29642192,0.15928462,0.6153285,0.14012673,0.8483451,0.22494921,1.0,0.3944895,0.699802,-0.26508126,0.8931191,-0.37343845,0.9771963,-0.28486657,0.9875994,-0.16854665,0.6665542,-0.38049498,0.9017452,-0.54251957,0.97579575,-0.38760734,0.9468263,-0.20132287,0.60972244,-0.47512504,0.8653982,-0.6662694,0.9494246,-0.46086484,0.9306825,-0.2210188,0.53851175,-0.54736894,0.77363807,-0.65271217,0.8917173,-0.524752,0.9327829,-0.33987212
0.0,0.0,-0.3153406,0.06265798,-0.59239763,0.042974062,-0.80698615,0.15177202,-0.9771411,0.2648922,-0.5283026,-0.7089904,-0.79569924,-0.93772984,-0.92626196,-0.7180855,-0.94292945,-0.45766872,-0.4875696,-0.7712791,-0.82659316,-0.99911803,-0.9769462,-0.73193276,-0.98721886,-0.4581696,-0.4640758,-0.75919807,-0.81583023,-0.9946686,-0.9748103,-0.7195128,-1.0,-0.43967295,-0.4867974,-0.665202,-0.7836922,-0.77178234,-0.91720283,-0.5750643,-0.9604834,-0.35739905
0.0,0.0,-0.26646164,0.072213665,-0.52579135,0.08152976,-0.6975067,0.19479409,-0.8269306,0.3496804,-0.5977393,-0.4500435,-0.8252497,-0.72027975,-0.9574961,-0.5943299,-1.0,-0.40665692,-0.5514045,-0.48960933,-0.82822204,-0.7457324,-0.9668742,-0.5727929,-0.97671664,-0.37408218,-0.5034127,-0.47916564,-0.7718093,-0.7257919,-0.92436284,-0.55697876,-0.9628788,-0.36830553,-0.45751467,-0.4264495,-0.6637716,-0.5533731,-0.8043324,-0.47843394,-0.87686116,-0.368343
0.0,0.0,0.14945763,-0.26300272,0.35868847,-0.45193788,0.55162495,-0.50951505,0.7158808,-0.4942852,0.40187722,-0.66335773,0.77880716,-0.7093801,0.94727534,-0.55580056,1.0,-0.3857309,0.3946037,-0.6042542,0.83571166,-0.6539122,0.9737706,-0.43475357,0.9965743,-0.25849617,0.40320057,-0.45212433,0.8181319,-0.44143805,0.9544299,-0.22629671,0.97609454,-0.0648734,0.4222584,-0.24459554,0.7503127,-0.22814079,0.87948674,-0.095492594,0.9272714,0.013591034
0.0,0.0,0.3220144,0.09527443,0.60139304,0.07418968,0.8182553,0.12271719,1.0,0.2271289,0.6603005,-0.3912167,0.8830331,-0.5777025,0.9589156,-0.41887987,0.9529626,-0.25000066,0.6174637,-0.46978205,0.87086475,-0.6838742,0.9582451,-0.48567578,0.9253046,-0.28784493,0.55946165,-0.52709574,0.82384074,-0.7282632,0.9236795,-0.5099639,0.9057992,-0.29140052,0.50065106,-0.54929733,0.7391861,-0.66033036,0.86270446,-0.5133738,0.8969579,-0.34520012
0.0,0.0,-0.2824408,0.032844104,-0.5323135,0.029067766,-0.71693194,0.12513629,-0.85785204,0.25008038,-0.54213464,-0.515975,-0.77464473,-0.7416213,-0.9220292,-0.6414967,-1.0,-0.49351448,-0.4986597,-0.53424877,-0.8017847,-0.7553603,-0.9470812,-0.5821067,-0.9742661,-0.3914751,-0.457136,-0.50260264,-0.7376891,-0.7186385,-0.90164334,-0.55456054,-0.9536766,-0.37215582,-0.42638502,-0.42750692,-0.6333122,-0.5724037,-0.77593267,-0.50464296,-0.8567863,-0.40381536
0.0,0.0,0.25100785,-0.13096215,0.44704005,-0.30595493,0.619752,-0.40770268,0.7654455,-0.4813919,0.36171877,-0.7306274,0.7059551,-0.86481726,0.9178334,-0.71519476,1.0,-0.52876157,0.33394524,-0.6963694,0.73082507,-0.8259986,0.94122475,-0.61396813,0.9908854,-0.40753624,0.3284974,-0.56456393,0.6951586,-0.6942183,0.9005515,-0.5029248,0.9517086,-0.31143057,0.3463115,-0.36717892,0.6458055,-0.43760076,0.7956268,-0.3319871,0.8385872,-0.19227467
0.0,0.0,0.29106116,0.055978954,0.52944416,0.046836965,0.7284595,0.12290027,0.9000124,0.17936794,0.5510065,-0.59426975,0.80980986,-0.70000815,0.9433482,-0.5782077,1.0,-0.43376476,0.51595765,-0.6573721,0.8032358,-0.7958291,0.9309118,-0.6419302,0.96454746,-0.45303687,0.47854337,-0.69136363,0.75070727,-0.84701794,0.87847877,-0.6909691,0.9239078,-0.5085825,0.44593924,-0.683324,0.6387476,-0.87240285,0.7652366,-0.8749118,0.85051376,-0.82103217
0.0,0.0,0.29105908,0.05505944,0.60327053,0.052095994,0.8308834,0.11385834,1.0,0.16453947,0.60772383,-0.6276906,0.7863578,-0.92842174,0.90045434,-0.76306826,0.9096514,-0.5899813,0.52839357,-0.6659872,0.7641037,-0.9876396,0.8739022,-0.75455225,0.8423443,-0.5495011,0.45123053,-0.6716014,0.6676294,-0.93486935,0.8038581,-0.6977007,0.8033488,-0.49443159,0.36409003,-0.60772544,0.57161194,-0.7366142,0.7093042,-0.58908606,0.7463827,-0.44450343
0.0,0.0,0.297973,0.055451803,0.58990645,0.06358961,0.79910946,0.1417449,0.96700627,0.23665883,0.57192475,-0.5663133,0.7861461,-0.7513477,0.9303614,-0.61231333,1.0,-0.44629723,0.5014383,-0.61580646,0.7755584,-0.77765095,0.9343331,-0.6243374,0.99868774,-0.44795308,0.43997705,-0.6073896,0.7248432,-0.72276884,0.8894788,-0.55941576,0.9641061,-0.37658504,0.3808582,-0.5199254,0.6249775,-0.5562567,0.7828367,-0.45390835,0.87323767,-0.3327171
0.0,0.0,-0.24343374,0.069074735,-0.49863344,0.022971293,-0.68819743,0.10657027,-0.8496006,0.2317577,-0.3999731,-0.59633964,-0.6672008,-0.82045037,-0.8646116,-0.74806947,-0.9646394,-0.62653226,-0.36612156,-0.6171907,-0.7167495,-0.82652867,-0.9137971,-0.6636611,-0.98868555,-0.49588558,-0.35043344,-0.54484516,-0.70686036,-0.7724115,-0.9130991,-0.6281428,-1.0,-0.46243805,-0.3718383,-0.3837501,-0.66522247,-0.5464876,-0.8217253,-0.4646134,-0.88147324,-0.33181685
0.0,0.0,0.35694233,0.083727635,0.6223092,0.020838274,0.8335863,0.08108496,1.0,0.18538918,0.64797235,-0.51590073,0.839141,-0.72403693,0.9338365,-0.6100132,0.9448735,-0.46958333,0.5960973,-0.6059528,0.8239813,-0.8804706,0.9222033,-0.6982406,0.8983737,-0.4880623,0.5263861,-0.66603833,0.7702569,-0.9769904,0.8838335,-0.76431304,0.8809257,-0.53077954,0.45169073,-0.6746449,0.70405346,-0.8648743,0.8410795,-0.72485137,0.8927778,-0.5461345
0.0,0.0,0.30166537,0.057447568,0.57440555,0.03546106,0.7987844,0.13293086,0.9474093,0.2435877,0.5123055,-0.75861275,0.83319813,-0.8954129,0.95562005,-0.6384185,0.95891696,-0.4121825,0.48287582,-0.73193926,0.9056465,-0.83969194,1.0,-0.5556977,0.9253123,-0.32912663,0.48033163,-0.6452155,0.8427094,-0.77073205,0.9592758,-0.5139431,0.9225229,-0.29480088,0.49861357,-0.4943257,0.7869467,-0.59757894,0.88945127,-0.43290967,0.8795348,-0.2690656
0.0,0.0,0.27654767,-0.15525706,0.5489461,-0.21617419,0.7672955,-0.14876772,0.9020441,-0.039290708,0.7249132,-0.52482486,0.97071046,-0.20719373,1.0,0.04704655,0.96635234,0.19136387,0.6776424,-0.45682183,0.951191,-0.11555109,0.97123027,0.10942723,0.9223078,0.23087692,0.60529065,-0.31511095,0.8850179,-0.021448454,0.898535,0.17663498,0.846511,0.2793688,0.5211925,-0.12189938,0.7634713,0.09502773,0.8011109,0.22457801,0.78611887,0.29394707
0.0,0.0,0.26299062,-0.081725635,0.45651972,-0.23740897,0.6217379,-0.33535072,0.7712015,-0.40366387,0.37158182,-0.70605475,0.71463853,-0.9438578,0.9179297,-0.7698304,0.98391813,-0.56492877,0.34378582,-0.6868692,0.75208646,-0.9030126,0.9601097,-0.644202,1.0,-0.40879044,0.34438017,-0.56592494,0.7351944,-0.7377231,0.9369787,-0.5075344,0.9846168,-0.29128522,0.36919641,-0.36775428,0.6785924,-0.45524088,0.8342205,-0.3250815,0.8808536,-0.16670892
0.0,0.0,0.13484736,-0.27055737,0.352278,-0.45246452,0.56015944,-0.5078931,0.7253496,-0.47489768,0.4351141,-0.72892725,0.7754968,-0.78286225,0.9372465,-0.5797366,1.0,-0.37637582,0.44789165,-0.67573464,0.81605333,-0.6904441,0.96995056,-0.45352408,0.9989862,-0.22846648,0.4599734,-0.5259543,0.80269074,-0.49925703,0.9431827,-0.28048718,0.9754602,-0.07550845,0.47935244,-0.30655345,0.76122534,-0.24159732,0.877882,-0.08606325,0.9167455,0.07253215
0.0,0.0,-0.27441743,0.06301658,-0.58211786,0.0027168547,-0.81026757,0.059543353,-0.98348397,0.18765934,-0.5981749,-0.6047057,-0.79541904,-0.9017839,-0.9320105,-0.7720901,-0.9666757,-0.59923214,-0.54808223,-0.6681453,-0.7862729,-0.996367,-0.94209206,-0.82438874,-0.9744807,-0.6276339,-0.49558005,-0.6965443,-0.7608462,-1.0,-0.9236629,-0.7978852,-0.9555587,-0.5853941,-0.45907474,-0.681521,-0.71364135,-0.8579199,-0.8501508,-0.72812384,-0.8868224,-0.56242776
0.0,0.0,0.28217092,0.11683092,0.53558123,0.1852824,0.738545,0.36164868,0.90277904,0.51288104,0.6058444,-0.50767875,0.8555642,-0.6760948,0.97959775,-0.5136456,1.0,-0.3254832,0.5752085,-0.57548666,0.87418866,-0.75061697,0.999189,-0.5380863,0.9813345,-0.31674248,0.5479268,-0.6135673,0.8648766,-0.7667252,0.99303794,-0.5344517,0.9819601,-0.3131627,0.52881664,-0.58934665,0.79544353,-0.628034,0.9153136,-0.45453465,0.9319265,-0.2826619
0.0,0.0,-0.32109275,0.049481872,-0.58305156,0.05429734,-0.7783567,0.11767685,-0.94199926,0.22300725,-0.6151226,-0.48725682,-0.85751814,-0.63731486,-0.9842651,-0.4574322,-0.99912447,-0.27013153,-0.5762226,-0.5448114,-0.8874284,-0.72866166,-1.0,-0.5087379,-0.98526084,-0.31175262,-0.53512627,-0.527039,-0.8470287,-0.69117874,-0.9816319,-0.502185,-0.9934037,-0.32731146,-0.49657592,-0.43163425,-0.733963,-0.5123086,-0.8784002,-0.42011282,-0.944047,-0.3238158
0.0,0.0,0.24123314,0.048776772,0.4941764,-0.032470733,0.6723963,-0.0649528,0.8232308,-0.12416418,0.45546296,-0.6772648,0.65532595,-0.9495377,0.8486961,-0.8735263,0.9698369,-0.7092488,0.3867073,-0.71873754,0.6189166,-1.0,0.8256964,-0.8949934,0.9413864,-0.71755856,0.32436475,-0.69103724,0.5765191,-0.9338686,0.79244417,-0.8210404,0.9171713,-0.65394026,0.26187173,-0.58836967,0.48636177,-0.73448384,0.664481,-0.6940572,0.7763351,-0.6010141
0.0,0.0,0.19104154,-0.1422265,0.3794917,-0.33190927,0.5632647,-0.43042254,0.726975,-0.48406637,0.30531505,-0.69851434,0.66725624,-0.9135314,0.89650893,-0.7874226,0.9946402,-0.62739116,0.29236206,-0.66676235,0.7152308,-0.89430505,0.941374,-0.67650867,1.0,-0.46728212,0.30926523,-0.54051554,0.69763744,-0.72085524,0.9092062,-0.5299791,0.9677975,-0.34937412,0.3468898,-0.3466204,0.65280634,-0.44238716,0.810393,-0.34080955,0.86364704,-0.21346541
0.0,0.0,-0.27751875,0.07748527,-0.59812516,0.098857455,-0.85203314,0.1673261,-1.0,0.20704564,-0.5381829,-0.64845586,-0.8338998,-0.8602056,-0.964203,-0.60244507,-0.99040073,-0.34851098,-0.50087446,-0.7264796,-0.8296164,-0.94221014,-0.9589094,-0.64331037,-0.96173,-0.3861513,-0.47523838,-0.71986866,-0.77832204,-0.9116802,-0.8944071,-0.6527414,-0.8923755,-0.4072525,-0.46153253,-0.6594492,-0.69585437,-0.7780943,-0.8260421,-0.61630225,-0.87101823,-0.4303359
0.0,0.0,0.26289904,0.12372952,0.51900035,0.12657464,0.7167501,0.19511367,0.8943999,0.28244382,0.5826997,-0.31136036,0.7981825,-0.34738535,0.9243091,-0.20957105,0.9960038,-0.05973747,0.5406838,-0.41396967,0.8081878,-0.4999258,0.94528866,-0.34836027,1.0,-0.1630655,0.48355147,-0.47030157,0.7595322,-0.5750557,0.9027048,-0.40302244,0.9637204,-0.20064126,0.426729,-0.46433714,0.6750215,-0.49122906,0.8163785,-0.37152362,0.90073436,-0.21442719
0.0,0.0,-0.24312289,0.068783544,-0.47756943,0.05559895,-0.6637208,0.13515057,-0.8093436,0.26274055,-0.4921074,-0.5569756,-0.7887271,-0.69602793,-0.93666726,-0.55080885,-0.99701273,-0.38131517,-0.45828378,-0.5847092,-0.8106581,-0.7082829,-0.96140707,-0.5224118,-1.0,-0.34479067,-0.43742615,-0.51668006,-0.77978337,-0.6711854,-0.9261984,-0.49418852,-0.9679666,-0.3119455,-0.45223832,-0.3780573,-0.71248394,-0.49582422,-0.8335837,-0.3878528,-0.8834455,-0.24807744
0.0,0.0,-0.28074545,0.088433444,-0.5303788,0.10706812,-0.71965027,0.20262118,-0.83923316,0.32165742,-0.47634432,-0.528433,-0.81451404,-0.615876,-0.95667154,-0.41601712,-1.0,-0.2040149,-0.44670048,-0.5175153,-0.86628896,-0.576588,-0.97956157,-0.3397675,-0.969974,-0.14007631,-0.42622775,-0.43618318,-0.8044312,-0.55083156,-0.9334873,-0.34723103,-0.94992477,-0.15161373,-0.43604538,-0.29023093,-0.7205414,-0.35711277,-0.8341068,-0.25706077,-0.872728,-0.14091617
0.0,0.0,-0.27386543,0.053575538,-0.5117223,0.03998444,-0.7077185,0.106520504,-0.84426033,0.21984227,-0.46738207,-0.5339384,-0.80960995,-0.53597116,-0.9358767,-0.37672055,-1.0,-0.19646175,-0.43889853,-0.54070497,-0.85760045,-0.541791,-0.9642242,-0.34847128,-0.9927466,-0.14174442,-0.41574502,-0.46464303,-0.7907658,-0.53268236,-0.9266346,-0.38013238,-0.99303234,-0.1976476,-0.41958293,-0.315114,-0.69622046,-0.3496275,-0.83558035,-0.31092557,-0.9308934,-0.23621033
0.0,0.0,-0.28283408,0.09699035,-0.516653,0.08897169,-0.72414094,0.14560336,-0.889565,0.26083875,-0.4724013,-0.5406804,-0.8551382,-0.6465181,-0.9761079,-0.44572148,-0.98683053,-0.24815375,-0.43731818,-0.6098096,-0.88037616,-0.6757694,-1.0,-0.43056196,-0.9855308,-0.22403981,-0.42126223,-0.5770348,-0.8475101,-0.69325364,-0.96948195,-0.44607177,-0.9620908,-0.23201159,-0.44637406,-0.45863894,-0.7701062,-0.53030074,-0.8811978,-0.37459397,-0.8933601,-0.20963931
0.0,0.0,0.24964122,0.005485855,0.50856364,-0.054271933,0.716214,-0.01271435,0.8893446,0.066161446,0.4686822,-0.64858335,0.6104517,-0.9511061,0.74804103,-0.825482,0.8018719,-0.65000355,0.4018443,-0.68641615,0.58099586,-1.0,0.7283962,-0.85103625,0.76162416,-0.6608713,0.34245384,-0.68833816,0.54316413,-0.9098747,0.6974309,-0.74544144,0.74065536,-0.5612216,0.28161907,-0.6242759,0.4763885,-0.73157483,0.61500925,-0.6261112,0.672268,-0.5021747
0.0,0.0,0.2835509,-0.006818828,0.49351636,-0.11466486,0.7076233,-0.10548289,0.88580024,-0.073476456,0.31076357,-0.76107967,0.57976294,-0.98613435,0.7634358,-0.8606137,0.84283155,-0.6865855,0.2976415,-0.76263857,0.63102156,-1.0,0.8189408,-0.8580514,0.87227196,-0.659381,0.32815984,-0.71507436,0.65453035,-0.9461782,0.8428011,-0.8240343,0.90409845,-0.6457537,0.4004622,-0.61354613,0.66887677,-0.7914273,0.82227385,-0.7400187,0.88826746,-0.62757635
0.0,0.0,0.24730359,0.13620573,0.5210959,0.13082017,0.72240245,0.19311322,0.869845,0.31049556,0.6263184,-0.2360094,0.8233362,-0.32331076,0.9418777,-0.2753513,1.0,-0.20926645,0.5950288,-0.35013485,0.8207023,-0.5172113,0.8886149,-0.3846936,0.86490345,-0.22054394,0.5360878,-0.44122085,0.77109504,-0.6364465,0.83467036,-0.45920432,0.80549824,-0.2503469,0.4603162,-0.50782675,0.67007244,-0.6235069,0.7774891,-0.5236393,0.8124116,-0.3708465
0.0,0.0,0.31204146,-0.09005425,0.5109631,-0.19585097,0.67138255,-0.24687749,0.7935426,-0.2887831,0.35527927,-0.75252247,0.7031889,-0.89765555,0.8972559,-0.7342037,0.98480874,-0.54585665,0.3360794,-0.72858196,0.7219569,-0.88879275,0.9311767,-0.6627888,0.9980928,-0.4257909,0.35381553,-0.5907493,0.72599244,-0.7581885,0.9349628,-0.55094224,1.0,-0.32210472,0.40694553,-0.37080395,0.72566897,-0.41941923,0.8953762,-0.29195094,0.9645346,-0.12736982
0.0,0.0,-0.22287259,-0.10697936,-0.43591553,-0.27654406,-0.618678,-0.33470076,-0.76892954,-0.3093429,-0.3110688,-0.6415346,-0.3984575,-0.9519579,-0.5250388,-0.92841876,-0.5935418,-0.82427526,-0.25006333,-0.6630642,-0.35649756,-1.0,-0.50542384,-0.9401877,-0.5625062,-0.8008662,-0.18921511,-0.6559216,-0.30561513,-0.98631245,-0.4693988,-0.91402096,-0.5371483,-0.7767959,-0.13822496,-0.6263469,-0.2743612,-0.8453119,-0.40830123,-0.8215238,-0.4764944,-0.73754126
0.0,0.0,-0.20505013,0.06523959,-0.49893206,-0.013546024,-0.71605635,-0.03974668,-0.8862665,-0.07131077,-0.45592746,-0.6022467,-0.68584096,-0.7619074,-0.84999806,-0.8498055,-0.97575235,-0.90586156,-0.439693,-0.65987957,-0.68922,-0.8314156,-0.85316724,-0.9021062,-0.96821254,-0.95504504,-0.4568433,-0.6350732,-0.7032598,-0.8113444,-0.8798592,-0.88181996,-1.0,-0.9424653,-0.51269615,-0.52584803,-0.75099444,-0.67275673,-0.89580375,-0.7511978,-0.99458283,-0.8161247
0.0,0.0,-0.23152709,0.1491211,-0.5287081,0.19829993,-0.7615641,0.267757,-0.9048861,0.40275002,-0.58030105,-0.38735455,-0.8606123,-0.41084436,-0.96408844,-0.22363098,-0.99480385,-0.04048655,-0.5584368,-0.50956154,-0.8566399,-0.498173,-0.9678618,-0.2958461,-1.0,-0.089781255,-0.5316235,-0.5398361,-0.81778187,-0.54299355,-0.91658354,-0.355928,-0.9502275,-0.16018073,-0.5079378,-0.5199805,-0.739051,-0.52333593,-0.83733416,-0.3991029,-0.8888532,-0.24836202
0.0,0.0,0.30011535,-0.0039013093,0.56695765,-0.04492736,0.767603,0.016949957,0.9309045,0.106075,0.5862405,-0.7524481,0.80335855,-0.9859156,0.89694446,-0.73063725,0.8804395,-0.49562418,0.5115291,-0.7631304,0.766379,-1.0,0.87180924,-0.71584874,0.8390333,-0.46689376,0.4336507,-0.7379287,0.6625754,-0.9432023,0.795597,-0.68683076,0.8004094,-0.4474578,0.34255525,-0.65305626,0.5392994,-0.7750676,0.68011594,-0.64616996,0.7331159,-0.49611974
0.0,0.0,-0.29522738,0.026431583,-0.52099633,-0.022678128,-0.73112005,0.043876752,-0.9168773,0.18115823,-0.41137508,-0.78725857,-0.7538819,-1.0,-0.92105776,-0.7815821,-0.9575778,-0.56642866,-0.3692393,-0.79064953,-0.7921693,-0.94998676,-0.9578482,-0.68415,-0.9595498,-0.4593001,-0.36711526,-0.67875713,-0.7792926,-0.79447967,-0.90641385,-0.54740924,-0.89026105,-0.33927274,-0.4066258,-0.49251926,-0.7101162,-0.5216471,-0.79208153,-0.35456988,-0.772829,-0.2043394
0.0,0.0,0.28408304,-0.16097037,0.53479373,-0.30398053,0.75048393,-0.343126,0.8933504,-0.30444813,0.69172174,-0.64957774,1.0,-0.36536357,0.9690283,-0.17517088,0.86676997,-0.09870723,0.64973795,-0.593916,0.97159064,-0.27385134,0.9215645,-0.105749525,0.8036199,-0.052300025,0.58261037,-0.45169243,0.88338387,-0.21085116,0.8549549,-0.053462286,0.76306933,0.017863927,0.50191694,-0.25368646,0.7533055,-0.08702149,0.77786577,0.04012549,0.7424081,0.11837849
0.0,0.0,0.19733375,0.038504,0.37620196,-0.029585587,0.4879145,-0.040934477,0.5866397,-0.07649909,0.4564672,-0.52160937,0.7001523,-0.7958678,0.8715047,-0.70172334,0.96242565,-0.52880657,0.44500294,-0.6077061,0.732642,-0.90644145,0.92952126,-0.75390285,1.0,-0.53990215,0.42884758,-0.6631615,0.7162959,-0.93769103,0.9177558,-0.75878435,0.99059576,-0.5371533,0.40721026,-0.6599175,0.66268283,-0.82651395,0.82908654,-0.71245956,0.90252805,-0.5468725
0.0,0.0,-0.33594912,0.06677172,-0.58223534,0.07646572,-0.7534052,0.152416,-0.8817588,0.24183099,-0.57075274,-0.5273291,-0.8323307,-0.6454149,-0.96254516,-0.503786,-1.0,-0.33380774,-0.52257466,-0.5875156,-0.84949976,-0.70114505,-0.9740665,-0.5094454,-0.98483324,-0.3144392,-0.4838952,-0.5739108,-0.8185108,-0.66986656,-0.950676,-0.4649935,-0.9673615,-0.2717697,-0.47397533,-0.47136438,-0.7629454,-0.518759,-0.8758481,-0.38732502,-0.8984574,-0.24379753
0.0,0.0,0.3127512,0.04915037,0.5354272,-0.025513906,0.7657168,0.002754294,0.95655864,0.056308623,0.3596688,-0.7808897,0.660507,-0.9540682,0.8256144,-0.7766872,0.8770977,-0.57798254,0.32883266,-0.81770325,0.70053965,-1.0,0.8729272,-0.78175557,0.8989971,-0.55095136,0.33717376,-0.78792727,0.6967367,-0.9899801,0.8734886,-0.7765941,0.9009354,-0.54990935,0.38849762,-0.6884841,0.68144774,-0.8538166,0.82656896,-0.7131063,0.8619693,-0.5286609
0.0,0.0,0.29998022,-0.02440672,0.5851364,-0.122326136,0.813412,-0.07363145,1.0,-0.0059955167,0.54863715,-0.6685066,0.7236617,-0.87426203,0.876929,-0.88293916,0.99921954,-0.82625157,0.44511798,-0.72056127,0.64417934,-0.94000596,0.8122739,-0.9306409,0.93706745,-0.84344107,0.32951885,-0.7131842,0.5249699,-0.87882596,0.6922342,-0.82832575,0.823127,-0.7219577,0.20418689,-0.64152807,0.3688187,-0.73099756,0.49863604,-0.7156796,0.60774803,-0.6658741
0.0,0.0,-0.15960433,0.058516722,-0.3934814,0.08618782,-0.60690033,0.23176895,-0.78022635,0.31739286,-0.25580433,-0.6859124,-0.53389686,-0.8638192,-0.718503,-0.7925566,-0.7841775,-0.7039859,-0.28430545,-0.72930586,-0.6359973,-1.0,-0.8091628,-0.8943392,-0.8730033,-0.7616523,-0.33764634,-0.6688098,-0.75087464,-0.8671123,-0.9150588,-0.67187357,-0.97899926,-0.4851131,-0.42497274,-0.4994803,-0.7637976,-0.58347505,-0.89139795,-0.4262035,-0.9411495,-0.261673
0.0,0.0,-0.32702687,-0.017411837,-0.5907957,-0.08580226,-0.7900672,-0.028488532,-0.95917493,0.06727004,-0.54296684,-0.6610571,-0.7915976,-0.9377045,-0.9434646,-0.8096301,-1.0,-0.6469563,-0.47393036,-0.68921626,-0.7993622,-0.9374394,-0.9634066,-0.7165623,-0.97807395,-0.51020217,-0.40985078,-0.63575906,-0.718413,-0.8771199,-0.89240533,-0.6625271,-0.9230046,-0.46027735,-0.3707947,-0.5236702,-0.6010643,-0.698691,-0.7565215,-0.5974713,-0.8196133,-0.4602621
0.0,0.0,0.31299433,0.060722504,0.5448161,-0.01483798,0.77567506,0.014544466,0.968501,0.08747322,0.36395466,-0.78053325,0.66991276,-0.9560784,0.8336884,-0.7772028,0.87925375,-0.5738817,0.33657858,-0.8216662,0.70188147,-1.0,0.87680256,-0.7866219,0.9004772,-0.5557071,0.34880668,-0.78721046,0.7037071,-0.99201876,0.88191265,-0.78917545,0.9108746,-0.5677044,0.40989834,-0.6861264,0.6991911,-0.8541135,0.8466619,-0.72663856,0.8865997,-0.55299616
0.0,0.0,0.31660208,0.046865564,0.59641016,0.0062728906,0.81778103,0.02628737,1.0,0.077389464,0.6382595,-0.48789626,0.8501684,-0.70701206,0.9504434,-0.5632432,0.9823955,-0.39312783,0.5809261,-0.55562437,0.8292747,-0.7956441,0.9427641,-0.60934836,0.95399815,-0.4005717,0.512711,-0.5856621,0.76152956,-0.79460037,0.89786476,-0.607317,0.9373311,-0.39536875,0.44213554,-0.57096004,0.6634168,-0.6885509,0.81521124,-0.5914958,0.90570235,-0.4592477
0.0,0.0,-0.24246378,0.083504364,-0.4788337,0.07933381,-0.67282736,0.15504971,-0.80881494,0.28246102,-0.46648368,-0.53011256,-0.7856202,-0.62508875,-0.93870807,-0.46019623,-0.999771,-0.275666,-0.4343816,-0.55643386,-0.81530625,-0.63611394,-0.96612775,-0.44375724,-1.0,-0.24923666,-0.4145976,-0.4885057,-0.76861453,-0.58231354,-0.9301553,-0.41471532,-0.99211746,-0.23721878,-0.41845888,-0.34882742,-0.6764435,-0.3826696,-0.8130437,-0.30939734,-0.8938253,-0.2228167
0.0,0.0,0.24000266,0.032076,0.43290794,-0.054614354,0.6224307,-0.054792013,0.7923531,-0.04669309,0.25360397,-0.6841086,0.39463663,-0.878439,0.5313352,-0.9592115,0.6387519,-1.0,0.23310106,-0.7174262,0.387843,-0.90639806,0.5397629,-0.97918487,0.6670949,-0.99025404,0.24862185,-0.6816346,0.4041289,-0.85603976,0.5462643,-0.92090577,0.6557199,-0.9246536,0.2997557,-0.58262604,0.41920772,-0.71183264,0.5169847,-0.7702912,0.59450024,-0.7839762
0.0,0.0,-0.26550916,0.03300884,-0.5043016,0.045307953,-0.6916865,0.17200814,-0.84578466,0.337862,-0.56948566,-0.45106214,-0.7704965,-0.60189414,-0.9231063,-0.50181514,-1.0,-0.38553175,-0.54555565,-0.51746494,-0.76181483,-0.7896586,-0.9023528,-0.6286752,-0.93662304,-0.44916058,-0.51357996,-0.5460847,-0.7439238,-0.7930148,-0.87991214,-0.5739106,-0.89461726,-0.3647161,-0.48895803,-0.5180798,-0.6933303,-0.6753803,-0.81650543,-0.52410954,-0.84807944,-0.34326538
0.0,0.0,-0.29987428,0.058928538,-0.53024024,0.050834276,-0.70937735,0.15883617,-0.8630809,0.30541325,-0.51315254,-0.572752,-0.78833836,-0.67344415,-0.9245612,-0.5042093,-0.9741553,-0.33034894,-0.48715562,-0.62545776,-0.8441419,-0.745548,-0.98594004,-0.5215906,-1.0,-0.30678043,-0.4774954,-0.59573805,-0.8351194,-0.732765,-0.9723877,-0.5153076,-0.98977995,-0.3135047,-0.50348324,-0.48865664,-0.78437173,-0.5937634,-0.9009105,-0.47064668,-0.93548983,-0.31988898
0.0,0.0,0.27638862,-0.024231406,0.44814214,-0.14839381,0.5969693,-0.22119984,0.73942816,-0.26363188,0.35360265,-0.6285566,0.693256,-0.71132535,0.8857067,-0.5147799,0.9802824,-0.32070747,0.3241647,-0.6196984,0.72044235,-0.71508074,0.92695624,-0.48095432,1.0,-0.26678634,0.32696012,-0.51148903,0.70802003,-0.6404522,0.91754794,-0.43294933,0.98956823,-0.22281311,0.3563276,-0.33149368,0.6633001,-0.3798141,0.8227899,-0.2617517,0.8908548,-0.11248342
0.0,0.0,-0.27619845,0.11618755,-0.55669916,0.14174893,-0.77343917,0.23102522,-0.92605436,0.32815439,-0.6023142,-0.57578915,-0.9164625,-0.60314137,-1.0,-0.3318004,-0.9669153,-0.12301528,-0.56760645,-0.6248867,-0.9124963,-0.57258356,-0.98253334,-0.28056198,-0.93790275,-0.085255705,-0.5243858,-0.58688015,-0.84198415,-0.53885907,-0.8975978,-0.26590842,-0.8513647,-0.072680384,-0.47885114,-0.48300362,-0.69858027,-0.43963715,-0.75386006,-0.24070367,-0.72649163,-0.06325146
0.0,0.0,0.36265576,0.051578138,0.6269756,-0.0010116252,0.83798426,0.037721824,1.0,0.13631634,0.6585538,-0.5704711,0.8837796,-0.84594667,0.9081155,-0.6805291,0.84683347,-0.5295218,0.61777806,-0.64323676,0.8772856,-0.9528496,0.89083385,-0.744355,0.79825246,-0.57637537,0.55581737,-0.7095687,0.839778,-0.9914912,0.85434675,-0.7341341,0.7671893,-0.5312489,0.4834907,-0.7413154,0.7572418,-0.90766495,0.82975525,-0.7100771,0.8025973,-0.5225596
0.0,0.0,-0.25217324,0.057965107,-0.47536096,0.0068134195,-0.6983144,0.06799463,-0.85795075,0.18818751,-0.35927776,-0.7296145,-0.6800263,-0.9136016,-0.8423079,-0.7378049,-0.884753,-0.54568344,-0.3417115,-0.7866325,-0.7075458,-1.0,-0.8701091,-0.8029472,-0.88870966,-0.60524565,-0.35201097,-0.72820413,-0.70196927,-0.96221226,-0.8692573,-0.78297675,-0.90235394,-0.6001303,-0.41490823,-0.587977,-0.6893928,-0.756823,-0.8379846,-0.65241235,-0.889789,-0.5324416
0.0,0.0,0.30672383,0.026514132,0.5931495,-0.039043795,0.82420707,0.015599601,0.9976052,0.090581514,0.58547825,-0.48756114,0.82852584,-0.46048003,0.9369883,-0.27027503,1.0,-0.08210912,0.49483225,-0.5524012,0.727526,-0.5429717,0.7860567,-0.35267147,0.8103187,-0.17241924,0.39312106,-0.5804822,0.61118513,-0.57576036,0.67009544,-0.38231084,0.69283235,-0.20607725,0.29101968,-0.5625416,0.5113477,-0.6696009,0.6671395,-0.68561584,0.7969577,-0.6698639
0.0,0.0,-0.19202699,-0.1348888,-0.33520478,-0.3359527,-0.48091167,-0.44375035,-0.62204975,-0.4908154,-0.12597924,-0.67279744,-0.1714257,-0.9574527,-0.29632506,-0.9600661,-0.379834,-0.8716761,-0.077763125,-0.67914975,-0.140324,-1.0,-0.2906502,-0.98317844,-0.37440813,-0.8807007,-0.041866347,-0.6615785,-0.1244125,-0.98562306,-0.2905972,-0.95966774,-0.3882592,-0.8571151,-0.03262502,-0.6254527,-0.14136979,-0.86143357,-0.27678365,-0.8735398,-0.372767,-0.8151928
0.0,0.0,0.3117717,0.064622484,0.60957855,0.044331167,0.82395244,0.13190542,0.9558409,0.23254862,0.57818997,-0.6486538,0.733384,-0.96865433,0.8691988,-0.80429715,0.905634,-0.5952207,0.49110723,-0.69156355,0.7151577,-1.0,0.8641788,-0.7855849,0.8690578,-0.56363463,0.40280917,-0.6877365,0.63392365,-0.9233525,0.8024203,-0.71525943,0.83976775,-0.51298285,0.31071383,-0.6095025,0.5270014,-0.7072607,0.68358135,-0.59104013,0.7502001,-0.46103764
0.0,0.0,-0.12408266,-0.15187944,-0.321251,-0.31959584,-0.50766444,-0.40594432,-0.66274154,-0.4451313,-0.22367957,-0.6942007,-0.5475171,-0.928089,-0.75655603,-0.8200863,-0.84260064,-0.6861803,-0.24107978,-0.7110812,-0.60476613,-1.0,-0.8028484,-0.85387963,-0.8775161,-0.69302255,-0.29717907,-0.6371706,-0.6619856,-0.9386567,-0.8524036,-0.7952961,-0.9416314,-0.64382464,-0.3879654,-0.46652824,-0.68218374,-0.66703707,-0.83967394,-0.5963101,-0.92233473,-0.4969614
0.0,0.0,-0.22965619,0.14149573,-0.49414,0.20572917,-0.720804,0.30973524,-0.88346726,0.43789607,-0.59605217,-0.41272762,-0.85858285,-0.40924808,-0.9575239,-0.29172453,-0.9902882,-0.19854109,-0.5747244,-0.51671267,-0.83950526,-0.5510511,-0.9495641,-0.47856823,-1.0,-0.40036958,-0.53079575,-0.53972685,-0.78496194,-0.59450936,-0.9039497,-0.53391546,-0.96725297,-0.4560609,-0.48816368,-0.5131638,-0.69032323,-0.5602053,-0.7970588,-0.52939314,-0.86507595,-0.4723004
0.0,0.0,-0.28966942,0.05630359,-0.61356413,0.007139745,-0.8446511,0.069979474,-1.0,0.21565877,-0.61147463,-0.5738487,-0.8066677,-0.86520314,-0.91680497,-0.7524156,-0.9563626,-0.590853,-0.5581042,-0.6416901,-0.80012625,-0.9495102,-0.9336003,-0.78726363,-0.9623154,-0.57931006,-0.49870017,-0.6784646,-0.76387346,-0.9580552,-0.9102735,-0.7664546,-0.9483659,-0.55081135,-0.44585967,-0.6790439,-0.69832236,-0.82972574,-0.84272826,-0.7133905,-0.91054827,-0.5586061
0.0,0.0,-0.30328074,0.07082623,-0.57017046,0.028665747,-0.7923186,0.10804115,-0.9795332,0.20750059,-0.49594104,-0.7257953,-0.75895727,-0.9244916,-0.8895126,-0.7223585,-0.90679455,-0.47033718,-0.45726904,-0.79633284,-0.7903698,-1.0,-0.93650943,-0.74635,-0.955365,-0.48693135,-0.44172025,-0.7931036,-0.7968382,-0.9973733,-0.9497644,-0.7309714,-0.97744954,-0.46400237,-0.4782926,-0.7092125,-0.7847144,-0.80261487,-0.9177175,-0.6078918,-0.9631418,-0.39094228
0.0,0.0,-0.20477356,0.1421669,-0.46347073,0.13214885,-0.6622881,0.20925336,-0.8184096,0.30628967,-0.3442799,-0.6427432,-0.55004275,-0.89585894,-0.7435138,-0.79743886,-0.8127336,-0.64903665,-0.31555042,-0.7320267,-0.61805165,-1.0,-0.8034517,-0.8437049,-0.8592296,-0.66539073,-0.31668,-0.7230795,-0.6604124,-0.9674653,-0.8449122,-0.80173737,-0.90822417,-0.6129827,-0.35598427,-0.61529833,-0.6598477,-0.74082804,-0.80957586,-0.628577,-0.869471,-0.4777208
0.0,0.0,0.3454723,-0.08780189,0.5651467,-0.2264493,0.7429061,-0.3122809,0.9046286,-0.36759946,0.4503696,-0.64740545,0.74319154,-0.78415906,0.9189548,-0.6021111,1.0,-0.41102606,0.38323316,-0.6304527,0.7442556,-0.75845724,0.93000686,-0.501382,0.9779968,-0.2668976,0.34277105,-0.51212376,0.68944705,-0.6214697,0.8861377,-0.39027447,0.95291245,-0.17216995,0.3293372,-0.31816858,0.6250048,-0.3737031,0.7937386,-0.25414425,0.873012,-0.112290576
0.0,0.0,-0.286658,0.061225865,-0.5256865,0.04793452,-0.7322112,0.12391762,-0.8656677,0.19294272,-0.38908246,-0.73869455,-0.7239449,-0.9095268,-0.9054755,-0.73175293,-0.98534757,-0.49828094,-0.39555883,-0.72342193,-0.83900565,-0.8862724,-0.9831837,-0.66275567,-0.99070823,-0.42714337,-0.41503668,-0.6332802,-0.80183136,-0.76724356,-0.9610042,-0.57353294,-1.0,-0.35921425,-0.4771408,-0.455438,-0.7711367,-0.5220597,-0.90129083,-0.39821017,-0.9495078,-0.25828704
0.0,0.0,-0.28495613,-0.0035377052,-0.5231778,-0.023238538,-0.72251064,0.04927132,-0.86131877,0.15592568,-0.43268576,-0.6612283,-0.77190125,-0.76141995,-0.9395296,-0.5779284,-1.0,-0.383695,-0.41191313,-0.6485567,-0.843562,-0.78331375,-0.98571354,-0.5783537,-0.9966424,-0.3826718,-0.40088952,-0.5501912,-0.7718767,-0.7131656,-0.92373043,-0.53298986,-0.954137,-0.33676568,-0.4214471,-0.38529873,-0.705841,-0.49537152,-0.83722407,-0.39521426,-0.8905083,-0.26640514
0.0,0.0,-0.30197105,0.07556501,-0.57304215,0.042264454,-0.79204255,0.12911865,-0.9699905,0.23470634,-0.4992722,-0.70773864,-0.7644022,-0.9105784,-0.8916133,-0.6984125,-0.90777755,-0.44604883,-0.45958456,-0.77831167,-0.7945178,-0.99436057,-0.9390053,-0.73820645,-0.9536768,-0.47728464,-0.4415102,-0.77153337,-0.7951835,-1.0,-0.94813067,-0.739899,-0.9726916,-0.47621086,-0.47474945,-0.68500173,-0.77921975,-0.8077197,-0.91494,-0.6174278,-0.958431,-0.3985027
0.0,0.0,-0.26433086,0.07590688,-0.5325828,0.045195084,-0.77149457,0.077114,-0.936414,0.13456032,-0.4340896,-0.6842369,-0.8130683,-0.7565774,-0.95697963,-0.54602176,-0.99762434,-0.35128653,-0.40326706,-0.77732503,-0.82542527,-0.9030202,-0.97056377,-0.67936,-1.0,-0.4515421,-0.39709988,-0.74495834,-0.7780247,-0.8762488,-0.9308168,-0.68048114,-0.97580755,-0.4685012,-0.43798065,-0.62781864,-0.7255551,-0.69101214,-0.8596377,-0.5485329,-0.9239486,-0.39381552
0.0,0.0,0.3001872,0.03227079,0.57443994,0.04998533,0.7848175,0.15943149,0.96365464,0.2888307,0.5985548,-0.5956442,0.796474,-0.8611412,0.9037529,-0.68911326,0.91780335,-0.5065765,0.5327371,-0.66084146,0.75328,-1.0,0.8719527,-0.789237,0.8601596,-0.5732115,0.46151948,-0.68692833,0.6722233,-0.97647566,0.81014574,-0.7608277,0.8302632,-0.5436474,0.39019027,-0.6519177,0.58035743,-0.80582196,0.72258973,-0.68247455,0.77920914,-0.53704536
0.0,0.0,0.32359663,-0.0027908194,0.6226305,-0.09903536,0.8404839,-0.07638843,1.0,0.024997355,0.61518234,-0.631934,0.8574796,-0.87845486,0.952561,-0.65808445,0.94140893,-0.44008946,0.5576702,-0.6610369,0.83764476,-0.9065045,0.9316987,-0.62594366,0.8874839,-0.39594814,0.5015891,-0.6524868,0.7615941,-0.9219756,0.87507737,-0.6591963,0.8510626,-0.4263946,0.44430178,-0.59277415,0.6677693,-0.7716564,0.7887214,-0.6120033,0.8005891,-0.437893
0.0,0.0,0.31800508,-0.18292524,0.57007396,-0.34592608,0.78654546,-0.40381664,0.9378171,-0.39601746,0.6154956,-0.8004477,0.9534396,-0.5632869,1.0,-0.32473806,0.96095043,-0.17331508,0.5677892,-0.7506941,0.95553344,-0.49968222,0.997065,-0.26312998,0.9433328,-0.11170827,0.51562446,-0.58757174,0.8743107,-0.3991633,0.9268214,-0.1809613,0.8864795,-0.02754463,0.46450728,-0.34961507,0.7667809,-0.19114605,0.8639638,-0.03368415,0.8867178,0.09374403
0.0,0.0,0.28933862,0.003378839,0.57277507,-0.036392633,0.78836685,0.038455505,0.95983505,0.14588389,0.5489887,-0.6578827,0.70290875,-0.9584238,0.81778294,-0.81355846,0.85011625,-0.62335944,0.47794187,-0.700362,0.6894452,-1.0,0.8126119,-0.8021542,0.8159909,-0.5868802,0.40213493,-0.70991904,0.6306714,-0.9378048,0.76791453,-0.7179152,0.7940063,-0.4924981,0.32181233,-0.6597622,0.5390048,-0.76229024,0.68901813,-0.63249075,0.75976676,-0.48265833
0.0,0.0,-0.18470761,0.114638925,-0.4937175,0.12244258,-0.73067904,0.16387466,-0.89270777,0.1782524,-0.44176203,-0.52044874,-0.744382,-0.7204564,-0.93192434,-0.56542915,-0.99822277,-0.38700005,-0.41754884,-0.6178832,-0.7412578,-0.8844384,-0.9385831,-0.74058586,-1.0,-0.5644297,-0.40172982,-0.6414293,-0.7030642,-0.857883,-0.90030503,-0.74487597,-0.98344195,-0.5949785,-0.38827565,-0.6183261,-0.6359327,-0.7524776,-0.80063313,-0.68932587,-0.8827504,-0.5740013
0.0,0.0,0.32470632,-0.03198294,0.60274166,-0.06543559,0.8103504,-0.009345838,0.97355264,0.09116165,0.584184,-0.66892517,0.76985115,-0.96617967,0.90660787,-0.76736104,0.9531189,-0.53894526,0.5204719,-0.69480646,0.7469187,-1.0,0.90309733,-0.77390933,0.9323435,-0.5376137,0.45258027,-0.7011379,0.6779195,-0.946208,0.8442755,-0.7235957,0.8909044,-0.49244153,0.38295245,-0.6576305,0.5792506,-0.8027153,0.7217734,-0.6644588,0.7780187,-0.49313372
0.0,0.0,-0.26043877,0.0762195,-0.45948043,0.035532977,-0.642297,0.124204,-0.78118664,0.25167808,-0.33460826,-0.7095091,-0.61488914,-0.93603224,-0.7692313,-0.76124626,-0.7985289,-0.55385363,-0.35801437,-0.74352443,-0.68620455,-1.0,-0.8333112,-0.78834075,-0.8366003,-0.59067994,-0.41240823,-0.68547535,-0.74658746,-0.93682295,-0.86870575,-0.7208773,-0.86367095,-0.5333714,-0.5144364,-0.54692376,-0.7715808,-0.7121282,-0.8769091,-0.58442324,-0.88277644,-0.4450381
0.0,0.0,-0.23200428,0.099025145,-0.47203904,0.09896867,-0.66230196,0.1875621,-0.80457634,0.3397521,-0.54585403,-0.463361,-0.74975234,-0.65276825,-0.9103819,-0.5383774,-0.9731993,-0.3753284,-0.51288414,-0.5263973,-0.7659745,-0.7597911,-0.9359442,-0.6151584,-0.9976948,-0.4512929,-0.46748617,-0.54119635,-0.7475868,-0.75713056,-0.9267804,-0.6155104,-1.0,-0.45039308,-0.427079,-0.4731626,-0.6771714,-0.5490893,-0.8361334,-0.4490334,-0.91939247,-0.32979906
0.0,0.0,0.32253635,0.08271205,0.6369573,0.113994285,0.8633979,0.19027194,1.0,0.30047297,0.65574664,-0.54379416,0.86600757,-0.7464066,0.8829006,-0.5192835,0.81288004,-0.34242654,0.5746078,-0.60691303,0.790275,-0.76191145,0.80448264,-0.5304502,0.7299304,-0.3644665,0.48339862,-0.64973104,0.71435875,-0.7957524,0.7485213,-0.5917715,0.7105998,-0.41842338,0.36971465,-0.6590038,0.57105815,-0.7838845,0.70677537,-0.77915066,0.8001384,-0.7750925
0.0,0.0,-0.26331544,0.045787018,-0.5064154,0.028401015,-0.71262735,0.07798903,-0.8568857,0.16923553,-0.43200064,-0.5412673,-0.7755033,-0.57138336,-0.9186587,-0.42149815,-1.0,-0.2407324,-0.41325188,-0.5415666,-0.83965,-0.57553875,-0.95849735,-0.3940336,-0.99225163,-0.19388877,-0.3990248,-0.46785206,-0.7661991,-0.56501293,-0.9166349,-0.42264283,-0.995063,-0.24211627,-0.41068342,-0.32501316,-0.68196267,-0.3822238,-0.8263033,-0.33986625,-0.9268475,-0.2536758
0.0,0.0,-0.2161026,0.05948204,-0.4750766,0.06916314,-0.7179916,0.12234462,-0.90383255,0.18511954,-0.506463,-0.68202287,-0.782313,-0.50404376,-0.8822667,-0.2602871,-0.9227674,-0.050696496,-0.52711046,-0.7501954,-0.8308725,-0.61251885,-0.9499798,-0.45304993,-1.0,-0.28599545,-0.54375905,-0.729056,-0.8296829,-0.64899844,-0.9372731,-0.49629888,-0.982918,-0.3337293,-0.5485194,-0.6477013,-0.7774304,-0.5959381,-0.8645893,-0.46700948,-0.91423416,-0.3166646
0.0,0.0,-0.2862889,0.11422812,-0.5477609,0.08961483,-0.7569981,0.19957249,-0.9167551,0.34571344,-0.42125216,-0.69914657,-0.7334635,-0.86079884,-0.9027025,-0.7044985,-0.9422899,-0.5341054,-0.40793854,-0.7423433,-0.7748966,-0.95175296,-0.9349209,-0.7549376,-0.961087,-0.5856577,-0.42785364,-0.6876231,-0.80446553,-0.93227637,-0.9675026,-0.7329862,-1.0,-0.5603095,-0.499391,-0.5358804,-0.795123,-0.7465955,-0.9440423,-0.6381402,-0.98290575,-0.49455315
0.0,0.0,0.27271253,-0.18446462,0.5386767,-0.27127895,0.75233877,-0.23832893,0.8853889,-0.1576491,0.7023609,-0.5772577,0.94163007,-0.30466557,1.0,-0.039544642,0.9895251,0.14736402,0.63522005,-0.49866706,0.89000475,-0.22862469,0.9698788,0.02157175,0.956137,0.21755803,0.53908753,-0.33919927,0.78484815,-0.13976224,0.881053,0.08481844,0.88612914,0.25864658,0.4404068,-0.11521655,0.65118957,0.027427172,0.74384993,0.14365986,0.77526116,0.24320889
0.0,0.0,0.30056414,-0.005261657,0.5186905,-0.11441204,0.6882616,-0.13769309,0.82564723,-0.12227018,0.4057818,-0.8283343,0.7317801,-1.0,0.8887471,-0.82390606,0.9261474,-0.63063085,0.37153608,-0.8303602,0.7797869,-0.99593127,0.92659074,-0.77061796,0.93087703,-0.5452432,0.38482797,-0.7641943,0.7613881,-0.9540641,0.9162127,-0.75508803,0.9398669,-0.5478796,0.43485487,-0.6393516,0.72425526,-0.8223683,0.86177546,-0.7252843,0.9118309,-0.59622294
0.0,0.0,-0.31510815,0.051783517,-0.56522185,0.05068698,-0.7673462,0.1430527,-0.9244715,0.29040465,-0.52296656,-0.5723691,-0.8521661,-0.5776348,-0.96421444,-0.3800782,-0.9852527,-0.2041219,-0.49477932,-0.61515707,-0.89960384,-0.6325451,-1.0,-0.40578562,-0.996517,-0.20780405,-0.47277698,-0.5662956,-0.86672574,-0.61420786,-0.9762851,-0.39511862,-0.9806871,-0.19905308,-0.48057768,-0.43903485,-0.789833,-0.48592627,-0.90184766,-0.37314987,-0.93426836,-0.24474007
0.0,0.0,0.2892238,0.038222753,0.5315249,-0.059471894,0.6953656,-0.14594649,0.8364341,-0.21337672,0.63951606,-0.59814554,0.8728512,-0.37180567,0.96815443,-0.13192047,1.0,0.066547476,0.6106447,-0.60432863,0.8614007,-0.35422283,0.9583965,-0.121201836,0.99328506,0.08280786,0.563354,-0.52422655,0.82428056,-0.29495767,0.9237602,-0.08050542,0.95914525,0.1075263,0.5185816,-0.36992007,0.74005073,-0.20857145,0.8174899,-0.06103363,0.8427132,0.07749483
0.0,0.0,0.34177884,-0.060509764,0.60749024,-0.1259008,0.8184185,-0.07122368,1.0,0.012177445,0.50227237,-0.76082253,0.78736985,-0.8834974,0.92628604,-0.67677855,0.96287173,-0.46554643,0.44582817,-0.7606541,0.82195866,-0.8783225,0.95871735,-0.63961995,0.95110935,-0.4072385,0.4079341,-0.6874516,0.74880075,-0.8177198,0.8909569,-0.6025635,0.91638654,-0.39333534,0.3871238,-0.54985917,0.6295307,-0.6540945,0.76458687,-0.58219,0.8311034,-0.48524365
0.0,0.0,0.16466069,-0.21172602,0.30665654,-0.43540743,0.38804317,-0.5942366,0.42145482,-0.7187077,0.37345847,-0.7397969,0.729686,-0.904805,0.93518126,-0.7329231,1.0,-0.53744274,0.36038107,-0.68158376,0.7524168,-0.862663,0.95446277,-0.6311588,0.9912269,-0.42263114,0.35873318,-0.5394686,0.72262555,-0.6980248,0.9221261,-0.484735,0.9685177,-0.2974061,0.36931342,-0.3292021,0.6651354,-0.40598544,0.8141524,-0.28539398,0.8565679,-0.14435385
0.0,0.0,-0.16224694,-0.28264353,-0.39680663,-0.5077487,-0.5911028,-0.5988703,-0.7486894,-0.6071181,-0.38048637,-0.6853874,-0.68116546,-0.8105651,-0.84461766,-0.909475,-0.960257,-0.9949581,-0.39675224,-0.654769,-0.7230991,-0.78516227,-0.880256,-0.88589954,-0.9982056,-0.9826411,-0.43694913,-0.5632383,-0.7483078,-0.71263516,-0.8961574,-0.8272676,-1.0,-0.94904184,-0.5012633,-0.4098238,-0.7537713,-0.5712654,-0.87573665,-0.6962434,-0.96268445,-0.80982095
0.0,0.0,0.31515953,-0.041190498,0.5744299,-0.111386135,0.7879309,-0.06466844,0.98046017,0.013382349,0.4337036,-0.7848553,0.6942165,-1.0,0.8502876,-0.80606383,0.89256865,-0.6296695,0.37311426,-0.7969667,0.72806853,-0.982955,0.8845112,-0.7313093,0.8785884,-0.5197857,0.33560812,-0.73817724,0.673445,-0.90207916,0.83965856,-0.6719841,0.864806,-0.47159177,0.3203748,-0.6040352,0.5958595,-0.71230304,0.7500018,-0.593574,0.8017262,-0.4684333
0.0,0.0,-0.2932121,0.062362056,-0.60900134,0.013005361,-0.8359576,0.075918235,-1.0,0.2094637,-0.61177284,-0.5897864,-0.8136119,-0.8698624,-0.93812984,-0.747042,-0.9730964,-0.57616556,-0.5591761,-0.6625902,-0.8105695,-0.9740767,-0.95369464,-0.7960384,-0.9758799,-0.5778641,-0.5035088,-0.70331347,-0.777804,-0.98712385,-0.92735785,-0.7714547,-0.9529905,-0.54194254,-0.46081713,-0.7033793,-0.72004616,-0.86224556,-0.856416,-0.7196063,-0.9001171,-0.5408701
0.0,0.0,0.28978094,0.06444959,0.5077338,-0.0069142985,0.7414756,0.01369524,0.93590534,0.06046427,0.32530004,-0.7469612,0.6095256,-0.9462182,0.7680454,-0.7795321,0.8159462,-0.59113365,0.29869944,-0.79645556,0.64257455,-0.99723333,0.8108853,-0.80008906,0.83775777,-0.5842201,0.30913052,-0.7785314,0.6473441,-1.0,0.81533176,-0.80428797,0.8411014,-0.5890115,0.36390838,-0.6957119,0.6425674,-0.85684884,0.77849084,-0.72874564,0.8090096,-0.55576485
0.0,0.0,-0.27424744,-0.022217652,-0.5219442,-0.07783777,-0.710041,-0.021421334,-0.85706013,0.079052284,-0.5223652,-0.59473646,-0.7216275,-0.8651253,-0.8862202,-0.9035641,-1.0,-0.9084802,-0.4488187,-0.6292175,-0.6952348,-0.9226236,-0.83846015,-0.7551118,-0.8688751,-0.5738421,-0.3781967,-0.59196854,-0.6142262,-0.88921416,-0.7595826,-0.69856185,-0.789506,-0.5121563,-0.3196228,-0.49034446,-0.51055515,-0.6565568,-0.6497128,-0.5677426,-0.7115535,-0.46218753
0.0,0.0,-0.300687,0.06917107,-0.5530948,0.06569935,-0.7803605,0.14926082,-0.94941896,0.23971131,-0.4227982,-0.75232834,-0.7963374,-0.86280143,-0.9406643,-0.6152434,-0.97121334,-0.35121667,-0.41384348,-0.79853487,-0.8692033,-0.91718584,-1.0,-0.638971,-0.9937969,-0.36335105,-0.4305084,-0.73609114,-0.84783137,-0.86057585,-0.97855484,-0.5982003,-0.9832254,-0.32742038,-0.50144595,-0.5866258,-0.81065464,-0.6301687,-0.91081494,-0.44655254,-0.92709136,-0.25161237
0.0,0.0,-0.2702476,0.029748885,-0.5266933,0.032856356,-0.71881104,0.12731728,-0.84399515,0.22123563,-0.469145,-0.55888885,-0.7651249,-0.709448,-0.9182102,-0.5704037,-1.0,-0.3905392,-0.43913418,-0.5410271,-0.82207054,-0.6788343,-0.9544172,-0.48930895,-0.9707736,-0.29606807,-0.41101953,-0.46773002,-0.73970836,-0.61578447,-0.88846076,-0.4531345,-0.9326066,-0.26744515,-0.40445364,-0.3462491,-0.64732337,-0.43492198,-0.778651,-0.3755515,-0.8487346,-0.28806978
0.0,0.0,-0.21805352,-0.11150483,-0.41710895,-0.28409186,-0.5864227,-0.359629,-0.73468465,-0.35857224,-0.25864547,-0.66788864,-0.33940306,-0.9736719,-0.46891776,-0.94209707,-0.54533243,-0.83251184,-0.20065711,-0.6805523,-0.32398432,-1.0,-0.47730824,-0.9454683,-0.5406445,-0.80527353,-0.15571754,-0.65897566,-0.28867126,-0.9697214,-0.45235988,-0.92288965,-0.53028524,-0.80212474,-0.12769704,-0.6196005,-0.26532754,-0.8318984,-0.39290276,-0.83618945,-0.4682424,-0.7765365
0.0,0.0,-0.2833802,0.057036757,-0.5327766,0.050505113,-0.73993945,0.1342013,-0.8745451,0.21082924,-0.3873502,-0.73997563,-0.7194842,-0.89761364,-0.90688336,-0.72632897,-1.0,-0.5008977,-0.39293343,-0.71182495,-0.8475788,-0.8495869,-0.98913354,-0.63091165,-0.99669284,-0.3994058,-0.4099511,-0.6205417,-0.7954358,-0.7325433,-0.9507773,-0.546842,-0.994187,-0.33728188,-0.45857432,-0.45462215,-0.752037,-0.50828326,-0.8810697,-0.39037767,-0.93777966,-0.25200018
0.0,0.0,-0.27429125,0.056189418,-0.5108591,0.018829277,-0.7399563,0.05647517,-0.91922826,0.15018548,-0.436716,-0.6901761,-0.8197445,-0.6759676,-0.9402754,-0.4279184,-0.9604409,-0.21818283,-0.41158527,-0.7818574,-0.8636083,-0.7932732,-0.9877391,-0.5288431,-1.0,-0.28589413,-0.4093583,-0.74796546,-0.8351565,-0.80031985,-0.96229875,-0.5654995,-0.9789874,-0.32458523,-0.45597452,-0.6228208,-0.77038234,-0.61594474,-0.874715,-0.45214376,-0.9048259,-0.27407858
0.0,0.0,0.33375153,-0.09350817,0.5804178,-0.2541703,0.7598275,-0.37496746,0.8850342,-0.43050215,0.63728756,-0.7801759,0.8936577,-0.60432667,0.9879323,-0.36020347,1.0,-0.16781567,0.6020814,-0.7421028,0.8752726,-0.5541059,0.9674988,-0.31469536,0.960576,-0.11399151,0.55715966,-0.58595645,0.8224276,-0.4235964,0.9187101,-0.2201575,0.9212081,-0.04179949,0.5188584,-0.34943762,0.76685077,-0.19598517,0.8643545,-0.06120825,0.8892547,0.06869848
0.0,0.0,0.28190705,0.055422295,0.50967276,-0.022486713,0.74681175,0.021929255,0.93710035,0.09985416,0.339524,-0.74678415,0.6476125,-0.93913424,0.80556655,-0.75356615,0.83724856,-0.54074913,0.3067328,-0.7905824,0.6616008,-0.99370563,0.8255386,-0.7767435,0.84040934,-0.549493,0.31855068,-0.7696808,0.6726598,-1.0,0.835578,-0.8006315,0.85317326,-0.5842568,0.37568027,-0.68525195,0.65920943,-0.8632325,0.79463005,-0.7314354,0.82178104,-0.5512303
0.0,0.0,0.26783073,-0.014274295,0.49320373,-0.11961873,0.6435833,-0.19894992,0.7684754,-0.29922262,0.5514197,-0.62850785,0.78533334,-0.71398693,0.9410014,-0.54175556,1.0,-0.34058586,0.5428498,-0.6132185,0.8112847,-0.68558776,0.96373725,-0.50056475,0.9944299,-0.2980017,0.5279209,-0.50997156,0.8128786,-0.53171766,0.9633987,-0.35530788,0.99803984,-0.17751157,0.5178592,-0.32121998,0.76921487,-0.22405206,0.8742508,-0.08911992,0.8899161,0.046818413
0.0,0.0,-0.2106427,0.05139476,-0.4285724,0.0429402,-0.60117716,0.08338087,-0.73807085,0.16946416,-0.48580635,-0.32632974,-0.74735415,-0.36353788,-0.8992925,-0.3069,-0.9987131,-0.21396999,-0.4536269,-0.35188192,-0.7347437,-0.42163005,-0.89708525,-0.36429584,-1.0,-0.26526865,-0.40305787,-0.3490359,-0.6655371,-0.44309714,-0.8306929,-0.41251078,-0.94730073,-0.34993178,-0.34262335,-0.32209668,-0.53329664,-0.45411468,-0.6583743,-0.5055161,-0.7598518,-0.532656
0.0,0.0,0.29185957,-0.0054924004,0.5781227,-0.061697662,0.79821295,-0.006086304,0.9629643,0.11918451,0.5326882,-0.67189646,0.7003094,-0.96703047,0.8144309,-0.80313236,0.8396612,-0.61635727,0.45941588,-0.712791,0.6891395,-1.0,0.8088805,-0.78136355,0.79603744,-0.5667626,0.3851859,-0.71507865,0.6214246,-0.93813765,0.7577279,-0.71355927,0.775322,-0.49718598,0.31081027,-0.65654904,0.52965987,-0.75393087,0.6798028,-0.6197692,0.74453443,-0.4732252
0.0,0.0,-0.31293786,0.11948185,-0.6102947,0.1346943,-0.79975444,0.18876238,-0.9234192,0.25727862,-0.5288322,-0.56921804,-0.76867044,-0.68818843,-0.903113,-0.7156418,-1.0,-0.72041684,-0.4766774,-0.6536987,-0.73873305,-0.78150207,-0.8870984,-0.78726673,-0.9942138,-0.78949934,-0.44517988,-0.66278964,-0.71258086,-0.8079282,-0.8723196,-0.81662446,-0.9749913,-0.82136977,-0.44850183,-0.59676534,-0.6797198,-0.7464773,-0.81933516,-0.79885507,-0.90952605,-0.82937807
0.0,0.0,-0.21369722,0.13041995,-0.46917105,0.09948077,-0.6686563,0.16368464,-0.82703936,0.2586096,-0.32980537,-0.6403846,-0.5099046,-0.8820402,-0.6817711,-0.7615146,-0.7269059,-0.5882927,-0.3034915,-0.7382671,-0.5893317,-1.0,-0.7574095,-0.81312615,-0.7937706,-0.6087631,-0.30882555,-0.74698675,-0.6490397,-0.9838793,-0.8126468,-0.7688383,-0.8539733,-0.5448485,-0.36217815,-0.6623372,-0.66523993,-0.743719,-0.79888827,-0.56976855,-0.8437832,-0.37106308
0.0,0.0,-0.20468809,0.14130493,-0.4502559,0.11356961,-0.6442274,0.16314065,-0.79376525,0.23706757,-0.27633345,-0.6476217,-0.4533539,-0.8773267,-0.631688,-0.80687106,-0.69883174,-0.6776028,-0.25695607,-0.74237245,-0.53187484,-1.0,-0.7197208,-0.87599915,-0.7921771,-0.7065425,-0.275322,-0.74170923,-0.6174014,-0.968077,-0.79585624,-0.80949616,-0.865589,-0.6161108,-0.34252945,-0.6440251,-0.6499718,-0.73006326,-0.7921582,-0.60144544,-0.85620815,-0.4344453
0.0,0.0,-0.26353967,-0.03602537,-0.5033325,-0.05855361,-0.6916468,-0.016068831,-0.8293325,0.025475705,-0.46192384,-0.5383944,-0.7434181,-0.6695552,-0.90256083,-0.63193625,-1.0,-0.57857835,-0.4505745,-0.5122792,-0.77639997,-0.62694865,-0.92081887,-0.56288034,-0.9986364,-0.48610455,-0.43611,-0.41878963,-0.7492718,-0.504721,-0.89384574,-0.423503,-0.9759297,-0.3365752,-0.42565882,-0.27195123,-0.65380734,-0.27690372,-0.7776634,-0.21745247,-0.85973376,-0.15221338
0.0,0.0,-0.16011232,-0.21160747,-0.2608498,-0.42573503,-0.3856423,-0.54009455,-0.499197,-0.61011785,0.020191321,-0.6791376,-0.05759314,-0.9440548,-0.19059484,-0.97577995,-0.3059189,-0.93256646,0.04172845,-0.6755718,-0.056406002,-0.9895282,-0.2085849,-1.0,-0.3176534,-0.91652095,0.02464177,-0.65782267,-0.05563697,-0.9680602,-0.20614128,-0.98918414,-0.3207014,-0.92597264,-0.037461184,-0.63399714,-0.124383464,-0.86113214,-0.23493212,-0.9100755,-0.3362789,-0.89715004
0.0,0.0,-0.30761346,0.06566616,-0.5864061,0.03171314,-0.8025908,0.13243847,-0.969148,0.26078475,-0.5134767,-0.7145648,-0.770083,-0.9024395,-0.89375764,-0.6893808,-0.91001815,-0.43486705,-0.47259474,-0.78294367,-0.79830277,-0.9944596,-0.9427591,-0.7497945,-0.9613924,-0.49198163,-0.44974262,-0.7759041,-0.7939493,-1.0,-0.9519754,-0.7502128,-0.9851419,-0.49048412,-0.47669193,-0.68653077,-0.7774386,-0.8023292,-0.9170084,-0.6239908,-0.96957815,-0.41773698
0.0,0.0,-0.1938626,-0.16281153,-0.32302132,-0.37216645,-0.4512942,-0.48110503,-0.57176775,-0.5389391,-0.082546815,-0.6838975,-0.14620003,-0.9492781,-0.27955303,-0.9570929,-0.38156906,-0.88991773,-0.038744662,-0.69643974,-0.117832184,-0.997432,-0.27755475,-0.99495363,-0.37856388,-0.90152687,-0.029803295,-0.68337506,-0.118770376,-1.0,-0.28361347,-0.996145,-0.38876435,-0.91186404,-0.06344878,-0.658951,-0.17146656,-0.89127487,-0.29570413,-0.91851914,-0.38561672,-0.879888
0.0,0.0,0.3388704,0.037993293,0.6338607,0.018784959,0.84679925,0.056534115,0.970224,0.15106784,0.6058152,-0.6839803,0.7823057,-0.9682735,0.9012651,-0.7595189,0.9124973,-0.5394991,0.5214079,-0.70850974,0.7494145,-1.0,0.8832004,-0.7436162,0.87859994,-0.51668805,0.45057863,-0.6932058,0.6721492,-0.9383454,0.8256538,-0.68846345,0.84479004,-0.4647697,0.38548037,-0.61006814,0.5870232,-0.7575666,0.7287706,-0.61172515,0.7759091,-0.4524066
0.0,0.0,0.1526634,-0.21879622,0.26694265,-0.44976565,0.31216684,-0.62352157,0.31517458,-0.7655744,0.3643512,-0.73551273,0.7281245,-0.88966507,0.9317108,-0.7178805,1.0,-0.5236815,0.35224003,-0.67333096,0.7546203,-0.8453272,0.95317274,-0.6155606,0.9908966,-0.4096654,0.3613492,-0.53019935,0.730848,-0.6816587,0.93371564,-0.47694477,0.98610926,-0.29378325,0.38572672,-0.32586604,0.68707997,-0.4018289,0.8400745,-0.28247195,0.8906251,-0.14622152
0.0,0.0,-0.31083575,0.08315902,-0.5583281,0.04755485,-0.7784163,0.0925617,-0.94829875,0.17915793,-0.41886964,-0.71514153,-0.7696893,-0.9102557,-0.9341309,-0.71250653,-0.96465135,-0.50061953,-0.38427934,-0.76777834,-0.8068496,-0.9094556,-0.9789099,-0.6911726,-1.0,-0.47976547,-0.38392714,-0.6990746,-0.7842212,-0.8210663,-0.93728644,-0.61951184,-0.95743215,-0.41176382,-0.4293466,-0.539007,-0.7185995,-0.58430177,-0.8344955,-0.43759695,-0.8648772,-0.27452147
0.0,0.0,0.22464879,0.033998776,0.5174037,-0.022015681,0.7506194,0.047099043,0.94634855,0.14156389,0.47594443,-0.6550975,0.68142897,-0.933011,0.7989101,-0.75948876,0.8075915,-0.57246894,0.41786653,-0.69152504,0.65575355,-1.0,0.79316986,-0.7944858,0.79015714,-0.5901535,0.3598287,-0.69781804,0.6106156,-0.95886284,0.76260155,-0.74231714,0.7786605,-0.53834045,0.30528566,-0.64474803,0.5447225,-0.7854542,0.6886517,-0.6485388,0.71730715,-0.50109416
0.0,0.0,0.09626181,-0.2617391,0.19888791,-0.4988212,0.2471707,-0.65235436,0.2684096,-0.75830024,0.34280336,-0.74144185,0.7242322,-0.9152648,0.9304783,-0.73157734,1.0,-0.5297604,0.33617485,-0.67435956,0.75491285,-0.86790556,0.958401,-0.6213591,0.99875987,-0.40335074,0.34743282,-0.53036696,0.73374575,-0.68911326,0.94152784,-0.46201116,0.99930596,-0.2691607,0.37509674,-0.32068953,0.69422615,-0.3856577,0.85615486,-0.25984672,0.915616,-0.12713075
0.0,0.0,-0.21123753,-0.14311934,-0.38384604,-0.3348892,-0.5329992,-0.43094194,-0.6715313,-0.4565345,-0.21070142,-0.67710733,-0.271098,-0.9743872,-0.3925137,-0.9541959,-0.46313325,-0.85273993,-0.15606423,-0.6856281,-0.25686616,-1.0,-0.4028006,-0.97517556,-0.47019607,-0.8473848,-0.11696905,-0.6644557,-0.2305653,-0.9690252,-0.38672388,-0.94854194,-0.4678144,-0.8402612,-0.095929556,-0.62987477,-0.21925986,-0.8420891,-0.33818534,-0.8672095,-0.4144225,-0.820758
0.0,0.0,-0.27514437,0.017735964,-0.5256551,-0.0061901077,-0.7033262,0.026268108,-0.82719433,0.04964128,-0.48568454,-0.5581403,-0.830961,-0.63962626,-0.964817,-0.4536415,-0.9850697,-0.28349778,-0.4953835,-0.53751117,-0.8768165,-0.64727587,-0.9781507,-0.44037375,-0.9768241,-0.2696119,-0.51182914,-0.42617798,-0.875851,-0.5448958,-0.9816481,-0.3767276,-0.99701595,-0.22459659,-0.53888386,-0.23815966,-0.8162865,-0.29521325,-0.942654,-0.21837588,-1.0,-0.14284997
0.0,0.0,0.18819393,-0.30595303,0.4243014,-0.4996945,0.62883466,-0.55226195,0.7905197,-0.5019628,0.6147236,-0.7995251,0.85946846,-0.7053391,0.96928966,-0.48425636,1.0,-0.30119705,0.6053021,-0.72324616,0.84527916,-0.5871804,0.95669997,-0.38028282,0.97934455,-0.19935071,0.58466375,-0.5565935,0.8112631,-0.42294315,0.92830807,-0.24340288,0.9640511,-0.08700961,0.56263655,-0.31614184,0.7765382,-0.16226712,0.87533545,-0.033831373,0.9179332,0.08265163
0.0,0.0,-0.31494185,0.07717963,-0.59968907,0.05703157,-0.8355695,0.1546262,-0.9948014,0.25272176,-0.44083273,-0.7597124,-0.7424108,-0.97263306,-0.9011411,-0.7584117,-0.94544244,-0.4854572,-0.41921213,-0.810522,-0.8036378,-1.0,-0.9524404,-0.7570704,-0.9634152,-0.4872675,-0.4212484,-0.7755668,-0.8051379,-0.97034025,-0.9631958,-0.71600676,-0.9918482,-0.43476108,-0.4836674,-0.6588242,-0.79373646,-0.7451625,-0.91863054,-0.5516387,-0.95290536,-0.32836223
0.0,0.0,-0.285593,0.08531189,-0.52991,0.09862006,-0.71935,0.1991801,-0.844929,0.3113738,-0.495582,-0.5473071,-0.82688916,-0.6546141,-0.9663875,-0.45898864,-1.0,-0.25050202,-0.46176758,-0.54357505,-0.864343,-0.6145702,-0.99106985,-0.3866385,-0.9749413,-0.19038609,-0.4434271,-0.46296248,-0.8078889,-0.5640541,-0.9422174,-0.3560829,-0.9507165,-0.16331665,-0.4527135,-0.32116163,-0.73249364,-0.38075146,-0.8388112,-0.26918313,-0.86333245,-0.14754167
0.0,0.0,0.27558985,-0.09129209,0.4474258,-0.24607764,0.60056394,-0.35025385,0.7481671,-0.42901495,0.27998745,-0.6529885,0.6550414,-0.8738361,0.86831164,-0.72680527,0.967621,-0.55106527,0.25332883,-0.63622683,0.69826317,-0.8821746,0.9244912,-0.66722304,0.9918468,-0.45161507,0.26968592,-0.5284343,0.6848606,-0.75513047,0.9185101,-0.5523311,1.0,-0.34203535,0.32308146,-0.35070422,0.6448053,-0.4971481,0.82292396,-0.37923476,0.8989389,-0.21906991
0.0,0.0,0.30465087,0.09121746,0.53026307,0.05343173,0.7014894,0.100573175,0.83649224,0.19433403,0.5908106,-0.33562636,0.7767506,-0.39948663,0.9113892,-0.3279776,1.0,-0.24418803,0.5539345,-0.4321705,0.76633406,-0.5822055,0.8923378,-0.44673797,0.9381978,-0.28120163,0.4903375,-0.500734,0.6980199,-0.7320635,0.80182934,-0.5567712,0.8234333,-0.34599033,0.41667852,-0.52843165,0.61255646,-0.6810144,0.72961205,-0.5583694,0.7848126,-0.38390806
0.0,0.0,0.33044413,-0.09791952,0.51658905,-0.26841545,0.6417158,-0.3751155,0.7393523,-0.45235577,0.37217885,-0.6917114,0.62229484,-0.79956573,0.8125309,-0.81176174,0.9571135,-0.789952,0.34671527,-0.67299515,0.650238,-0.8145948,0.854257,-0.8129878,1.0,-0.774971,0.34495828,-0.6100478,0.629616,-0.7479866,0.8265773,-0.75519705,0.96955705,-0.7262494,0.38160825,-0.47923243,0.6005309,-0.6037391,0.74738234,-0.6396112,0.85670173,-0.64274496
0.0,0.0,-0.30522674,0.06662102,-0.55818945,0.05636232,-0.739369,0.13033313,-0.8692896,0.23631632,-0.50823975,-0.5703343,-0.7706825,-0.6735163,-0.9208486,-0.57342875,-1.0,-0.4608665,-0.47915846,-0.60988504,-0.8232795,-0.70031434,-0.96306515,-0.5192536,-0.9896841,-0.3503777,-0.4649737,-0.5652847,-0.79806155,-0.63453597,-0.94393986,-0.44115695,-0.9799642,-0.27095926,-0.483194,-0.4386508,-0.7456741,-0.48652306,-0.86528367,-0.36634248,-0.90812784,-0.23614037
0.0,0.0,-0.24538094,0.0038795301,-0.52827746,-0.004141355,-0.75882745,0.052157704,-0.92312497,0.1405169,-0.48041296,-0.5068465,-0.6994768,-0.6766841,-0.85220563,-0.67109406,-0.97664267,-0.6117771,-0.46444085,-0.5619876,-0.7196218,-0.731544,-0.8849587,-0.7258538,-1.0,-0.65960425,-0.44476008,-0.5668114,-0.68551385,-0.7255097,-0.83848953,-0.7064538,-0.942434,-0.6310532,-0.4295461,-0.5482971,-0.63070095,-0.68216324,-0.75894445,-0.6963975,-0.85093516,-0.66305816
0.0,0.0,0.30690828,-0.050914045,0.52997994,-0.19004829,0.7094607,-0.2710402,0.8671766,-0.3280527,0.46529987,-0.62349623,0.7509254,-0.80621934,0.922336,-0.62615174,1.0,-0.43003437,0.41659585,-0.60638165,0.751952,-0.731684,0.9333289,-0.5047295,0.99511707,-0.28973758,0.38245836,-0.4937266,0.71201146,-0.5765845,0.89569175,-0.38147277,0.96879417,-0.18765776,0.36940277,-0.3069979,0.6475427,-0.32725862,0.79952884,-0.21483544,0.8767507,-0.07911144
0.0,0.0,-0.30921164,0.098403625,-0.6003518,0.087299086,-0.84087825,0.17727235,-1.0,0.2821857,-0.4427813,-0.7611043,-0.8224449,-0.91131574,-0.9710037,-0.63520896,-0.96666807,-0.35479242,-0.4123307,-0.8295165,-0.8470609,-0.99055636,-0.99352527,-0.70513284,-0.9740701,-0.4353628,-0.41752756,-0.7796986,-0.8384875,-0.9561356,-0.9859729,-0.687734,-0.9730112,-0.41967526,-0.4821078,-0.6343664,-0.8038397,-0.7446776,-0.9374736,-0.560039,-0.95328104,-0.34638107
0.0,0.0,-0.15630516,0.074686304,-0.38239208,0.10384527,-0.5960388,0.22447143,-0.77205825,0.29301134,-0.2464044,-0.6735375,-0.5300075,-0.8477366,-0.70927984,-0.7472208,-0.7580765,-0.63835377,-0.2753399,-0.72437525,-0.629219,-1.0,-0.8025705,-0.8830048,-0.8537502,-0.7338062,-0.32776263,-0.6670286,-0.7390804,-0.87331265,-0.9083723,-0.66778135,-0.9690533,-0.47119257,-0.40766218,-0.5029917,-0.74588454,-0.5902394,-0.8811193,-0.42577195,-0.9337687,-0.25838986
0.0,0.0,0.24485269,-0.053949047,0.5012139,-0.17681095,0.6854776,-0.26663837,0.8212056,-0.2738033,0.677246,-0.6785795,0.9137893,-0.3800813,0.99445134,-0.075773224,1.0,0.1759809,0.6237178,-0.65746224,0.8672149,-0.3536305,0.9519178,-0.05256765,0.9503839,0.19882211,0.5456133,-0.52711517,0.80135727,-0.2783473,0.8927936,0.004498414,0.90667397,0.23744503,0.46622846,-0.31373867,0.6941684,-0.09961173,0.76431185,0.07943601,0.7733049,0.23433714
0.0,0.0,-0.27223948,0.08428812,-0.5116496,0.059850883,-0.7195063,0.11446069,-0.8762374,0.23166047,-0.44931978,-0.5689354,-0.83008957,-0.7119717,-0.9765493,-0.50250185,-1.0,-0.28545722,-0.41118795,-0.60692656,-0.8502334,-0.7105096,-0.9898761,-0.45547998,-0.99049973,-0.2373751,-0.39809546,-0.55440813,-0.81059766,-0.6990731,-0.95506144,-0.456039,-0.9697363,-0.23503003,-0.42646295,-0.42745215,-0.73082983,-0.5220918,-0.8542024,-0.38442302,-0.8872249,-0.22545506
0.0,0.0,-0.26586398,0.05586237,-0.52768224,0.059405524,-0.7118883,0.16618553,-0.8433421,0.31311545,-0.5417244,-0.5027257,-0.7765832,-0.76525587,-0.9320088,-0.643317,-1.0,-0.45820358,-0.49336362,-0.5217825,-0.79048324,-0.7845259,-0.9392674,-0.6004831,-0.9536326,-0.3959471,-0.4400465,-0.4876904,-0.7122728,-0.73960394,-0.8805368,-0.5761588,-0.93283165,-0.39008492,-0.39208382,-0.3987914,-0.6026797,-0.5170021,-0.7523951,-0.4617369,-0.838465,-0.38329312
0.0,0.0,0.3055579,-0.13166042,0.5252331,-0.25451785,0.7168559,-0.3026412,0.86286795,-0.3410758,0.3997296,-0.7356307,0.7655942,-0.7824391,0.9382573,-0.57616794,0.999895,-0.37779012,0.3684772,-0.6948462,0.7725099,-0.7810963,0.9581531,-0.5365763,1.0,-0.3028234,0.36225718,-0.5463868,0.73354805,-0.6346857,0.93086785,-0.41270223,0.9879098,-0.19110735,0.3852923,-0.32239348,0.6923859,-0.35091016,0.8524169,-0.22499524,0.91656953,-0.0708703
0.0,0.0,0.27455324,-0.14363398,0.45250845,-0.34460998,0.6224532,-0.47390482,0.7714344,-0.5555184,0.31539395,-0.6888637,0.6592983,-0.8795349,0.87461376,-0.70796126,0.9811083,-0.5125431,0.26461127,-0.65182185,0.6823181,-0.83113444,0.9206576,-0.6057557,1.0,-0.38136002,0.25408348,-0.5231564,0.6498309,-0.70463157,0.89097255,-0.5044322,0.9782956,-0.29617894,0.27430168,-0.33316937,0.5981907,-0.44487324,0.7807483,-0.33247176,0.8609337,-0.18121617
0.0,0.0,-0.2553319,0.084973596,-0.5104798,0.10077617,-0.69158185,0.20875274,-0.8255166,0.36530533,-0.56260526,-0.46085903,-0.7908984,-0.72877616,-0.9421927,-0.59926194,-1.0,-0.40735945,-0.5172719,-0.48786113,-0.8028215,-0.7475533,-0.96045053,-0.5630904,-0.97881436,-0.36098722,-0.4650894,-0.461845,-0.73866034,-0.7099303,-0.91387415,-0.537174,-0.96713555,-0.34681758,-0.41652337,-0.38557333,-0.63581234,-0.51235425,-0.78939867,-0.43644664,-0.8739432,-0.3339294
0.0,0.0,-0.21484825,0.12755409,-0.4687234,0.19670956,-0.6654523,0.3040455,-0.7830419,0.42057785,-0.54681647,-0.42013714,-0.8704448,-0.36032617,-0.9785945,-0.1800957,-1.0,-0.019808402,-0.5499292,-0.48236042,-0.8729329,-0.4963792,-0.9641998,-0.32895008,-0.97947127,-0.15920839,-0.54171014,-0.45885113,-0.83898515,-0.48816916,-0.924288,-0.33812946,-0.94383067,-0.18899024,-0.526408,-0.37914935,-0.75210273,-0.38827637,-0.84442747,-0.2874808,-0.8803798,-0.15891747
0.0,0.0,-0.3072586,0.052696157,-0.5214013,0.01118646,-0.7300753,0.05997748,-0.89781153,0.13009834,-0.39194858,-0.7290559,-0.71641904,-0.9341583,-0.887714,-0.7631231,-0.93787897,-0.5519442,-0.37723517,-0.7590076,-0.7633584,-1.0,-0.9404901,-0.7832522,-0.9609136,-0.55514187,-0.38855317,-0.6786919,-0.76556927,-0.8510415,-0.9362855,-0.6371147,-0.96457857,-0.43608773,-0.45264363,-0.50878555,-0.75101185,-0.6101459,-0.8732763,-0.45552668,-0.89447474,-0.30400324
0.0,0.0,-0.24275115,0.053824343,-0.47505608,0.0006367363,-0.69650495,0.056778982,-0.8619452,0.16586763,-0.37705258,-0.72775805,-0.69387436,-0.9047151,-0.8569862,-0.7176603,-0.9031356,-0.52056944,-0.35914257,-0.7874919,-0.71655446,-1.0,-0.880401,-0.7966104,-0.9053659,-0.59260225,-0.36676475,-0.7291404,-0.7059428,-0.96056175,-0.873738,-0.78211373,-0.9147787,-0.5990594,-0.42460567,-0.5870315,-0.6878708,-0.75324136,-0.8398773,-0.6494835,-0.901175,-0.5279737
0.0,0.0,0.3033996,-0.19657387,0.52053016,-0.29773232,0.6895836,-0.30205208,0.80627275,-0.2827513,0.49004894,-0.85035247,0.81770533,-0.7736783,0.9159248,-0.53686374,0.9280922,-0.35394728,0.50667936,-0.81281,0.8855423,-0.6976215,0.9641902,-0.42371595,0.93005407,-0.20369439,0.5309372,-0.65119004,0.8725067,-0.55897254,0.94708806,-0.29248288,0.9190065,-0.06424227,0.5657582,-0.40987605,0.8292622,-0.3128918,0.95296335,-0.16230613,1.0,0.0020290376
0.0,0.0,0.22780652,0.011954106,0.39890432,-0.10000729,0.5698336,-0.12651841,0.71543556,-0.1086515,0.20008357,-0.7420558,0.44319245,-0.96253765,0.59787005,-0.8471208,0.650347,-0.6872688,0.19273432,-0.76134884,0.47063944,-1.0,0.639164,-0.86592305,0.67583656,-0.6824977,0.22253597,-0.7272127,0.4904833,-0.99207926,0.6580408,-0.86416215,0.6949351,-0.6867384,0.29149237,-0.6439985,0.51202446,-0.85262454,0.64337915,-0.7749117,0.6810308,-0.638845
0.0,0.0,0.26482755,0.09661055,0.5534785,0.10344496,0.7886611,0.15925185,0.96674395,0.25709558,0.6952686,-0.3940908,0.9424023,-0.6587385,1.0,-0.5286138,0.9816673,-0.38548848,0.6256634,-0.4950344,0.89320815,-0.8041766,0.9316469,-0.5779596,0.8725893,-0.3712622,0.53197604,-0.5781718,0.7934486,-0.8498493,0.8383382,-0.5826317,0.7886681,-0.3537532,0.41802552,-0.62970287,0.6482651,-0.7714897,0.7322559,-0.5877952,0.7313311,-0.4098863
0.0,0.0,-0.29781774,0.06763233,-0.57317036,0.03284856,-0.7901537,0.1266409,-0.96230656,0.25040913,-0.5037264,-0.7029623,-0.75942737,-0.8837888,-0.88362837,-0.6795224,-0.8997255,-0.4364704,-0.46634963,-0.7777005,-0.7844096,-0.9897825,-0.929009,-0.7478552,-0.9484583,-0.49600562,-0.44694176,-0.777204,-0.78442365,-1.0,-0.9377037,-0.75572085,-0.96565115,-0.5022515,-0.47572085,-0.6962854,-0.7674225,-0.8069749,-0.9015297,-0.63173246,-0.94846195,-0.4286812
0.0,0.0,0.28587502,0.13085964,0.5290012,0.1410923,0.7117768,0.22195932,0.85043526,0.3336708,0.6179214,-0.29679227,0.8039863,-0.3872708,0.9258453,-0.33850476,1.0,-0.26870263,0.58130693,-0.40436605,0.7935133,-0.59684646,0.8915316,-0.4885217,0.9036336,-0.33038333,0.5211766,-0.48435917,0.73095727,-0.69988495,0.81981856,-0.53171235,0.8193795,-0.318633,0.44839483,-0.5292899,0.6392759,-0.6917101,0.7537333,-0.5859169,0.80462414,-0.40794885
0.0,0.0,-0.29598492,0.050204474,-0.53273606,0.048824083,-0.7226886,0.1512088,-0.8733518,0.2869173,-0.49453926,-0.60885596,-0.7908597,-0.6691155,-0.92594236,-0.4852239,-0.9683942,-0.291291,-0.4687677,-0.6398341,-0.8512047,-0.70013946,-0.98918927,-0.48719743,-1.0,-0.26372358,-0.45877957,-0.5899524,-0.8322915,-0.65405947,-0.96356803,-0.4435913,-0.9808462,-0.23406638,-0.48113906,-0.46581134,-0.7729306,-0.4855008,-0.87548363,-0.35713536,-0.90266114,-0.20676202
0.0,0.0,0.29973155,0.0700077,0.5387871,-0.013270045,0.71162087,-0.05602151,0.844032,-0.040442992,0.64489174,-0.57423466,0.8796153,-0.3384627,0.9802717,-0.086816795,1.0,0.12256303,0.6122612,-0.55664784,0.8806299,-0.33042815,0.9696129,-0.067803755,0.96967643,0.14985351,0.5676968,-0.44062638,0.8461724,-0.26221406,0.93679625,-0.017686164,0.9411751,0.17974918,0.5212178,-0.24915308,0.7644937,-0.08270344,0.8568516,0.073780544,0.8825779,0.21452032
0.0,0.0,0.35677335,0.060618103,0.61947334,0.022497462,0.8321992,0.089976944,1.0,0.19164607,0.6444545,-0.55269367,0.848005,-0.7796203,0.9254333,-0.63165414,0.9165964,-0.47446713,0.5873789,-0.63056296,0.8226562,-0.8967454,0.90041125,-0.68234813,0.85315734,-0.46916154,0.5173207,-0.68474036,0.7634968,-0.97310805,0.85870755,-0.74509925,0.83374965,-0.5182695,0.44174322,-0.6927981,0.68527687,-0.8774785,0.81178516,-0.73502654,0.84988976,-0.56823444
0.0,0.0,-0.30691972,0.011183148,-0.5073103,-0.03496537,-0.69774616,-0.009056854,-0.8542363,0.048544027,-0.32743737,-0.7619209,-0.6579696,-1.0,-0.8478222,-0.8645058,-0.91868347,-0.6757378,-0.30952963,-0.75460434,-0.7111309,-0.998616,-0.90284723,-0.8076906,-0.9360847,-0.59086484,-0.33421013,-0.64868194,-0.72090656,-0.818055,-0.8955714,-0.6370191,-0.93140596,-0.45217296,-0.40820554,-0.46990424,-0.71671194,-0.5679848,-0.82921255,-0.44658938,-0.8475021,-0.32040322
0.0,0.0,0.30900976,0.06320473,0.53107977,-0.02184585,0.7475631,-0.010792275,0.93462986,0.044986024,0.3446126,-0.76614195,0.6442345,-0.93164754,0.8015925,-0.74973893,0.8394889,-0.55348843,0.323496,-0.8083933,0.67503154,-1.0,0.83846563,-0.7975578,0.8550333,-0.57819694,0.34167472,-0.7731402,0.692097,-0.9824244,0.85741234,-0.78729755,0.87661636,-0.5751105,0.40787646,-0.6689437,0.69808555,-0.8198219,0.8366852,-0.6958727,0.86997604,-0.5329789
0.0,0.0,0.21892919,0.049171537,0.49103332,-0.0018408516,0.70459485,0.08107475,0.86778307,0.18800731,0.46646792,-0.665471,0.6251154,-0.9503207,0.7523026,-0.81991047,0.79042107,-0.63971084,0.38998064,-0.72182053,0.5948859,-1.0,0.7311757,-0.8111833,0.7377386,-0.5920011,0.31798404,-0.72009003,0.5446774,-0.9188758,0.6869315,-0.7131388,0.7055051,-0.49937838,0.24634247,-0.6430774,0.4648082,-0.7331767,0.594714,-0.5985738,0.6345358,-0.4450952
0.0,0.0,-0.28189313,0.06309107,-0.5168501,0.0175957,-0.74160236,0.06202763,-0.91975033,0.15265232,-0.42600647,-0.70599693,-0.80740464,-0.7063391,-0.930206,-0.4546169,-0.9519629,-0.24007495,-0.40530616,-0.78036255,-0.85948247,-0.7977652,-0.98760414,-0.5251832,-1.0,-0.28214213,-0.40813774,-0.7297964,-0.8418594,-0.7865934,-0.9734175,-0.5392413,-0.99049836,-0.29770222,-0.46386918,-0.58548594,-0.78889036,-0.5799025,-0.89801395,-0.40602916,-0.92675096,-0.22079155
0.0,0.0,-0.18296714,-0.15779674,-0.2986113,-0.3739154,-0.41677278,-0.4832893,-0.53358227,-0.55584073,-0.05965903,-0.68822,-0.106784485,-0.95414907,-0.238879,-0.9584509,-0.3335235,-0.88066536,-0.02055996,-0.696667,-0.07999776,-0.9992209,-0.24148211,-0.98499566,-0.33475515,-0.88263804,-0.012948623,-0.6867757,-0.08765616,-1.0,-0.2518002,-0.9897128,-0.3493493,-0.9005828,-0.042933434,-0.66766864,-0.14554,-0.9058277,-0.2674838,-0.9251161,-0.35011783,-0.8759512
0.0,0.0,-0.18757346,-0.13464771,-0.34175354,-0.3413411,-0.49326822,-0.45924324,-0.63342375,-0.5064587,-0.09635134,-0.67977476,-0.18269114,-0.9447662,-0.31606045,-0.9491289,-0.41836235,-0.88073725,-0.05013284,-0.70029557,-0.14568944,-1.0,-0.30102238,-0.99526596,-0.40232816,-0.90689445,-0.03750867,-0.69003344,-0.14497055,-0.9881125,-0.30097952,-0.9791831,-0.4070012,-0.89302474,-0.06469209,-0.66108906,-0.18358262,-0.87558806,-0.30651763,-0.89074075,-0.4017757,-0.84341407
0.0,0.0,-0.30709457,0.05518733,-0.56584716,0.02979054,-0.7838484,0.10291501,-0.94593483,0.20655207,-0.42327106,-0.7259458,-0.7987093,-0.7602905,-0.93464273,-0.49857065,-0.9595575,-0.24093457,-0.4184279,-0.77857924,-0.86572486,-0.87445825,-0.996564,-0.60318816,-1.0,-0.33784875,-0.43273705,-0.7179367,-0.84897757,-0.847138,-0.97549015,-0.5896835,-0.9771395,-0.32390606,-0.5005293,-0.56451404,-0.81156164,-0.6038955,-0.91421777,-0.42425472,-0.9277311,-0.22764157
0.0,0.0,0.3126755,0.013498737,0.57107055,-0.04337762,0.79803866,-0.016236117,0.9876482,0.04458074,0.5008823,-0.65739155,0.77737504,-0.77381283,0.93179566,-0.6084027,1.0,-0.42097223,0.4552782,-0.69883454,0.8007317,-0.82909113,0.954776,-0.6361869,0.9828847,-0.40980393,0.42727336,-0.6773382,0.74228454,-0.8405293,0.89948267,-0.6544804,0.9398081,-0.43872824,0.42295715,-0.59321916,0.66343063,-0.7020302,0.7875115,-0.5863109,0.8350142,-0.42601302
0.0,0.0,0.26862574,0.0701813,0.5386422,0.03002147,0.762025,0.0957179,0.91788036,0.18150978,0.46816087,-0.6739293,0.767338,-0.7954377,0.9346415,-0.598224,0.9973356,-0.3740131,0.4427873,-0.699022,0.8283255,-0.81104,0.9849406,-0.5695059,1.0,-0.323659,0.4346872,-0.6638944,0.7584868,-0.7944127,0.93036157,-0.5783486,0.964313,-0.34353176,0.45027518,-0.55221146,0.70405686,-0.65248936,0.84806013,-0.52230674,0.9068328,-0.35054943
0.0,0.0,0.28220645,0.041925337,0.5868594,0.0024551095,0.8100205,0.07734074,0.9651121,0.16479999,0.56978333,-0.6681882,0.74154437,-0.96705854,0.87928754,-0.78542423,0.9131802,-0.5936079,0.49816707,-0.690259,0.724895,-1.0,0.87044674,-0.76300263,0.867784,-0.54894763,0.42700464,-0.68252975,0.6448614,-0.949263,0.81282717,-0.7076932,0.8387942,-0.4882107,0.34895945,-0.60746694,0.55587375,-0.734515,0.71401244,-0.57749414,0.76883036,-0.40850767
0.0,0.0,-0.2861154,0.052812144,-0.5538045,0.053233128,-0.74758387,0.15029205,-0.8798861,0.29753062,-0.55480224,-0.49922782,-0.81160975,-0.7582386,-0.9452057,-0.5939109,-1.0,-0.39774042,-0.5052771,-0.52098656,-0.834022,-0.76787704,-0.9655425,-0.5501731,-0.96460915,-0.34954345,-0.46264508,-0.48809355,-0.76182663,-0.7318265,-0.9132973,-0.53686506,-0.9453535,-0.34444037,-0.4360899,-0.4159476,-0.6611847,-0.5640167,-0.8103766,-0.48434687,-0.88879853,-0.37853524
0.0,0.0,0.30521655,0.002587814,0.57391083,-0.060088802,0.8087885,-0.011690718,1.0,0.063721046,0.43980196,-0.7915257,0.73059356,-0.94568336,0.88516927,-0.73193777,0.93385404,-0.51740277,0.36776295,-0.82358027,0.7336469,-0.9864382,0.88516974,-0.73877865,0.89462376,-0.49769387,0.32642043,-0.7810204,0.6680801,-0.96210843,0.8323378,-0.734371,0.865563,-0.50123763,0.31136292,-0.6703428,0.5912246,-0.7840222,0.75474393,-0.66883636,0.8287659,-0.52448905
0.0,0.0,-0.21824485,0.05963599,-0.45792398,0.054975107,-0.6440468,0.14627737,-0.78385293,0.27717543,-0.4989399,-0.46641582,-0.7535793,-0.61879253,-0.90313464,-0.5038508,-0.9877078,-0.346586,-0.46950123,-0.5045909,-0.7655185,-0.6294721,-0.924823,-0.4894169,-1.0,-0.33383825,-0.42942387,-0.47223088,-0.71791613,-0.60292774,-0.87367487,-0.47227824,-0.95150054,-0.31835055,-0.39016244,-0.38404235,-0.5948536,-0.49715832,-0.7264245,-0.44913045,-0.81470835,-0.36663377
0.0,0.0,-0.35285822,-0.00028366296,-0.5811311,-0.074136294,-0.79155594,-0.05636998,-0.9804828,-0.0024817016,-0.40810612,-0.771033,-0.7538598,-0.8503238,-0.8941661,-0.59457505,-0.9104474,-0.38515598,-0.34810373,-0.8132537,-0.7922808,-0.97974044,-0.941148,-0.675215,-0.93765247,-0.4354908,-0.32504597,-0.73123246,-0.72381604,-1.0,-0.8827134,-0.75306404,-0.9079283,-0.5333807,-0.35794914,-0.5582959,-0.6019035,-0.7622838,-0.7431355,-0.77510035,-0.81896925,-0.767862
0.0,0.0,0.25197887,-0.08348105,0.4652216,-0.19922484,0.6387099,-0.25669524,0.7706761,-0.24114257,0.57540476,-0.6143921,0.8126188,-0.40597212,0.9328132,-0.20122442,1.0,-0.03354908,0.56113863,-0.571002,0.8181495,-0.35510722,0.93850976,-0.15996754,0.99748516,0.019065756,0.5421543,-0.45464158,0.78356814,-0.2678379,0.90162694,-0.09364247,0.95958865,0.07172039,0.53037685,-0.28201988,0.72553504,-0.14701612,0.82429594,-0.031950176,0.8797529,0.08709142
0.0,0.0,-0.17286919,-0.202024,-0.31172428,-0.39892665,-0.45501348,-0.50360507,-0.58801484,-0.54953897,-0.08034442,-0.6882612,-0.17498066,-0.94801563,-0.3054701,-0.961908,-0.41210774,-0.9098558,-0.050736412,-0.6924241,-0.15196243,-0.99975264,-0.29390305,-1.0,-0.3922345,-0.9208054,-0.053807274,-0.6674797,-0.15088564,-0.965717,-0.2946452,-0.9752814,-0.398381,-0.90697247,-0.09456972,-0.6247003,-0.18787244,-0.84653443,-0.29180533,-0.8879643,-0.3769593,-0.86853266
0.0,0.0,-0.2845633,0.06049104,-0.51934636,0.057367828,-0.7086184,0.15613286,-0.8594217,0.28865463,-0.49744493,-0.6027014,-0.77366513,-0.71443504,-0.9153363,-0.5360009,-0.9670139,-0.3375673,-0.4704716,-0.6323139,-0.8448909,-0.7115999,-0.9876413,-0.49202293,-1.0,-0.27097446,-0.45903495,-0.57812333,-0.82759035,-0.6460743,-0.96535075,-0.4317189,-0.98498654,-0.22447698,-0.47577384,-0.4500069,-0.75786763,-0.47998658,-0.86731607,-0.34825626,-0.89828295,-0.19782937
0.0,0.0,-0.27323148,0.062027525,-0.53536713,0.056607645,-0.71826446,0.15980452,-0.842001,0.31447804,-0.5509691,-0.47748506,-0.8238281,-0.6941263,-0.9496951,-0.52797866,-1.0,-0.31796086,-0.5084823,-0.49414897,-0.85799736,-0.6746362,-0.97847813,-0.46317092,-0.97405726,-0.25671867,-0.47008207,-0.46435183,-0.78748435,-0.6533778,-0.925846,-0.46849194,-0.95238733,-0.27689862,-0.4447897,-0.39870825,-0.6731298,-0.52458066,-0.81458926,-0.46627456,-0.8894505,-0.3713943
0.0,0.0,0.30248368,0.014144916,0.5892957,-0.027562644,0.8176194,0.015017431,1.0,0.09992938,0.5958155,-0.608381,0.80193573,-0.86811364,0.8643953,-0.6710488,0.84214467,-0.49437776,0.52429587,-0.6728824,0.7755541,-0.9272618,0.8338404,-0.68008137,0.7848662,-0.47335294,0.4425944,-0.71209794,0.6980521,-0.92012286,0.77804464,-0.65445673,0.75811183,-0.42456084,0.3515923,-0.7031715,0.5842149,-0.7727506,0.702784,-0.60174334,0.7423651,-0.4441199
0.0,0.0,0.33766213,0.0075624967,0.59932077,-0.06424434,0.8113162,-0.04522179,1.0,0.013179043,0.5513816,-0.67043,0.7887409,-0.8320018,0.9076582,-0.6389034,0.936605,-0.45329362,0.4896622,-0.71985996,0.8076242,-0.8601668,0.9339301,-0.6363483,0.93790805,-0.4285135,0.4364733,-0.70335007,0.7531898,-0.84274423,0.8935554,-0.6356431,0.9228153,-0.42767832,0.3971692,-0.615814,0.6632955,-0.6913273,0.82421255,-0.58850056,0.9137417,-0.4640321
0.0,0.0,0.123111665,-0.30277884,0.35248473,-0.5520215,0.5684285,-0.66287464,0.74653566,-0.6928627,0.34733295,-0.724615,0.68243515,-0.88185704,0.8850307,-0.7963292,0.99285626,-0.6799297,0.32228053,-0.5661165,0.70191413,-0.70607275,0.902791,-0.609203,1.0,-0.48058105,0.31991264,-0.33023304,0.67101336,-0.45526358,0.8661956,-0.39407912,0.98041505,-0.30093148,0.33495986,-0.064525224,0.5993221,-0.11570352,0.7712137,-0.09204567,0.8935194,-0.047392357
0.0,0.0,0.29522267,-0.007929117,0.5710761,-0.08106083,0.8037358,-0.03551831,1.0,0.039589413,0.4355244,-0.77083856,0.7089931,-0.9672279,0.8731476,-0.7727298,0.92675596,-0.57287127,0.37442237,-0.80501616,0.71465534,-0.9772391,0.8847488,-0.7511102,0.9031051,-0.5203242,0.33751345,-0.7759073,0.66710705,-0.94585335,0.836182,-0.7320084,0.87642556,-0.5139964,0.32921574,-0.6786786,0.5978517,-0.7832517,0.75642014,-0.68199205,0.8261137,-0.5515711
0.0,0.0,0.35707322,0.038382184,0.62148654,-0.037686832,0.8337592,0.022430886,1.0,0.12853485,0.59225386,-0.6393184,0.82739544,-0.8459191,0.9024352,-0.65516007,0.87724334,-0.4785241,0.53767884,-0.7059042,0.8171108,-0.93472743,0.88573205,-0.6790608,0.82565445,-0.46160766,0.4797601,-0.73731554,0.7754517,-0.98717844,0.8601323,-0.72259784,0.8173024,-0.49203548,0.42596593,-0.72067416,0.70321935,-0.8817278,0.831477,-0.7106615,0.86192775,-0.54152566
0.0,0.0,-0.2947349,0.0386258,-0.55685127,0.04269138,-0.74689627,0.14745061,-0.8765007,0.28202295,-0.5428251,-0.53236854,-0.82348776,-0.75413334,-0.95628136,-0.573594,-1.0,-0.3765057,-0.49548608,-0.5387547,-0.85186285,-0.73785454,-0.97360545,-0.5094289,-0.9583819,-0.30909657,-0.45391122,-0.48756123,-0.77909255,-0.6884934,-0.91774726,-0.49609688,-0.93357027,-0.31153107,-0.4293713,-0.3946256,-0.6590877,-0.5130782,-0.79702854,-0.4495913,-0.8622,-0.3669863
0.0,0.0,0.30243376,0.033196405,0.5317896,-0.048235364,0.7589408,-0.01451782,0.96148777,0.059327304,0.36198264,-0.7795802,0.6545844,-0.94078594,0.81145954,-0.7714631,0.8522921,-0.58010316,0.3357135,-0.8074436,0.68703955,-1.0,0.8465017,-0.81247854,0.86551565,-0.5997233,0.34996513,-0.76179016,0.6918117,-0.974954,0.84935355,-0.79546285,0.87433773,-0.59141964,0.40781724,-0.6473027,0.6763486,-0.79841274,0.80782723,-0.70212656,0.8487863,-0.5656839
0.0,0.0,0.22364841,-0.07004798,0.444345,-0.17705563,0.64610404,-0.17576562,0.82448953,-0.16522561,0.3320155,-0.7634129,0.50513166,-0.97694993,0.6737578,-0.866874,0.7930084,-0.7364897,0.2906897,-0.781777,0.5189178,-1.0,0.70968884,-0.87914896,0.81432915,-0.7197445,0.25847235,-0.7495686,0.50632024,-0.91946447,0.6996852,-0.7950749,0.80881166,-0.6442306,0.2510653,-0.6520717,0.4750085,-0.7511312,0.6232995,-0.66642016,0.7092531,-0.54446894
0.0,0.0,-0.273539,0.052484058,-0.58326185,0.041670922,-0.8162705,0.08863539,-0.974246,0.19366173,-0.564437,-0.56431013,-0.81533706,-0.85052925,-0.93698525,-0.68785757,-0.96918124,-0.4953789,-0.5303833,-0.6302391,-0.83845305,-0.90866566,-0.9832809,-0.7144517,-1.0,-0.5000317,-0.49835438,-0.638017,-0.799666,-0.8891485,-0.93959033,-0.7062964,-0.9617683,-0.50989085,-0.4690683,-0.6157448,-0.7228445,-0.76571065,-0.85589457,-0.6621912,-0.9064149,-0.5278805
0.0,0.0,0.31367913,0.0510444,0.62571394,0.05426103,0.83833104,0.15321775,1.0,0.24939743,0.6338059,-0.61526155,0.82114595,-0.88414246,0.9325223,-0.7144815,0.9495477,-0.5252371,0.56036997,-0.66281074,0.81828254,-0.9274739,0.93246883,-0.7055616,0.91861844,-0.49502742,0.48116443,-0.6750298,0.7526113,-0.86553717,0.88646215,-0.62611246,0.899435,-0.4113716,0.3966562,-0.6203349,0.6415387,-0.68914187,0.7902765,-0.5478683,0.8525097,-0.4095144
0.0,0.0,-0.27007335,-0.0061468603,-0.54537094,-0.07363251,-0.75749326,-0.080155514,-0.92875415,-0.04549999,-0.52233815,-0.6044254,-0.7035395,-0.93430483,-0.8240532,-0.8451228,-0.85782695,-0.68109083,-0.4569468,-0.66779786,-0.67967033,-1.0,-0.8053651,-0.8805828,-0.8157379,-0.6862349,-0.3847589,-0.6907231,-0.61236364,-0.9706011,-0.74700856,-0.859496,-0.776985,-0.6900339,-0.3055652,-0.6846679,-0.5089593,-0.8342541,-0.63884103,-0.80676425,-0.6991908,-0.7311817
0.0,0.0,-0.192286,-0.12968375,-0.34086165,-0.3389649,-0.48418817,-0.4454318,-0.62226,-0.49463415,-0.12524292,-0.68038124,-0.18097726,-0.93592346,-0.3046353,-0.94373906,-0.3863281,-0.8686013,-0.08392149,-0.69357735,-0.15109137,-1.0,-0.29794526,-0.9865312,-0.38220584,-0.8868624,-0.058256317,-0.6876653,-0.14290753,-0.9948537,-0.29949287,-0.97699475,-0.39141136,-0.8809426,-0.06197523,-0.6642243,-0.17526674,-0.8891434,-0.30477816,-0.899473,-0.3938771,-0.83959305
0.0,0.0,0.295825,0.05018204,0.51029754,-0.022519631,0.7362547,-0.020540066,0.9183802,0.020637251,0.30503118,-0.7621062,0.5828574,-0.95726293,0.7546958,-0.79682076,0.8239437,-0.609375,0.27695578,-0.8067271,0.6254975,-1.0,0.80389965,-0.8066668,0.84618133,-0.58420384,0.2880057,-0.78307,0.62542075,-0.9962259,0.8086716,-0.8121148,0.85760385,-0.592191,0.34665203,-0.68902683,0.61804676,-0.8465219,0.7684119,-0.73355365,0.8260111,-0.567894
0.0,0.0,-0.28995097,0.020881994,-0.53582525,-0.011007631,-0.7319052,0.044156007,-0.87693936,0.14858672,-0.4353737,-0.62568355,-0.76076883,-0.80306953,-0.9250297,-0.63635427,-1.0,-0.44498572,-0.3949307,-0.61691576,-0.7971886,-0.7798449,-0.9523862,-0.55860823,-0.98160124,-0.3530829,-0.3738231,-0.54362756,-0.72195643,-0.7093367,-0.8860911,-0.515229,-0.93688965,-0.31882513,-0.38393655,-0.42748278,-0.6282478,-0.54726696,-0.771131,-0.4693614,-0.850528,-0.3611396
0.0,0.0,-0.21716604,0.13496502,-0.45505524,0.12025065,-0.64177835,0.18876117,-0.78830826,0.25041538,-0.2768651,-0.670804,-0.51004136,-0.89248717,-0.69608814,-0.7645514,-0.75203884,-0.60398924,-0.24336798,-0.7613929,-0.5703141,-1.0,-0.76250273,-0.81619984,-0.81840634,-0.6323709,-0.26043305,-0.74977446,-0.63645655,-0.97425795,-0.8263248,-0.76872206,-0.8936716,-0.56906694,-0.33066753,-0.641326,-0.6648612,-0.7434061,-0.8158336,-0.5866626,-0.8726018,-0.4116773
0.0,0.0,-0.31074846,-0.05294048,-0.57558435,-0.101711825,-0.78282404,-0.03038649,-0.9530035,0.07329341,-0.5306627,-0.66637576,-0.77884704,-0.9249592,-0.9310353,-0.8167459,-1.0,-0.66858333,-0.46688044,-0.6958256,-0.7822398,-0.9694722,-0.91662276,-0.7612496,-0.9229933,-0.54994226,-0.40961528,-0.64778847,-0.7169102,-0.9320551,-0.8579629,-0.7193732,-0.8728787,-0.51229525,-0.37459585,-0.53590596,-0.6108856,-0.6700449,-0.73780835,-0.57268035,-0.7755863,-0.46498147
0.0,0.0,-0.26141155,-0.043511797,-0.513426,-0.1439816,-0.7009434,-0.16929932,-0.8460285,-0.116124555,-0.49048346,-0.63323444,-0.63084066,-0.9811713,-0.72208345,-0.8948358,-0.7318148,-0.719894,-0.41319275,-0.67905164,-0.60053355,-1.0,-0.6877765,-0.8813372,-0.6753152,-0.69887567,-0.33150777,-0.68898267,-0.53452766,-0.96659696,-0.63176,-0.84266156,-0.63141954,-0.6740162,-0.24419333,-0.6715477,-0.42615744,-0.83814716,-0.5409101,-0.79297715,-0.5830953,-0.69934815
0.0,0.0,-0.16330357,0.06368636,-0.3821449,0.03727625,-0.5731421,0.113616526,-0.7385321,0.16995056,-0.24392788,-0.6804146,-0.5096618,-0.9060098,-0.69826466,-0.83506954,-0.7926058,-0.7326268,-0.24155809,-0.7203914,-0.55428654,-1.0,-0.73565525,-0.88548356,-0.8071528,-0.74426085,-0.2795143,-0.66379404,-0.59949964,-0.9414475,-0.77658296,-0.8397577,-0.86246115,-0.7134075,-0.35649902,-0.5134486,-0.61933154,-0.7005417,-0.7681764,-0.6684569,-0.85005015,-0.5871224
0.0,0.0,-0.35532925,0.09696233,-0.6360404,0.025809709,-0.83097786,0.031981718,-0.92888105,0.0054557086,-0.48311183,-0.7381781,-0.8143791,-0.9069349,-0.96822953,-0.62709785,-0.960116,-0.35522217,-0.4490511,-0.7458959,-0.86679083,-0.9237113,-1.0,-0.5853626,-0.95161784,-0.337118,-0.4417655,-0.68425643,-0.83126986,-0.88048077,-0.9756564,-0.57900554,-0.95403266,-0.32836777,-0.47868866,-0.53014034,-0.7752548,-0.6462528,-0.9095479,-0.46195418,-0.92256147,-0.2753287
0.0,0.0,0.27621487,0.015696075,0.5800978,-0.072369695,0.8096423,-0.09480597,1.0,-0.09023924,0.5548664,-0.6012434,0.7718131,-0.89386886,0.8631028,-0.741786,0.8545554,-0.5736267,0.4816522,-0.6608579,0.72196263,-0.9619525,0.8152934,-0.7792234,0.7976156,-0.58664834,0.39564535,-0.69914794,0.6359444,-0.9783818,0.7517885,-0.80081534,0.7649656,-0.6047844,0.2990218,-0.69479877,0.52098316,-0.8333711,0.6697,-0.74213994,0.74541837,-0.62897766
0.0,0.0,-0.30105814,0.12034097,-0.5384304,0.11255553,-0.7325539,0.2159355,-0.87129575,0.31504595,-0.41802055,-0.6862111,-0.7606732,-0.8486978,-0.92878324,-0.6571039,-0.9731777,-0.42757395,-0.41145515,-0.69861275,-0.8365143,-0.85050553,-0.9852061,-0.6152202,-0.98061883,-0.37667197,-0.42240348,-0.61757255,-0.8299947,-0.7348214,-0.98024446,-0.5147017,-1.0,-0.29476318,-0.47629398,-0.4466277,-0.7914792,-0.4897029,-0.91370773,-0.33742872,-0.9440493,-0.17991418
0.0,0.0,0.32937068,0.038396746,0.5531634,-0.020843111,0.7527898,0.026897246,0.9067845,0.066082634,0.40515354,-0.7881189,0.6812991,-1.0,0.8336228,-0.80795366,0.8683795,-0.63076884,0.36401844,-0.7966574,0.7155404,-0.9706059,0.86217105,-0.73622674,0.8635417,-0.5404617,0.35552937,-0.73194057,0.6923492,-0.8761139,0.8496237,-0.66354436,0.86911315,-0.47065842,0.3775627,-0.5929715,0.6595142,-0.6962652,0.8082465,-0.59330505,0.85733306,-0.4719434
0.0,0.0,-0.0731992,-0.29611003,-0.24880378,-0.53512,-0.42242026,-0.6202396,-0.5658095,-0.66001606,-0.18472497,-0.7127263,-0.42006385,-0.8768751,-0.5857269,-0.9322945,-0.7023985,-0.9569664,-0.24069144,-0.7187971,-0.5114544,-0.91335833,-0.6688192,-0.9614851,-0.7850966,-0.9694126,-0.33161178,-0.6431116,-0.63278055,-0.8369986,-0.8149387,-0.8467998,-0.94457823,-0.8180644,-0.46637064,-0.48223,-0.73096454,-0.5692812,-0.8827415,-0.55864614,-1.0,-0.5151942
0.0,0.0,-0.3023469,0.05587359,-0.5340484,0.0130445,-0.74279135,0.07238087,-0.9159992,0.15643498,-0.41428939,-0.73456085,-0.79768896,-0.77405494,-0.93302095,-0.5160868,-0.9545568,-0.28369367,-0.39473498,-0.77566594,-0.84901476,-0.8208545,-0.9866523,-0.5448452,-1.0,-0.2980373,-0.40291318,-0.70443964,-0.840702,-0.77570105,-0.9742797,-0.51587677,-0.9921843,-0.26940885,-0.46649712,-0.5433339,-0.80371,-0.55660075,-0.9113217,-0.39093357,-0.93457603,-0.21392088
0.0,0.0,0.31828684,-0.043133117,0.5382678,-0.17364177,0.695019,-0.27293724,0.826646,-0.35286257,0.5352668,-0.6388281,0.7709129,-0.80421484,0.92861813,-0.622176,0.99227816,-0.41250056,0.4950181,-0.62828887,0.78772414,-0.77803695,0.96356535,-0.5422469,1.0,-0.29308012,0.45951268,-0.51122254,0.7563271,-0.57627577,0.9311315,-0.35907415,0.9774221,-0.14713861,0.43826497,-0.30595124,0.7111144,-0.29054716,0.85203886,-0.15370893,0.901359,0.0010894681
0.0,0.0,0.34760866,-0.08245237,0.5622652,-0.18756871,0.7307756,-0.25808582,0.87615407,-0.32744908,0.3826017,-0.76240957,0.70372623,-0.87245977,0.8977162,-0.7026308,0.98152584,-0.51993716,0.35704556,-0.74335647,0.71230763,-0.9056873,0.9262878,-0.69502354,0.99876076,-0.46511087,0.3644204,-0.60665506,0.7174603,-0.74975514,0.92875737,-0.5451815,1.0,-0.32558784,0.41057223,-0.3819414,0.7092394,-0.41459805,0.87194955,-0.2981894,0.943503,-0.14518449
0.0,0.0,-0.23334019,0.12542266,-0.52106166,0.14257222,-0.77493817,0.2118231,-0.9563471,0.35279372,-0.5820285,-0.47919345,-0.79858047,-0.73934346,-0.94576037,-0.6040898,-0.97719127,-0.42144626,-0.5562984,-0.59795964,-0.8002437,-0.9184294,-0.96061826,-0.7666214,-0.99862605,-0.58473665,-0.5361139,-0.6334984,-0.79112655,-0.9126505,-0.959895,-0.7515361,-1.0,-0.5625419,-0.5252613,-0.6008277,-0.7580215,-0.7913023,-0.913409,-0.6990075,-0.95951706,-0.5609147
0.0,0.0,-0.2391268,0.12539944,-0.47966805,0.19218518,-0.682482,0.30760536,-0.84296936,0.4286794,-0.51921344,-0.41738188,-0.80864924,-0.47596398,-0.94619435,-0.3640444,-1.0,-0.22940224,-0.50900024,-0.4869499,-0.8102425,-0.56224775,-0.93922734,-0.4407525,-0.992178,-0.29809994,-0.49513105,-0.47911823,-0.77862895,-0.58088404,-0.9104831,-0.46447775,-0.97061145,-0.32358488,-0.49111816,-0.41075805,-0.7123822,-0.4804456,-0.83195245,-0.40807456,-0.8966276,-0.29758766
0.0,0.0,0.2694619,0.0659626,0.5452614,0.049244244,0.7657964,0.1470374,0.95388037,0.26205787,0.5256276,-0.54124534,0.6936768,-0.7412641,0.8574821,-0.8169047,1.0,-0.8193551,0.44198468,-0.639773,0.62873733,-0.871601,0.80319774,-0.9572428,0.95814973,-0.9602927,0.34803444,-0.68038726,0.5453837,-0.9088065,0.7214635,-0.96193314,0.87371933,-0.9326241,0.25532913,-0.65900636,0.43934622,-0.7872838,0.5889543,-0.8222004,0.7215525,-0.8055238
0.0,0.0,-0.28274104,0.06007569,-0.5282441,0.067823544,-0.73092026,0.13336886,-0.87976295,0.2264848,-0.53835785,-0.5346335,-0.82927877,-0.60426044,-0.9583625,-0.44715104,-0.9970578,-0.255605,-0.51758194,-0.592297,-0.84328556,-0.67302936,-0.9663521,-0.49828342,-1.0,-0.28317738,-0.5029031,-0.5602013,-0.8186528,-0.6757126,-0.9421666,-0.51867074,-0.9796857,-0.32097527,-0.5044501,-0.46042544,-0.7383315,-0.53654355,-0.85439956,-0.44069034,-0.91143733,-0.2888692
0.0,0.0,-0.30174515,0.0411188,-0.54742575,0.03329954,-0.73675865,0.16388254,-0.8862211,0.32325724,-0.5456035,-0.60040617,-0.7976153,-0.75454843,-0.93373233,-0.616367,-0.985433,-0.45636982,-0.515649,-0.66164535,-0.83193034,-0.8421415,-0.9791162,-0.6374136,-0.9984892,-0.42215547,-0.49913466,-0.6519369,-0.82260346,-0.83106625,-0.9780109,-0.6144238,-1.0,-0.3993134,-0.5196003,-0.56340283,-0.7927956,-0.69979954,-0.9250649,-0.5706685,-0.96200174,-0.3984696
0.0,0.0,-0.28195828,0.10763163,-0.5252569,0.10531633,-0.73845,0.19401076,-0.88906735,0.30888453,-0.45067897,-0.6617479,-0.8045297,-0.7751159,-0.94284576,-0.55678964,-0.960687,-0.3272211,-0.43365243,-0.71063477,-0.853992,-0.8264378,-0.9998959,-0.5896179,-1.0,-0.34893462,-0.43629152,-0.64707637,-0.8308225,-0.7471812,-0.97894776,-0.5338921,-0.9965315,-0.31485403,-0.48762897,-0.48824286,-0.7939548,-0.5281336,-0.9060988,-0.3755417,-0.9300282,-0.21485457
0.0,0.0,0.29262185,-0.11074781,0.5301936,-0.24982214,0.71038777,-0.34207335,0.8507124,-0.3771463,0.60492814,-0.7579575,0.86335164,-0.64254797,0.9801271,-0.3939903,1.0,-0.18663773,0.576595,-0.7314409,0.83590835,-0.61512667,0.95441455,-0.35642385,0.9500294,-0.12705143,0.54403305,-0.5762173,0.79104364,-0.4727067,0.91494375,-0.24233699,0.91878426,-0.030680409,0.51953185,-0.33341783,0.74551564,-0.17750403,0.8455156,-0.014891389,0.8618109,0.15334284
0.0,0.0,0.3549892,0.045507286,0.62111336,-0.0061531714,0.8314987,0.056333303,1.0,0.15290259,0.62089163,-0.587185,0.81854475,-0.81239355,0.90180945,-0.6363562,0.8925109,-0.46018055,0.5568437,-0.6480889,0.78972995,-0.90584856,0.8801431,-0.67649037,0.84606975,-0.46360224,0.48873383,-0.6804452,0.72268254,-0.94203985,0.8354385,-0.71264356,0.82953554,-0.48909438,0.42204782,-0.6565281,0.6488171,-0.8243662,0.7884853,-0.69740766,0.84540534,-0.5471194
0.0,0.0,0.26693702,-0.060439724,0.5371726,-0.16215429,0.7819889,-0.14920399,0.95088536,-0.13352373,0.38429314,-0.77325886,0.6588914,-0.95989263,0.8640624,-0.88100773,1.0,-0.7359296,0.36050233,-0.7518763,0.7200149,-0.9837088,0.907363,-0.8724843,0.9938357,-0.69324166,0.35835344,-0.677861,0.6513578,-0.9008648,0.85259336,-0.81204784,0.9634366,-0.6484106,0.38492104,-0.52608025,0.60495335,-0.67009723,0.7643096,-0.6287667,0.87048376,-0.5303877
0.0,0.0,0.2999615,0.040294327,0.61074543,0.019677673,0.83190554,0.08438524,0.98682564,0.1548324,0.6067785,-0.64134616,0.7735064,-0.93591964,0.87835735,-0.7793099,0.8979984,-0.6115365,0.52831876,-0.6742663,0.7465119,-1.0,0.85472745,-0.7825113,0.8339729,-0.5710142,0.44718173,-0.67586416,0.65026855,-0.9650854,0.7854575,-0.7400959,0.7987304,-0.52383554,0.35917082,-0.6133079,0.5477915,-0.75427765,0.68981594,-0.6186754,0.74772763,-0.46431547
0.0,0.0,-0.30011436,0.065808386,-0.5801607,0.033234224,-0.8010627,0.13754967,-0.9726417,0.2645631,-0.5204199,-0.71165603,-0.77474904,-0.9259284,-0.90378547,-0.7162608,-0.91679126,-0.46501184,-0.4827866,-0.77205354,-0.8012145,-1.0,-0.94806904,-0.7553748,-0.9634593,-0.50226444,-0.4593361,-0.7672539,-0.7949072,-0.9994734,-0.9540252,-0.74432385,-0.9851924,-0.48209596,-0.48077583,-0.68462205,-0.7757072,-0.8029994,-0.9137848,-0.6184059,-0.96264535,-0.40592292
0.0,0.0,0.33975035,0.033719897,0.60841316,-0.028190492,0.8265286,0.0008661502,1.0,0.0644219,0.6191727,-0.5223507,0.82637256,-0.80719393,0.91480684,-0.668829,0.89935744,-0.49650684,0.5698639,-0.59056485,0.8095561,-0.8822454,0.89176786,-0.69079626,0.84835666,-0.4957203,0.5063071,-0.6567065,0.7446785,-0.9126258,0.83044714,-0.70685625,0.80006254,-0.49577725,0.43660614,-0.6965099,0.65166795,-0.8680703,0.77175564,-0.7454975,0.8084039,-0.58796257
0.0,0.0,0.25613135,0.09173174,0.53103733,0.092835024,0.751178,0.2214065,0.95041966,0.282958,0.46909454,-0.6236186,0.6502333,-0.93727374,0.8406154,-0.88786423,0.9316824,-0.7312858,0.3983356,-0.68402475,0.6131229,-1.0,0.81239617,-0.9057409,0.8831918,-0.7051692,0.34862033,-0.67580444,0.584921,-0.937663,0.7784959,-0.8151164,0.85902274,-0.6209402,0.3088217,-0.5782417,0.53232104,-0.712608,0.68519217,-0.64430165,0.7557543,-0.5259919
0.0,0.0,0.36137876,0.08175728,0.5961412,0.024492396,0.7743349,-0.0110924775,0.90795296,-0.00876777,0.7021146,-0.5566138,0.91457397,-0.27350566,0.9924241,0.000985474,1.0,0.21763602,0.63275874,-0.53769857,0.89304006,-0.25825778,0.9681728,0.019729273,0.9449478,0.24460642,0.5496925,-0.41829917,0.8166745,-0.21874447,0.91553754,0.03848023,0.9075082,0.2516336,0.46526185,-0.23509997,0.7015768,-0.079105765,0.80761087,0.07329947,0.84091187,0.21832712
0.0,0.0,-0.29933456,0.070930466,-0.58078235,0.051031705,-0.81166226,0.15388158,-0.9847272,0.27246648,-0.48386776,-0.7256447,-0.758741,-0.9472817,-0.8935117,-0.72512794,-0.92150784,-0.4586626,-0.44901383,-0.78006065,-0.7998609,-1.0,-0.9433281,-0.74018943,-0.95519495,-0.4701557,-0.43508247,-0.76494074,-0.79289675,-0.99287397,-0.9430299,-0.7348632,-0.96910703,-0.46434918,-0.46986446,-0.6789846,-0.7722216,-0.7922269,-0.9050736,-0.6093761,-0.95138276,-0.39850828
0.0,0.0,-0.21332976,-0.3290653,-0.45463023,-0.48352507,-0.66843385,-0.5234587,-0.8302808,-0.47081605,-0.54603744,-0.63142955,-0.932312,-0.7176205,-0.96279263,-0.5470966,-0.8753169,-0.44908068,-0.57743156,-0.5349958,-0.99165386,-0.62132335,-0.98098594,-0.4522436,-0.867194,-0.3704536,-0.60012454,-0.37283337,-1.0,-0.47284102,-0.97417456,-0.31474128,-0.8581999,-0.23292871,-0.6198075,-0.16718955,-0.91379154,-0.2425671,-0.91380566,-0.15610217,-0.8329414,-0.1003562
0.0,0.0,-0.2541476,0.057293832,-0.5050267,0.050983,-0.71245694,0.10717925,-0.8716546,0.20136042,-0.4405295,-0.49578652,-0.80201226,-0.56921804,-0.9374977,-0.41135922,-1.0,-0.22247972,-0.41291413,-0.51641005,-0.8472006,-0.59019166,-0.96945715,-0.39917797,-0.9924111,-0.18897183,-0.39767826,-0.45212755,-0.78765374,-0.5726261,-0.9326478,-0.41111487,-0.9868792,-0.21598162,-0.41235954,-0.3171948,-0.6980698,-0.39891338,-0.8410644,-0.34216055,-0.9233383,-0.2389961
0.0,0.0,0.22220865,0.061267447,0.48049402,0.021339856,0.684854,0.104775,0.8415726,0.21322012,0.4300665,-0.65440464,0.5848613,-0.95534027,0.7272767,-0.82355064,0.7774356,-0.64135206,0.35392606,-0.7056686,0.55594313,-1.0,0.71307474,-0.82454836,0.7283288,-0.6080373,0.28654927,-0.69112986,0.50884724,-0.9245445,0.67029655,-0.7429349,0.7008667,-0.54192996,0.22315343,-0.6003749,0.4441376,-0.7366347,0.5820678,-0.61581725,0.6206776,-0.46563974
0.0,0.0,0.30719203,-0.019410167,0.57314837,-0.046137504,0.7902741,0.037094068,0.97918874,0.13569394,0.50338006,-0.72950286,0.7484086,-0.9656745,0.8549565,-0.7154588,0.8464402,-0.50703424,0.43987364,-0.7626112,0.736509,-1.0,0.85335547,-0.70585924,0.821124,-0.47591788,0.39082277,-0.7496134,0.6706295,-0.9639312,0.8009776,-0.69078046,0.7929198,-0.46031043,0.35360304,-0.6714902,0.5861608,-0.80229694,0.718097,-0.64198995,0.7426881,-0.4809466
0.0,0.0,0.2975269,-0.0123469625,0.574145,-0.061211944,0.7853041,-0.005141257,0.9472717,0.12228403,0.5357153,-0.67386985,0.6914013,-0.9663978,0.7991174,-0.82383657,0.8211491,-0.65165484,0.46614018,-0.7106348,0.68878883,-1.0,0.7974207,-0.7924633,0.7774632,-0.5853785,0.39484963,-0.7107121,0.62976545,-0.9140299,0.7500868,-0.6818368,0.75555223,-0.46407,0.3223394,-0.6493307,0.53788257,-0.74816424,0.68026483,-0.616002,0.7375464,-0.47187296
0.0,0.0,0.2703036,0.17553262,0.4955931,0.21101268,0.6769366,0.26473126,0.83557034,0.3231947,0.6630588,-0.4273237,0.85159373,-0.094550684,0.9428715,0.15954739,0.9818645,0.368765,0.6373564,-0.45139053,0.87977415,-0.10774262,0.9699257,0.15208808,1.0,0.38012367,0.5815822,-0.36493528,0.8324428,-0.09637638,0.93876696,0.15722865,0.9820741,0.38074848,0.5091635,-0.18655731,0.7134298,0.025381021,0.8026834,0.1970856,0.8531624,0.3609574
0.0,0.0,-0.29597944,0.086613335,-0.50633055,0.08523589,-0.6875989,0.17092834,-0.8201989,0.29006034,-0.48014015,-0.4889334,-0.8242572,-0.48905292,-0.9490921,-0.31567922,-1.0,-0.1327226,-0.43626148,-0.50072676,-0.845689,-0.4955519,-0.96335167,-0.28624022,-0.9948824,-0.08170501,-0.40156344,-0.4162413,-0.7862651,-0.48619786,-0.922624,-0.31294915,-0.9862934,-0.1344113,-0.39863938,-0.25210735,-0.6534827,-0.2739105,-0.79256487,-0.23514801,-0.8950413,-0.18064359
0.0,0.0,-0.28414845,0.06674096,-0.5576193,0.06923442,-0.75420713,0.1982896,-0.8929352,0.36318576,-0.5742202,-0.56447953,-0.8118051,-0.7420134,-0.9485545,-0.5896639,-1.0,-0.4018516,-0.5437423,-0.60785234,-0.84193766,-0.8113376,-0.9849245,-0.6068684,-0.9964056,-0.38033918,-0.51902694,-0.60413265,-0.8181957,-0.8061978,-0.9686839,-0.5856564,-0.9904776,-0.35782096,-0.5149719,-0.5343359,-0.7725607,-0.66841197,-0.9068372,-0.5322928,-0.9507975,-0.35045034
0.0,0.0,-0.30315414,0.10704293,-0.593125,0.079657055,-0.8221474,0.17942376,-0.985886,0.29237655,-0.48092562,-0.683518,-0.7278674,-0.91776043,-0.86014736,-0.7408432,-0.87818927,-0.5109131,-0.43818963,-0.7679605,-0.72919315,-1.0,-0.8790563,-0.78598416,-0.90419793,-0.54855794,-0.4191114,-0.7693384,-0.7573198,-0.9943101,-0.92339414,-0.75862944,-0.96459275,-0.50570637,-0.4562844,-0.6765846,-0.7650903,-0.76479596,-0.913832,-0.57484746,-0.97156394,-0.36226243
0.0,0.0,-0.28647757,0.07044836,-0.54330516,0.08739914,-0.7338329,0.20181616,-0.8551127,0.31755787,-0.49820125,-0.5403823,-0.81666666,-0.6448151,-0.95610034,-0.45999765,-1.0,-0.2634112,-0.4609875,-0.53689957,-0.8600304,-0.6185321,-0.9818483,-0.39440683,-0.9693223,-0.20108631,-0.4357378,-0.45543188,-0.797582,-0.56265235,-0.929358,-0.35889205,-0.9430086,-0.17074284,-0.4390737,-0.30916575,-0.71827644,-0.37537298,-0.82506114,-0.2723363,-0.85279435,-0.1591296
0.0,0.0,0.19429913,-0.17530943,0.42659348,-0.231588,0.59777844,-0.19731176,0.70264876,-0.09375859,0.5951368,-0.36635163,0.872257,0.012771869,0.9603992,0.28393945,0.9929449,0.48829105,0.5669695,-0.33111763,0.90119,0.057800718,0.9833499,0.34655717,1.0,0.5583009,0.5089819,-0.20904163,0.8397582,0.12875363,0.9307949,0.40402988,0.9683564,0.5994855,0.43362203,-0.011789527,0.7062343,0.26149967,0.8213437,0.45658916,0.89132303,0.6008171
0.0,0.0,0.3107902,0.09490723,0.6032601,0.11146944,0.81708795,0.19526185,1.0,0.2508668,0.6087543,-0.5884649,0.8261206,-0.8818561,0.95216435,-0.72013116,0.97907764,-0.51233965,0.53324246,-0.6657967,0.79190576,-0.9836048,0.9399066,-0.79355747,0.9526892,-0.56103194,0.44599527,-0.7070899,0.7404749,-0.92278594,0.90164965,-0.71931714,0.93374205,-0.5007617,0.35657462,-0.6848532,0.6385114,-0.7680756,0.81435084,-0.6464583,0.88979477,-0.50667596
0.0,0.0,0.28852683,-0.07450065,0.49052942,-0.23833448,0.6647342,-0.34189397,0.8052353,-0.4240057,0.32474056,-0.7289808,0.65920055,-0.95419663,0.8729732,-0.83814496,0.9646695,-0.671024,0.29702142,-0.70223445,0.719251,-0.8728667,0.9383895,-0.6590839,1.0,-0.44465038,0.3069693,-0.57150817,0.7082822,-0.7260838,0.9194081,-0.539608,0.9803977,-0.34376523,0.34711587,-0.37009814,0.67024726,-0.44649586,0.8337492,-0.3362493,0.8937141,-0.19198588
0.0,0.0,0.3079228,-0.003915766,0.6211664,-0.0878326,0.858755,-0.054173734,1.0,0.021230754,0.6000423,-0.5643573,0.7604664,-0.851701,0.88478225,-0.76372606,0.96476185,-0.5997633,0.5068036,-0.6478507,0.6857512,-0.9344656,0.8221875,-0.84334356,0.8981724,-0.6752908,0.39926815,-0.695053,0.59275645,-0.94958735,0.7447299,-0.8450661,0.8431749,-0.67214465,0.2753633,-0.6876331,0.4687977,-0.8213969,0.62787056,-0.7881168,0.7545877,-0.7014086
0.0,0.0,0.2584825,-0.04043358,0.44036195,-0.1662423,0.5902204,-0.24133323,0.73916894,-0.28698304,0.37180516,-0.69707257,0.6887963,-0.91055536,0.8860078,-0.7430653,0.96635807,-0.54563147,0.34428334,-0.68579316,0.74506474,-0.8589621,0.95032287,-0.60140723,1.0,-0.36737654,0.34365073,-0.5771339,0.71928185,-0.7330421,0.92389315,-0.5056047,0.9843561,-0.28777012,0.36558595,-0.3934147,0.66267604,-0.4612381,0.8135826,-0.32234213,0.8636625,-0.15813722
0.0,0.0,-0.22811447,-0.058346625,-0.45962134,-0.17720488,-0.65037984,-0.22031932,-0.7969249,-0.15240343,-0.4100412,-0.61531335,-0.5294484,-0.9711553,-0.6218176,-0.90831727,-0.6355142,-0.74741536,-0.3376005,-0.663157,-0.4879841,-1.0,-0.58422464,-0.9090104,-0.58639807,-0.73660797,-0.2621174,-0.67705035,-0.42485097,-0.97432524,-0.52718097,-0.87477565,-0.5382533,-0.71201116,-0.18404649,-0.662264,-0.3370157,-0.84934974,-0.44571707,-0.8226557,-0.4941769,-0.73621595
0.0,0.0,0.23532537,0.12397053,0.48208186,0.1753731,0.68582976,0.3238284,0.85871845,0.4481417,0.5455208,-0.50906587,0.80493313,-0.66043055,0.9436542,-0.49266073,0.98905325,-0.3036038,0.5195036,-0.57318014,0.8243147,-0.7335174,0.9847131,-0.5144538,1.0,-0.281206,0.4873499,-0.6011573,0.79593396,-0.75534165,0.9601735,-0.522813,0.98833245,-0.29398516,0.455961,-0.56926864,0.7172588,-0.65310746,0.8735978,-0.49719906,0.9294146,-0.32178473
0.0,0.0,-0.28197116,0.01926332,-0.53357476,0.011148474,-0.7188137,0.10639536,-0.8479602,0.25811625,-0.5569977,-0.5330124,-0.77370363,-0.82107913,-0.9334078,-0.72203094,-1.0,-0.5659451,-0.50250566,-0.55366874,-0.78501236,-0.8464707,-0.94658893,-0.67035186,-0.966319,-0.47027928,-0.4451231,-0.52664906,-0.70244205,-0.79853326,-0.880306,-0.62857527,-0.930486,-0.43884116,-0.39054623,-0.45000556,-0.5904091,-0.59759223,-0.74709284,-0.5344182,-0.8324269,-0.4385083
0.0,0.0,0.30394486,-0.025922365,0.54776824,-0.13141863,0.7867158,-0.12048186,0.9724352,-0.08449138,0.34040076,-0.7967782,0.6176982,-0.9988662,0.80375504,-0.9086725,0.90557045,-0.77510184,0.31945103,-0.77504694,0.7174286,-1.0,0.8966531,-0.8445304,0.948482,-0.64496946,0.3343594,-0.6919099,0.687637,-0.88266546,0.88122016,-0.7598915,0.95321214,-0.58765686,0.3763339,-0.533637,0.6521684,-0.6728824,0.8228479,-0.633271,0.91446084,-0.5418667
0.0,0.0,0.16376841,-0.25086528,0.34084165,-0.4680844,0.524624,-0.565579,0.699845,-0.59266543,0.3316934,-0.6322695,0.68429315,-0.8514561,0.89968395,-0.71055746,0.9932819,-0.5219893,0.29546848,-0.5801056,0.70035875,-0.8062647,0.93141025,-0.6004195,1.0,-0.38441572,0.28766057,-0.44483805,0.66740996,-0.6390281,0.8998439,-0.44118103,0.9818061,-0.23870316,0.30972192,-0.24137644,0.6228007,-0.37753806,0.80616915,-0.2704899,0.8864054,-0.124283664
0.0,0.0,-0.27335235,0.09389077,-0.5285713,0.094004355,-0.7268263,0.20265345,-0.8916457,0.33844683,-0.57980216,-0.53374296,-0.79153264,-0.7403628,-0.93478644,-0.61194086,-0.9867689,-0.45042533,-0.55332226,-0.58333933,-0.81644624,-0.8109306,-0.97015023,-0.6257889,-0.99921054,-0.44206998,-0.5239015,-0.58520377,-0.80014193,-0.79436874,-0.9648966,-0.57948846,-1.0,-0.37459335,-0.5047062,-0.52672356,-0.7416155,-0.6678378,-0.8822751,-0.52273566,-0.9234994,-0.34247112
0.0,0.0,-0.22934014,0.07456378,-0.47033325,0.03658856,-0.6949335,0.13052036,-0.8565833,0.28958398,-0.45417115,-0.6566686,-0.76554734,-0.77109843,-0.90743667,-0.5592224,-0.94215363,-0.3517501,-0.46468174,-0.72717,-0.7971223,-0.925577,-0.9513565,-0.7220449,-0.98742163,-0.5077518,-0.4849034,-0.6845952,-0.81294394,-0.8768761,-0.9600809,-0.6826357,-1.0,-0.4852301,-0.54164386,-0.5530098,-0.80201066,-0.6515391,-0.9265084,-0.511082,-0.97491586,-0.3621917
0.0,0.0,-0.17271464,-0.20703118,-0.26816028,-0.42282438,-0.37667117,-0.5299773,-0.48485345,-0.6022897,-0.0043671546,-0.67931235,-0.05374982,-0.94650435,-0.18631828,-0.96166545,-0.28132138,-0.8924318,0.02870111,-0.6837065,-0.03605358,-0.98732543,-0.19062833,-1.0,-0.27862546,-0.9078899,0.023569006,-0.6668318,-0.04773243,-0.9758268,-0.2016236,-0.9939264,-0.29465824,-0.9234973,-0.022783577,-0.6430134,-0.119898304,-0.88502365,-0.2338528,-0.9143984,-0.3137392,-0.8767062
0.0,0.0,-0.19621298,-0.14062127,-0.3536649,-0.3423422,-0.5037783,-0.46270633,-0.64465314,-0.51446027,-0.1331377,-0.6734278,-0.17030527,-0.95620096,-0.2854266,-0.9610691,-0.36068866,-0.878083,-0.07936868,-0.68029433,-0.1414708,-1.0,-0.28518072,-0.99639827,-0.36644316,-0.89234257,-0.040255263,-0.6614013,-0.119149804,-0.9848177,-0.2832806,-0.9751485,-0.38150746,-0.8751853,-0.02665635,-0.62631583,-0.13726237,-0.8498097,-0.26621512,-0.8735041,-0.3575829,-0.8278892
0.0,0.0,0.3072822,-0.067614235,0.48885784,-0.24694985,0.63923335,-0.35128063,0.7588143,-0.44973332,0.38356483,-0.79953206,0.7079754,-1.0,0.8605054,-0.87652373,0.8842108,-0.7133367,0.37154928,-0.7815169,0.7939821,-0.8681145,0.9165531,-0.6620901,0.9055692,-0.50151944,0.38461763,-0.6720162,0.7851609,-0.7137095,0.90680957,-0.5160002,0.90571743,-0.35154644,0.41614145,-0.4969908,0.7238409,-0.52453494,0.8508506,-0.42061764,0.8909984,-0.31772748
0.0,0.0,0.33185706,0.10527088,0.5690038,0.022502653,0.7137151,-0.06469205,0.81889814,-0.116522424,0.6480512,-0.502911,0.89104515,-0.3246768,0.97257763,-0.065215096,0.9933439,0.14277703,0.59765965,-0.5314597,0.89326185,-0.3200134,0.9817102,-0.03979469,1.0,0.18211901,0.5415141,-0.48158127,0.8393315,-0.28138262,0.94443905,-0.01667707,0.9735411,0.19594005,0.48775253,-0.35861486,0.7371107,-0.19835849,0.8433944,-0.024741136,0.89584816,0.12964433
0.0,0.0,-0.33299237,0.09727871,-0.5947257,0.064739764,-0.81473917,0.18205424,-0.9695301,0.315031,-0.412972,-0.7543239,-0.7031113,-0.94927245,-0.8740483,-0.7615265,-0.9224297,-0.513905,-0.3848401,-0.82386327,-0.76772755,-1.0,-0.93152875,-0.7377345,-0.9377475,-0.46305206,-0.39538798,-0.8019277,-0.8071069,-0.9595886,-0.9724122,-0.67767495,-0.9896726,-0.39815542,-0.47128883,-0.69088125,-0.8054735,-0.7478319,-0.9353332,-0.55302006,-0.9606028,-0.34119344
0.0,0.0,0.29446456,-0.030298721,0.52549875,-0.1375024,0.6829669,-0.22601426,0.8117174,-0.3302125,0.629892,-0.4447993,0.8789011,-0.7518844,0.99529177,-0.49199864,1.0,-0.25557426,0.5679074,-0.46513996,0.85029185,-0.7358213,0.98238295,-0.42414856,0.96426237,-0.17964828,0.482791,-0.47113153,0.7578351,-0.6585507,0.90248543,-0.35508382,0.9071984,-0.10816844,0.3781563,-0.43935904,0.6111942,-0.54144216,0.7498557,-0.3563637,0.7782421,-0.16363202
0.0,0.0,-0.2635233,0.0774719,-0.51716155,0.09104766,-0.7101781,0.17895825,-0.831407,0.28500226,-0.45820615,-0.5499013,-0.77505577,-0.62810916,-0.93383205,-0.45131695,-1.0,-0.24880308,-0.43735677,-0.53743964,-0.83441436,-0.58647025,-0.96792233,-0.381718,-0.9817279,-0.18974648,-0.42511192,-0.45579728,-0.7730529,-0.52579385,-0.9193316,-0.35230586,-0.95911777,-0.16779034,-0.43482465,-0.3103646,-0.7042525,-0.34281155,-0.8242284,-0.24723285,-0.87905854,-0.12854122
0.0,0.0,-0.26572222,0.016750699,-0.50064164,0.023038836,-0.69910556,0.14163134,-0.8645899,0.27866697,-0.4856282,-0.5195556,-0.6899636,-0.6320091,-0.8429395,-0.5114359,-0.9203086,-0.3655266,-0.49059802,-0.590051,-0.7802393,-0.7469427,-0.93846834,-0.5681127,-0.98944443,-0.38359058,-0.49171922,-0.61322445,-0.7843122,-0.76203454,-0.9480607,-0.5706719,-1.0,-0.37924606,-0.5007057,-0.58060855,-0.7315771,-0.7032509,-0.8695555,-0.5822049,-0.93004745,-0.4219119
0.0,0.0,0.33055097,-0.21551318,0.60875964,-0.2917272,0.8494194,-0.21543594,0.9828353,-0.07665846,0.66417855,-0.7354599,0.99274135,-0.36804974,1.0,-0.11190731,0.93990004,0.019983368,0.62627435,-0.67297584,0.9703425,-0.25941613,0.92959654,-0.01859965,0.8234891,0.09266898,0.5714279,-0.50586015,0.8997455,-0.14995009,0.8520238,0.08312464,0.7562883,0.20179781,0.50643396,-0.26870316,0.7770898,-0.014314315,0.8290461,0.18841524,0.83018464,0.34418356
0.0,0.0,-0.3218743,0.06268198,-0.6033049,0.057662625,-0.81654054,0.15939638,-0.969385,0.26238754,-0.5156747,-0.68522036,-0.80387515,-0.8809829,-0.9282697,-0.6142825,-0.92922324,-0.34264603,-0.4685379,-0.7475501,-0.8238789,-0.96522504,-0.96524686,-0.6685787,-0.9543866,-0.39981064,-0.4396605,-0.7254426,-0.7890682,-1.0,-0.9432364,-0.7265599,-0.94893,-0.45809254,-0.46219257,-0.61810493,-0.7544874,-0.75494045,-0.8887657,-0.5633467,-0.9187556,-0.36034018
0.0,0.0,0.26700214,0.051545523,0.5631631,-0.0008133642,0.7861454,0.036696464,0.9810679,0.06362633,0.5532227,-0.6050417,0.77624077,-0.93217343,0.915952,-0.7814204,0.95686203,-0.58606386,0.46661422,-0.67774546,0.7390987,-1.0,0.88680863,-0.7780126,0.8996051,-0.54220116,0.37466043,-0.71597886,0.6457432,-0.9525216,0.80432445,-0.7333693,0.8462761,-0.50776845,0.27855152,-0.7004217,0.5150394,-0.83259845,0.6812858,-0.7201906,0.762629,-0.5822904
0.0,0.0,0.33708093,-0.15939666,0.5999668,-0.23895837,0.82695854,-0.21759716,0.9642956,-0.1389043,0.6902764,-0.68399423,1.0,-0.3013435,0.993382,-0.07770174,0.9202377,0.021583986,0.6338371,-0.6224688,0.98318124,-0.2241112,0.95038605,-0.016650155,0.8481588,0.075700365,0.56102896,-0.46148717,0.8759901,-0.13299893,0.8617986,0.056554142,0.7850307,0.15337296,0.4816663,-0.23852111,0.75115436,0.003260505,0.8191788,0.1751127,0.8288,0.30135873
0.0,0.0,-0.26389003,0.044814542,-0.5397802,0.07106394,-0.7310296,0.18271086,-0.8471439,0.29997677,-0.4880547,-0.53022635,-0.7659777,-0.7330464,-0.9224636,-0.5776506,-1.0,-0.3731885,-0.45652634,-0.5104306,-0.8264531,-0.6994318,-0.95845693,-0.4949714,-0.9589508,-0.29520518,-0.42382893,-0.4485851,-0.7348351,-0.6402574,-0.8901457,-0.46991155,-0.9289991,-0.28509495,-0.4067753,-0.33855623,-0.6452835,-0.4371241,-0.78476,-0.36575207,-0.85564154,-0.27460778
0.0,0.0,-0.2134529,0.042748563,-0.43762535,0.047271244,-0.60806155,0.1244311,-0.74918497,0.22809552,-0.45750815,-0.45067942,-0.76259786,-0.44782528,-0.9044662,-0.31298488,-0.9781542,-0.17272739,-0.43185285,-0.44316235,-0.7706944,-0.45853937,-0.9270348,-0.32530183,-1.0,-0.18028364,-0.4021217,-0.36591068,-0.7220848,-0.4117213,-0.8870344,-0.30620855,-0.974004,-0.18380377,-0.38165942,-0.23711492,-0.62570596,-0.2906213,-0.770411,-0.24376062,-0.85862404,-0.17272031
0.0,0.0,0.26084948,-0.162099,0.44988802,-0.34823802,0.61447835,-0.43986273,0.7530322,-0.47210327,0.4105933,-0.7530591,0.77972203,-0.8188119,0.94162816,-0.6655589,1.0,-0.5048462,0.40738362,-0.7152898,0.84647846,-0.7729745,0.9808017,-0.56859034,0.9937844,-0.39372247,0.4214952,-0.57821184,0.83456707,-0.5842573,0.9568823,-0.37671816,0.9655029,-0.21399191,0.45066166,-0.38167682,0.7697318,-0.4080043,0.88516635,-0.30029926,0.9222811,-0.19549043
0.0,0.0,-0.30803233,0.05662284,-0.5480317,0.037877258,-0.74753714,0.10268764,-0.8663766,0.16481297,-0.3909535,-0.7693914,-0.71164143,-0.9494933,-0.90350825,-0.7788337,-0.99424255,-0.54847246,-0.39298835,-0.7565085,-0.8152885,-0.93823147,-0.978593,-0.7301169,-1.0,-0.49727303,-0.40825745,-0.66997725,-0.780807,-0.82148474,-0.95143926,-0.63854676,-0.99699455,-0.42828804,-0.4705098,-0.49646017,-0.75995195,-0.57951057,-0.89276266,-0.45240718,-0.9392497,-0.3093224
0.0,0.0,-0.30144098,0.08574905,-0.5689052,0.09320619,-0.7838681,0.12541725,-0.94947094,0.16868918,-0.6553245,-0.5939768,-0.9306181,-0.57424206,-1.0,-0.3732899,-0.9857657,-0.1960346,-0.62753135,-0.661034,-0.9288904,-0.65107626,-0.9898352,-0.46262687,-0.9745293,-0.29753274,-0.5859355,-0.6260295,-0.86029106,-0.66586894,-0.9222313,-0.51317143,-0.9031462,-0.35911977,-0.54735756,-0.5211598,-0.7627766,-0.54052716,-0.83693963,-0.4392026,-0.8457251,-0.31724876
0.0,0.0,0.33643147,-0.1508318,0.56087995,-0.3149322,0.73160934,-0.41368604,0.8543995,-0.46017277,0.5587345,-0.76486224,0.8733629,-0.5445638,0.9705453,-0.33030754,1.0,-0.15531859,0.525458,-0.708997,0.8589379,-0.4364926,0.91067547,-0.22259142,0.8967382,-0.061156224,0.48549125,-0.5567249,0.7932412,-0.32536894,0.8178821,-0.14333645,0.7854006,-0.005112364,0.44819927,-0.34992203,0.7100245,-0.21770084,0.7941494,-0.096291296,0.8249112,0.018097986
0.0,0.0,0.3092135,0.056215685,0.5852493,0.016900375,0.814332,0.072044626,0.9780971,0.1820227,0.49405655,-0.66403615,0.8090555,-0.76739913,0.9564182,-0.5451273,1.0,-0.3177995,0.43746188,-0.70313174,0.8373202,-0.7821493,0.96522135,-0.5176703,0.9533265,-0.27606964,0.4079514,-0.67164034,0.77254546,-0.78358614,0.9100376,-0.53776515,0.9154554,-0.310181,0.40454912,-0.5730479,0.69888306,-0.6218489,0.8342047,-0.46347296,0.8778492,-0.29800224
0.0,0.0,-0.17931765,0.039399467,-0.38522857,-0.059756204,-0.5626288,-0.09548665,-0.71633047,-0.122997425,-0.24015245,-0.69382244,-0.5374562,-0.9106272,-0.7280269,-0.7957891,-0.7944379,-0.65032864,-0.2402148,-0.7339064,-0.5762989,-1.0,-0.75888234,-0.83495134,-0.8112437,-0.67676604,-0.2836658,-0.6783861,-0.6346877,-0.9447663,-0.8029799,-0.7932002,-0.86482555,-0.64477843,-0.36399055,-0.5271378,-0.6597794,-0.6945679,-0.8084718,-0.6234798,-0.8727672,-0.527341
0.0,0.0,-0.30844793,0.05301861,-0.5447305,0.02167024,-0.76403683,0.09976736,-0.94050753,0.1933809,-0.41767004,-0.74604094,-0.806377,-0.7780989,-0.93856645,-0.5158917,-0.9539534,-0.27294147,-0.40678433,-0.79546475,-0.8627481,-0.88169473,-0.9882948,-0.6132251,-0.9941116,-0.365645,-0.41996512,-0.7255642,-0.8545969,-0.8591834,-0.9859155,-0.6098398,-1.0,-0.364809,-0.49260926,-0.56372243,-0.8255265,-0.6130874,-0.9359919,-0.4544728,-0.96011823,-0.28559047
0.0,0.0,-0.30971497,0.07468977,-0.55667365,0.06085021,-0.75429803,0.1438383,-0.8829562,0.24368565,-0.38919008,-0.7517711,-0.73856866,-0.8947833,-0.9161144,-0.70461655,-0.98569405,-0.46772623,-0.38748023,-0.74687415,-0.8373805,-0.8928676,-0.98493475,-0.65654075,-0.99673367,-0.41258693,-0.4059999,-0.6580737,-0.8025259,-0.77898073,-0.96064186,-0.5791725,-1.0,-0.35849026,-0.47022688,-0.48613876,-0.77235836,-0.5436616,-0.9056634,-0.41457406,-0.9616801,-0.27147275
0.0,0.0,-0.29073256,0.057478804,-0.602987,0.0027058378,-0.82945824,0.061001092,-0.99505997,0.1971069,-0.61723655,-0.5919853,-0.81669325,-0.8936062,-0.93993384,-0.7641851,-0.97654414,-0.5837725,-0.56405807,-0.6636914,-0.8112041,-0.9870371,-0.9543133,-0.80117935,-0.9769826,-0.58164364,-0.50679463,-0.703255,-0.77305996,-1.0,-0.9200911,-0.7829765,-0.9451189,-0.5551347,-0.45643535,-0.7067887,-0.70535177,-0.8809938,-0.8460458,-0.7462927,-0.8973484,-0.5733775
0.0,0.0,0.28271273,0.119791225,0.57358223,0.13211142,0.80439967,0.20182653,0.97964686,0.3364015,0.6761527,-0.4336302,0.896939,-0.7197485,0.9899073,-0.5873034,1.0,-0.42145297,0.60407007,-0.52625215,0.8526148,-0.84329355,0.95033,-0.64730376,0.9294222,-0.4416831,0.51786166,-0.5900737,0.7639601,-0.8746147,0.8747402,-0.6585003,0.878007,-0.43286845,0.4208411,-0.6162743,0.6428649,-0.7682262,0.7765227,-0.64115167,0.8266776,-0.48909378
0.0,0.0,0.28559154,0.041003384,0.5919266,0.015950141,0.81349325,0.0995726,1.0,0.19069771,0.56586033,-0.551392,0.74136466,-0.79087067,0.8723992,-0.7065728,0.9448826,-0.5458195,0.46903974,-0.61440647,0.6764273,-0.93770593,0.84666926,-0.90657514,0.9454374,-0.7683601,0.36644575,-0.634908,0.60084075,-0.892206,0.7670445,-0.8305998,0.8759788,-0.6933539,0.26648986,-0.58124685,0.47066826,-0.6762486,0.5823105,-0.6484927,0.65026486,-0.5778029
0.0,0.0,0.29881066,0.061152145,0.5214256,-0.028529255,0.73869497,-0.015847895,0.9272218,0.051481165,0.34313822,-0.7680129,0.6246757,-0.95295817,0.77095747,-0.7847901,0.8051581,-0.59135896,0.31947893,-0.80475986,0.6526081,-1.0,0.80372375,-0.8080688,0.81855786,-0.5946674,0.3368837,-0.77097684,0.67097974,-0.990013,0.8263464,-0.8081184,0.84447396,-0.60301256,0.40182602,-0.67314917,0.68102807,-0.83633214,0.8159906,-0.71979815,0.8499998,-0.56090724
0.0,0.0,-0.19902633,-0.078032106,-0.40866557,-0.23675038,-0.58614177,-0.29275188,-0.7336975,-0.2549744,-0.3071941,-0.6412268,-0.39551365,-0.97251123,-0.5094709,-0.92406315,-0.55760753,-0.782999,-0.2411485,-0.6649556,-0.35365057,-1.0,-0.47805023,-0.922826,-0.510083,-0.76556146,-0.17614312,-0.65983063,-0.30500644,-0.98431706,-0.43793288,-0.9057086,-0.47937682,-0.76024574,-0.115671754,-0.6266563,-0.25601858,-0.82233083,-0.3744091,-0.8022128,-0.42932367,-0.7245296
0.0,0.0,-0.31043178,0.071628846,-0.60297894,0.034887813,-0.8209775,0.13188528,-0.9670037,0.293421,-0.5613318,-0.6798895,-0.8110469,-0.8999555,-0.9388636,-0.6948162,-0.95475996,-0.45301914,-0.51797587,-0.74612635,-0.8255304,-0.99182856,-0.9755732,-0.75557846,-0.9934975,-0.50287145,-0.4826551,-0.7509408,-0.8063598,-1.0,-0.9683119,-0.7577896,-0.9998632,-0.50367063,-0.4859074,-0.68112105,-0.77610576,-0.8120455,-0.9137778,-0.6371299,-0.9614515,-0.43158004
0.0,0.0,0.28464174,0.056332234,0.58549035,0.035309874,0.8189411,0.08459001,1.0,0.14561968,0.6609575,-0.46030274,0.8943968,-0.6753303,0.96908504,-0.5147226,0.9873082,-0.34688768,0.5836441,-0.54924256,0.83547217,-0.7870951,0.86997813,-0.5527014,0.82488096,-0.34148583,0.49213472,-0.6062992,0.7407522,-0.82501024,0.78344834,-0.552345,0.7447755,-0.30822012,0.3855255,-0.6146451,0.60307777,-0.7143003,0.69956636,-0.5400941,0.7238312,-0.36119005
0.0,0.0,0.23428792,-0.017421758,0.40987635,-0.1427082,0.59204334,-0.1660282,0.7483213,-0.15033549,0.24119921,-0.76065195,0.5293222,-0.9810278,0.67143065,-0.8146758,0.6993017,-0.6267578,0.22998334,-0.7587502,0.5578404,-1.0,0.70571065,-0.8248387,0.71754915,-0.6324617,0.2654075,-0.70766395,0.58478665,-0.9661275,0.73120004,-0.80719817,0.74620223,-0.6296762,0.34209266,-0.6108021,0.5967842,-0.8199908,0.72077847,-0.72465,0.74190336,-0.5848542
0.0,0.0,0.358033,0.062098593,0.6213766,0.024493335,0.8303327,0.09039712,1.0,0.19455676,0.63986456,-0.57488626,0.8511597,-0.7887294,0.92636347,-0.6305285,0.91414577,-0.46679884,0.5828052,-0.6547656,0.828552,-0.9043198,0.90735984,-0.6840457,0.86270493,-0.46249762,0.51561415,-0.70615375,0.7716151,-0.97478217,0.86834276,-0.7326347,0.8463059,-0.4929265,0.44759423,-0.7065128,0.69781834,-0.8772935,0.8286927,-0.71853405,0.87465787,-0.5363461
0.0,0.0,0.30752265,0.122890934,0.50409657,0.11753454,0.6370861,0.083967686,0.7672823,0.03464463,0.63368773,-0.3852892,0.86653453,-0.31759527,0.96398956,-0.10100341,1.0,0.10209985,0.57030916,-0.4646888,0.84931976,-0.41510677,0.96550274,-0.15587446,0.9937199,0.07837991,0.48492822,-0.4528621,0.77274406,-0.42984974,0.9116512,-0.1654579,0.9652571,0.07669687,0.39455092,-0.34783748,0.64322513,-0.2748578,0.7829951,-0.120380186,0.86255485,0.038928933
0.0,0.0,0.16468234,0.14053354,0.36158764,0.1422335,0.53260374,0.11720008,0.6971606,0.12972564,0.42562976,-0.31888673,0.6142542,-0.52376145,0.74224067,-0.6422385,0.8530538,-0.74391514,0.33370402,-0.45930362,0.5139567,-0.68894106,0.64440435,-0.8297416,0.7579844,-0.9520372,0.21736588,-0.538066,0.36666688,-0.7524398,0.47268552,-0.885845,0.56865555,-1.0,0.08364663,-0.5672894,0.19268227,-0.7581111,0.27112484,-0.8727189,0.35028327,-0.97058034
0.0,0.0,0.13474682,-0.12744223,0.23026483,-0.3057369,0.2543024,-0.47663587,0.23985894,-0.6114799,0.08933219,-0.53519243,0.08697568,-0.73315686,0.07790018,-0.85480964,0.06876564,-0.9609865,0.0033381765,-0.5390331,-0.016378934,-0.7509467,-0.03009584,-0.8876012,-0.042407457,-1.0,-0.07312363,-0.49920973,-0.10547381,-0.69832,-0.11887799,-0.8319203,-0.12729466,-0.94366944,-0.14761157,-0.41735375,-0.20389515,-0.5659163,-0.23358466,-0.6677123,-0.25793695,-0.75738406
0.0,0.0,-0.1362167,-0.07087996,-0.2774469,-0.18923393,-0.3819599,-0.28440714,-0.45031235,-0.35767493,-0.23636319,-0.4732254,-0.3026273,-0.6313599,-0.35519052,-0.7063235,-0.39235425,-0.7572672,-0.1587052,-0.5278185,-0.21644342,-0.73446125,-0.25582343,-0.862647,-0.28659365,-0.96399057,-0.07106253,-0.5345471,-0.100720376,-0.7508881,-0.13219926,-0.88678986,-0.16508093,-1.0,0.023045106,-0.49558318,0.037117656,-0.6616917,0.029326804,-0.77513856,0.009750254,-0.872338
0.0,0.0,0.116911255,-0.13364565,0.18642057,-0.3303236,0.20994543,-0.5023481,0.22198486,-0.6369494,0.026216045,-0.55693847,-0.009046394,-0.7621338,-0.043560136,-0.892202,-0.07464199,-1.0,-0.06681338,-0.53235155,-0.10473367,-0.746617,-0.1333689,-0.88230276,-0.15933843,-0.99158245,-0.14086546,-0.4612078,-0.19244489,-0.636998,-0.22019747,-0.73624307,-0.24288051,-0.8159842,-0.20015244,-0.35398602,-0.24034156,-0.45729572,-0.25978923,-0.49551442,-0.27312708,-0.51905346
0.0,0.0,0.11591198,-0.13274617,0.19388926,-0.3072624,0.23949283,-0.37785894,0.27639475,-0.37243083,0.031955432,-0.5611881,0.016690945,-0.7564537,-0.0008068079,-0.87751704,-0.01417859,-0.97770774,-0.04891944,-0.5482059,-0.070792355,-0.76069105,-0.08531212,-0.8931437,-0.0940843,-1.0,-0.11695128,-0.50662494,-0.14821358,-0.70518154,-0.15331995,-0.8258265,-0.15377688,-0.9247252,-0.18051259,-0.43106344,-0.20725064,-0.58927083,-0.21449864,-0.6914334,-0.21469522,-0.78483206
0.0,0.0,-0.16062002,0.0015701494,-0.32723305,-0.07765773,-0.4478885,-0.1675284,-0.5362866,-0.26061898,-0.38394153,-0.40758142,-0.48299584,-0.6144965,-0.53071874,-0.74975556,-0.56018305,-0.86188614,-0.32656813,-0.49009827,-0.40748784,-0.7052887,-0.4501002,-0.84642726,-0.47557697,-0.96453595,-0.25195408,-0.53335834,-0.32260832,-0.7415933,-0.36067516,-0.88296646,-0.380303,-1.0,-0.16183886,-0.5430932,-0.21357572,-0.71066004,-0.2523071,-0.8192629,-0.27480984,-0.91481775
0.0,0.0,-0.1400336,-0.10006281,-0.23823465,-0.28669527,-0.23912166,-0.4514387,-0.15130015,-0.4905142,-0.1614177,-0.5643856,-0.15765917,-0.74369663,-0.15858218,-0.84780705,-0.15874022,-0.93161666,-0.08579231,-0.57122695,-0.08283984,-0.7742449,-0.09109712,-0.89779276,-0.09972977,-1.0,-0.00865579,-0.5322314,-0.0040504825,-0.73963076,-0.012486719,-0.8568759,-0.026301527,-0.9532913,0.068591,-0.45361158,0.10021504,-0.5959705,0.11131252,-0.6850354,0.11355534,-0.7629685
0.0,0.0,-0.09258069,-0.061703257,-0.17473999,-0.16802976,-0.24344572,-0.24225079,-0.29912204,-0.31211135,-0.08459117,-0.4601503,-0.026784303,-0.6773297,0.01144054,-0.81863195,0.04640877,-0.92828673,0.0069609336,-0.45634273,0.05588646,-0.7005494,0.089103326,-0.87188673,0.12116716,-1.0,0.08208979,-0.39993107,0.12541936,-0.45333055,0.0918724,-0.3480669,0.057175096,-0.26205465,0.14283982,-0.31219345,0.17269666,-0.3252298,0.14718814,-0.25050998,0.117022775,-0.18592615
0.0,0.0,-0.13625084,-0.09985534,-0.25673032,-0.24995929,-0.31577787,-0.3762032,-0.31257287,-0.4693458,-0.160638,-0.54374236,-0.2040686,-0.7333662,-0.23883091,-0.85041445,-0.2594254,-0.94496554,-0.084989324,-0.5616566,-0.12109254,-0.77197033,-0.14518827,-0.8973272,-0.15862332,-1.0,-0.007871015,-0.5422484,-0.024934197,-0.73396945,-0.037599094,-0.8544616,-0.04287382,-0.9542369,0.067332394,-0.48469844,0.06459497,-0.6380338,0.05891279,-0.73464954,0.055963386,-0.81295747
0.0,0.0,-0.12561938,-0.10579142,-0.23210573,-0.27921617,-0.27995023,-0.42348152,-0.26026005,-0.48758385,-0.13767543,-0.5213966,-0.15648204,-0.7081124,-0.16801812,-0.8468219,-0.17088568,-0.96181625,-0.06633345,-0.53464097,-0.072481886,-0.7405731,-0.07815244,-0.8815485,-0.077795155,-1.0,0.004324837,-0.51302063,0.0071678613,-0.7002673,0.010404322,-0.8325408,0.018541379,-0.9452484,0.07155285,-0.45517302,0.07965917,-0.60939205,0.08638905,-0.71519196,0.09533648,-0.8032608
0.0,0.0,0.12532894,-0.15853979,0.20242046,-0.34494367,0.25510177,-0.5155381,0.32074085,-0.6336087,0.025738828,-0.55920917,-0.02308393,-0.75578135,-0.06115432,-0.8743168,-0.09385099,-0.9827884,-0.059393592,-0.5366067,-0.10292177,-0.7483706,-0.13303742,-0.88222957,-0.15786496,-1.0,-0.12940079,-0.47807872,-0.16559735,-0.6826651,-0.18600675,-0.8104185,-0.20292199,-0.92476135,-0.19228488,-0.3920944,-0.22095804,-0.55197126,-0.23041815,-0.65565825,-0.2372069,-0.7544943
0.0,0.0,-0.17571375,-0.026051944,-0.34256172,-0.12797815,-0.44072437,-0.23589149,-0.4714289,-0.30442637,-0.33018693,-0.5345556,-0.41690412,-0.7430405,-0.48504236,-0.8665628,-0.55045635,-0.9694309,-0.26775944,-0.5777481,-0.3681933,-0.78913254,-0.454089,-0.9076546,-0.5374334,-1.0,-0.19486396,-0.5888622,-0.2966545,-0.7915374,-0.37746847,-0.9078604,-0.45332184,-0.99775976,-0.10775274,-0.5717887,-0.18280062,-0.75196105,-0.24328336,-0.8504256,-0.30485448,-0.92574096
0.0,0.0,0.14392433,-0.08183541,0.25163698,-0.23418403,0.3258873,-0.38920507,0.40750995,-0.4826273,0.17362876,-0.5081192,0.20402786,-0.7122854,0.2153114,-0.8414079,0.22264495,-0.9495679,0.099696964,-0.5354059,0.13248736,-0.7569797,0.15218376,-0.8909978,0.16880009,-1.0,0.029540097,-0.5237128,0.05823273,-0.73012114,0.083821855,-0.8507756,0.10728427,-0.9486663,-0.04614572,-0.47905076,-0.0282078,-0.63227,-0.004269055,-0.72894335,0.020384114,-0.8157231
0.0,0.0,0.15778331,-0.09448918,0.300553,-0.23349471,0.4061607,-0.37215772,0.4691423,-0.49441788,0.19483513,-0.52710366,0.25134006,-0.7127106,0.27321246,-0.83135766,0.2870683,-0.93228126,0.09266334,-0.5504254,0.107030794,-0.74820054,0.11424208,-0.88592416,0.114071116,-1.0,0.0013319218,-0.53232086,0.0009131774,-0.723701,0.0027513767,-0.84919304,0.004612312,-0.9487634,-0.08231035,-0.47723877,-0.101322204,-0.63531077,-0.111687325,-0.73968613,-0.112750456,-0.8256715
0.0,0.0,0.16147257,-0.044528484,0.3055078,-0.17224525,0.411505,-0.3133039,0.50497866,-0.40745252,0.26102558,-0.5063651,0.3228961,-0.7130273,0.35419625,-0.84129196,0.3818901,-0.9484999,0.18397261,-0.5564131,0.24784698,-0.7747645,0.28929064,-0.9010433,0.32902747,-1.0,0.10663983,-0.56342167,0.1660117,-0.76869017,0.21222208,-0.88493705,0.25801927,-0.9741462,0.02056889,-0.5359521,0.06655552,-0.6943708,0.10620226,-0.78988075,0.14784817,-0.8726001
0.0,0.0,-0.16985682,-0.042481083,-0.32835084,-0.15194355,-0.43172675,-0.26651782,-0.5192991,-0.36736527,-0.32647586,-0.4560544,-0.4310056,-0.635175,-0.49922875,-0.73964083,-0.55554426,-0.8300594,-0.25702482,-0.52786577,-0.35166335,-0.7454088,-0.41797736,-0.87011814,-0.47311834,-0.9686387,-0.17479748,-0.55205613,-0.2463876,-0.7715315,-0.3011797,-0.89827156,-0.35057017,-1.0,-0.081533015,-0.5335246,-0.10587208,-0.70303375,-0.13034403,-0.81377995,-0.15487802,-0.91065735
0.0,0.0,0.17730778,0.010881656,0.3519792,-0.0883556,0.4961116,-0.19456875,0.6140011,-0.24017811,0.36187693,-0.48852503,0.45576695,-0.6991912,0.5002371,-0.8371196,0.53261656,-0.95043683,0.26809326,-0.5641456,0.35570532,-0.7888671,0.40796074,-0.9106402,0.44861326,-1.0,0.16246554,-0.5926902,0.22358589,-0.81024534,0.2684924,-0.9170087,0.31239295,-0.9909427,0.042620018,-0.5797322,0.067441344,-0.77707314,0.08960281,-0.89352965,0.11703475,-0.98014206
0.0,0.0,-0.15367734,-0.0044189338,-0.31699324,-0.09053475,-0.43985844,-0.15374394,-0.5500417,-0.1650561,-0.3516582,-0.47089696,-0.45033222,-0.6694001,-0.504742,-0.79532516,-0.55136716,-0.90552366,-0.2945423,-0.54310226,-0.39220443,-0.7646409,-0.45400736,-0.8938132,-0.5076883,-0.9998433,-0.22391859,-0.5692893,-0.312099,-0.78590655,-0.36939818,-0.90419984,-0.42222697,-1.0,-0.13827865,-0.55806684,-0.20147657,-0.7321928,-0.2521483,-0.83393663,-0.3033922,-0.9177139
0.0,0.0,-0.09027043,-0.14707951,-0.13537562,-0.3267499,-0.13981783,-0.46152544,-0.112134695,-0.54265857,0.035094276,-0.55684423,0.08120585,-0.7541545,0.104477115,-0.8811177,0.12586604,-0.9881538,0.11098009,-0.52668107,0.17071396,-0.7407623,0.2031197,-0.881769,0.22950624,-1.0,0.1716879,-0.46004844,0.24019839,-0.6565923,0.27484083,-0.7867243,0.29810673,-0.8985999,0.21666564,-0.35833076,0.2949702,-0.48173192,0.34152132,-0.5762864,0.3770402,-0.66379714
0.0,0.0,0.18082464,-0.042058676,0.35626036,-0.14810236,0.4976579,-0.2721394,0.6131687,-0.37979764,0.34706682,-0.53169966,0.46831712,-0.67619646,0.55120677,-0.7433361,0.61844856,-0.7826509,0.2426051,-0.5992022,0.32393497,-0.8033389,0.3748252,-0.91799146,0.4082841,-1.0,0.13946243,-0.61661154,0.19760154,-0.8027182,0.22438776,-0.8944051,0.24164914,-0.95342773,0.035682358,-0.5854451,0.071026176,-0.7263247,0.080300525,-0.7629282,0.082189314,-0.7761072
0.0,0.0,-0.10901606,-0.033606622,-0.19062364,-0.15390518,-0.22691122,-0.2667915,-0.25412175,-0.3615049,-0.1246545,-0.448175,-0.13864116,-0.64831644,-0.15566349,-0.7747983,-0.17291349,-0.8809945,-0.044595506,-0.47404364,-0.064901985,-0.70652455,-0.08333831,-0.8662508,-0.10497435,-1.0,0.032019213,-0.4558189,0.02013464,-0.6787844,0.0050435755,-0.81649464,-0.011740416,-0.9313425,0.1122194,-0.40187785,0.120178826,-0.5759611,0.118188016,-0.6911418,0.111690044,-0.7927502
0.0,0.0,-0.1383257,-0.08801463,-0.25989407,-0.23765856,-0.34886897,-0.34854975,-0.43000692,-0.4131524,-0.1467184,-0.5285931,-0.17102976,-0.7275818,-0.18903203,-0.84554493,-0.20475395,-0.94754016,-0.08711353,-0.54781383,-0.11437003,-0.7646378,-0.13412808,-0.8911845,-0.15160127,-1.0,-0.023360213,-0.5348057,-0.047495797,-0.7425208,-0.06651304,-0.8643563,-0.08549072,-0.9679038,0.04910072,-0.48809114,0.034043588,-0.64700943,0.017153285,-0.7463603,-0.0016186824,-0.83188975
0.0,0.0,0.12839614,-0.11357866,0.22448727,-0.29399395,0.2875168,-0.45109993,0.35303125,-0.5628251,0.09569122,-0.5385257,0.1153601,-0.74143416,0.12319291,-0.8681462,0.13020353,-0.9811011,0.011507985,-0.5473071,0.004898409,-0.7543489,0.0014412444,-0.88515174,-0.0037561767,-1.0,-0.07051158,-0.51112264,-0.096798696,-0.7046946,-0.11643926,-0.8307172,-0.13237646,-0.94315225,-0.15066022,-0.43258125,-0.21298656,-0.5607939,-0.24891187,-0.645253,-0.27750564,-0.7238794
0.0,0.0,-0.14538197,-0.072780296,-0.26574513,-0.19998443,-0.3222046,-0.3058752,-0.33936924,-0.39146334,-0.20497543,-0.5369489,-0.24339095,-0.74053276,-0.26521173,-0.86197096,-0.2828922,-0.96727836,-0.13810137,-0.5637355,-0.18005642,-0.777597,-0.21507448,-0.9019122,-0.247383,-1.0,-0.06714795,-0.5584661,-0.11025823,-0.7690318,-0.1489861,-0.88578385,-0.18492943,-0.973535,0.012489237,-0.523162,-0.012350208,-0.698682,-0.043979872,-0.80107856,-0.07981163,-0.88423103
0.0,0.0,-0.06519357,-0.18866597,-0.062336173,-0.41641438,-0.03716325,-0.57541376,-0.031443335,-0.7051048,0.12880504,-0.55797595,0.2053975,-0.7710347,0.2571284,-0.8972843,0.3043305,-1.0,0.20882216,-0.51133454,0.3130517,-0.7242432,0.3750435,-0.85895884,0.42622876,-0.96527475,0.26403177,-0.4358752,0.38313773,-0.61026925,0.44438258,-0.7279552,0.4883798,-0.8289082,0.29784682,-0.33354142,0.4071997,-0.44245628,0.46826115,-0.52690667,0.5158642,-0.604201
0.0,0.0,-0.12389149,-0.1385864,-0.19514522,-0.36547178,-0.23484755,-0.5215913,-0.26918387,-0.639854,-0.04974127,-0.5779571,-0.045412153,-0.7794135,-0.040051676,-0.90257233,-0.033466246,-1.0,0.04331933,-0.56481963,0.11619778,-0.77169645,0.155973,-0.8994273,0.18879965,-0.9987195,0.11625108,-0.51461375,0.19024567,-0.706107,0.22845432,-0.82848173,0.2567748,-0.9317636,0.17087837,-0.43244004,0.24135496,-0.5634818,0.28231123,-0.6565716,0.3122788,-0.73982
0.0,0.0,0.33220872,-0.24237332,0.5887611,-0.55376834,0.7793181,-0.7878468,0.96694064,-0.8946726,0.3014312,-0.996603,0.45237556,-0.9710244,0.45546657,-0.78144944,0.40815127,-0.6533013,0.123544976,-1.0,0.27799737,-0.9225429,0.2910385,-0.74857193,0.24505647,-0.6266613,-0.018457718,-0.9285653,0.12960206,-0.8732554,0.14107268,-0.74342585,0.100385286,-0.63236487,-0.13438398,-0.8345073,-0.01933695,-0.82344455,-0.0052719987,-0.710126,-0.029351378,-0.6161131
0.0,0.0,0.12249531,-0.13897528,0.19891375,-0.31308532,0.21406874,-0.48849237,0.21006829,-0.6345602,0.06626374,-0.5310439,0.07129787,-0.73085845,0.065221146,-0.852669,0.057525832,-0.9654304,-0.014063424,-0.5324603,-0.031117154,-0.7380507,-0.038973317,-0.8768372,-0.043823067,-1.0,-0.087523274,-0.49579936,-0.12028115,-0.67823124,-0.12669839,-0.8063899,-0.12514205,-0.91861695,-0.15889901,-0.4259527,-0.22080436,-0.5646166,-0.25347853,-0.6642893,-0.27950224,-0.7599389
0.0,0.0,-0.17663968,-0.0019586405,-0.3548347,-0.09657825,-0.48192605,-0.20312813,-0.5939463,-0.2678372,-0.37958536,-0.43394184,-0.5199111,-0.5971152,-0.6005627,-0.6926052,-0.6704666,-0.78045344,-0.31563896,-0.5251938,-0.43684924,-0.7378255,-0.5099916,-0.8632719,-0.57175815,-0.9669929,-0.2363658,-0.56512374,-0.328697,-0.77282673,-0.39015937,-0.8966042,-0.4494736,-1.0,-0.13998777,-0.5716794,-0.19213209,-0.7450682,-0.23066735,-0.8486087,-0.27097806,-0.9404099
0.0,0.0,-0.11349189,-0.077710494,-0.19269665,-0.25591698,-0.22507106,-0.41613096,-0.28164226,-0.5217295,-0.12651682,-0.49240476,-0.18132167,-0.6969545,-0.21511877,-0.82410663,-0.23703536,-0.9331327,-0.04692929,-0.5222911,-0.08350835,-0.7499327,-0.10024575,-0.8887842,-0.10929882,-1.0,0.03328815,-0.5073217,0.012266707,-0.71783656,-0.00023018618,-0.83465964,-0.010823641,-0.92754257,0.11726796,-0.45525545,0.12080617,-0.6065993,0.12070298,-0.69932616,0.11921606,-0.7756565
0.0,0.0,0.15690503,-0.016937908,0.3130864,-0.09976365,0.4248411,-0.21211413,0.44989425,-0.3639997,0.22910628,-0.48390314,0.29213384,-0.70331615,0.3190658,-0.8351675,0.33998322,-0.9512238,0.14228241,-0.5317183,0.18054648,-0.75324696,0.194447,-0.8880951,0.20348604,-1.0,0.052679367,-0.5416591,0.082314365,-0.7480946,0.09893247,-0.87489045,0.11203015,-0.97979444,-0.038671896,-0.5180928,-0.019555334,-0.6829325,-0.006252196,-0.78494287,0.008321758,-0.8688819
0.0,0.0,-0.17907554,0.12511165,-0.42013565,0.122379355,-0.5984346,0.031729262,-0.7258517,-0.07962387,-0.6009943,-0.25980684,-0.80816925,-0.40660715,-0.91534877,-0.5157767,-0.98975056,-0.6230856,-0.5578666,-0.41933924,-0.76056635,-0.6181784,-0.8659968,-0.76562774,-0.9374105,-0.9018804,-0.4785426,-0.5294716,-0.6591894,-0.72423226,-0.76525277,-0.86940145,-0.84664696,-1.0,-0.36830395,-0.59791315,-0.5060311,-0.7556687,-0.5950879,-0.8562637,-0.66876835,-0.9509884
0.0,0.0,-0.15426491,-0.05061442,-0.29879013,-0.17602672,-0.39248,-0.28984436,-0.46822858,-0.39007458,-0.25992993,-0.49413684,-0.31636417,-0.7029208,-0.3522535,-0.8222551,-0.38339552,-0.9240337,-0.18614261,-0.5347577,-0.24368672,-0.7575295,-0.27903304,-0.88943917,-0.30929407,-1.0,-0.10540695,-0.537196,-0.15184635,-0.7535076,-0.18085112,-0.8817598,-0.20817326,-0.98897094,-0.013437402,-0.50665784,-0.041550983,-0.68348825,-0.06445097,-0.7923944,-0.088921495,-0.8872086
0.0,0.0,-0.12753418,-0.084721886,-0.23641326,-0.2369489,-0.3144061,-0.35664326,-0.38652262,-0.41047332,-0.13091531,-0.5240624,-0.16337787,-0.7074285,-0.18572749,-0.82791394,-0.20467725,-0.92903876,-0.043330047,-0.54459876,-0.045073777,-0.7543509,-0.05528872,-0.88715905,-0.0698622,-1.0,0.037839413,-0.518968,0.055779997,-0.7184022,0.054162487,-0.84950167,0.045456868,-0.962546,0.11164157,-0.45352,0.15152837,-0.60460675,0.16085221,-0.7130113,0.16227052,-0.8124285
0.0,0.0,0.16131447,0.00010245999,0.3179184,-0.07538479,0.42970046,-0.17398064,0.5214182,-0.24973327,0.28015533,-0.47942817,0.3863937,-0.66145325,0.4417395,-0.7679822,0.48426434,-0.86124176,0.19829762,-0.54846597,0.2827645,-0.7645779,0.32922554,-0.8929813,0.3657643,-1.0,0.10884178,-0.57350206,0.17060632,-0.7696546,0.21834858,-0.87507474,0.2618926,-0.96141726,0.010642138,-0.5606429,0.03903532,-0.71333796,0.07875175,-0.7783613,0.122658014,-0.81999165
0.0,0.0,-0.115307316,-0.15868647,-0.17088935,-0.38137466,-0.18127492,-0.52802664,-0.182472,-0.6300059,-0.010273621,-0.581801,0.028946098,-0.78237325,0.051433988,-0.8975929,0.06558735,-0.9767522,0.07510498,-0.5598493,0.12799296,-0.7739751,0.14875183,-0.90857553,0.15679993,-1.0,0.1483849,-0.5016576,0.20343705,-0.69270587,0.20885155,-0.8065837,0.20404588,-0.88590765,0.20801285,-0.41056058,0.2806803,-0.54418653,0.32156888,-0.64147276,0.35309693,-0.7240738
0.0,0.0,-0.17677645,0.053068258,-0.3880668,0.00543786,-0.5226002,-0.06269625,-0.6151523,-0.12627451,-0.49799833,-0.31808826,-0.66640806,-0.41368726,-0.7503948,-0.47111002,-0.8046755,-0.520331,-0.4526123,-0.44639397,-0.6296441,-0.60320187,-0.7149763,-0.7020011,-0.7741961,-0.78061473,-0.37004733,-0.5383251,-0.52136236,-0.72438854,-0.6130035,-0.8294254,-0.69539225,-0.9166365,-0.25368235,-0.5902368,-0.32169396,-0.7782449,-0.37365136,-0.8956635,-0.42527962,-1.0
0.0,0.0,0.14465304,-0.035545453,0.28101155,-0.14011885,0.39255938,-0.2457816,0.4897075,-0.31484762,0.23949218,-0.49548438,0.31837687,-0.68697685,0.350206,-0.80562115,0.37340218,-0.90986216,0.15361917,-0.554785,0.2108093,-0.7721716,0.2408931,-0.8972554,0.263408,-1.0,0.06199283,-0.56658846,0.10016569,-0.7687772,0.12219081,-0.8899077,0.14149585,-0.98914486,-0.03441441,-0.5344535,-0.03404099,-0.6891821,-0.032478757,-0.785834,-0.027733948,-0.8659198
0.0,0.0,-0.12621966,-0.08733003,-0.22561952,-0.26018214,-0.25493664,-0.4008511,-0.2455557,-0.47405788,-0.103405,-0.5480308,-0.124697596,-0.7392258,-0.14828578,-0.8568285,-0.17211692,-0.95216745,-0.023608068,-0.55439544,-0.021161757,-0.77005064,-0.025597224,-0.89778054,-0.030134223,-1.0,0.051351193,-0.5205862,0.060620274,-0.7333141,0.065038994,-0.86029315,0.06774738,-0.96804625,0.1224117,-0.44983846,0.14772657,-0.6062797,0.16333234,-0.70406014,0.17677377,-0.7930518
0.0,0.0,0.109936476,-0.12670851,0.1669407,-0.3047343,0.20515995,-0.46477127,0.25542733,-0.59095734,-0.017183183,-0.5094464,-0.03661513,-0.72331667,-0.051553454,-0.86082166,-0.068241425,-0.98273677,-0.102768146,-0.49530074,-0.15490279,-0.71940064,-0.19252075,-0.8697444,-0.22864139,-1.0,-0.17135234,-0.43702838,-0.23081844,-0.6305921,-0.26400715,-0.76337636,-0.29351348,-0.88154614,-0.22915101,-0.34344244,-0.3014322,-0.47285235,-0.3481621,-0.56678194,-0.38960296,-0.6585927
0.0,0.0,-0.16849007,0.009414134,-0.3310938,-0.099310644,-0.4308876,-0.23757394,-0.5050853,-0.35481074,-0.27838865,-0.40693733,-0.40584967,-0.5974993,-0.48113447,-0.72502595,-0.53300345,-0.8312682,-0.19762665,-0.49118116,-0.29549953,-0.7264812,-0.35547426,-0.8793789,-0.39680886,-1.0,-0.108386114,-0.52422494,-0.18352859,-0.7549051,-0.23345612,-0.8910106,-0.2741433,-0.9955918,-0.0082019735,-0.5157933,-0.0377383,-0.70035523,-0.069349006,-0.8089166,-0.1002723,-0.89479274
0.0,0.0,-0.18119021,-0.025483135,-0.36006954,-0.14174089,-0.4778919,-0.26365855,-0.57686436,-0.3537766,-0.3615569,-0.45526993,-0.47142324,-0.6512065,-0.52989906,-0.7696969,-0.57662934,-0.8737231,-0.28968406,-0.53135836,-0.38975388,-0.75599086,-0.447809,-0.8890949,-0.49400002,-0.9984797,-0.20806609,-0.55934775,-0.29128814,-0.7702793,-0.35034078,-0.8951831,-0.40143022,-1.0,-0.10884081,-0.55575854,-0.12797457,-0.72905934,-0.14441158,-0.8439298,-0.15963544,-0.94705135
0.0,0.0,-0.14505,-0.060745228,-0.2654654,-0.20187695,-0.341342,-0.32455954,-0.4146807,-0.40939304,-0.18743217,-0.5101001,-0.22006589,-0.7134064,-0.2360661,-0.8375388,-0.24889186,-0.9415351,-0.121293314,-0.5444156,-0.1547689,-0.760216,-0.17550443,-0.89201397,-0.19338588,-1.0,-0.051737916,-0.53881687,-0.084295,-0.74557805,-0.109468326,-0.86723167,-0.13175078,-0.9692228,0.025772197,-0.49633503,0.008392317,-0.66081375,-0.01318816,-0.7621404,-0.036185447,-0.84817827
0.0,0.0,-0.2002347,0.037418384,-0.4365401,-0.052546643,-0.6046741,-0.21060634,-0.7232556,-0.34286344,-0.5631241,-0.4073122,-0.7279352,-0.59123653,-0.819895,-0.7082744,-0.8968306,-0.81911474,-0.50197417,-0.5153408,-0.67127836,-0.713546,-0.773456,-0.8335504,-0.8625572,-0.9420601,-0.40906754,-0.5787169,-0.57036895,-0.78160703,-0.67284244,-0.9004259,-0.76730853,-1.0,-0.28120163,-0.61800253,-0.3971213,-0.80054724,-0.47359073,-0.90053105,-0.547466,-0.98664314
0.0,0.0,-0.09415365,-0.13397057,-0.13532937,-0.3389022,-0.14608021,-0.5067021,-0.16940625,-0.64479125,0.0326372,-0.52077585,0.07527699,-0.7294041,0.095684476,-0.8630026,0.1070427,-0.97217876,0.09628919,-0.49006295,0.15157753,-0.71589583,0.17528841,-0.8714271,0.18701053,-1.0,0.14610523,-0.419601,0.21722747,-0.6101839,0.2473717,-0.74634606,0.26348925,-0.8624863,0.18214704,-0.31798196,0.25402257,-0.42923135,0.28758952,-0.51955116,0.31035003,-0.60679126
0.0,0.0,0.21429706,0.14354438,0.4390919,0.19657166,0.60698766,0.17261074,0.7492934,0.17818885,0.58369166,-0.2465544,0.7799879,-0.3442991,0.89864546,-0.40051985,1.0,-0.4456397,0.5338613,-0.3885399,0.7242039,-0.5536501,0.84670144,-0.64376026,0.9502384,-0.7087934,0.46108705,-0.4887056,0.63166624,-0.6553059,0.7529685,-0.7339307,0.85887414,-0.78730017,0.35761732,-0.55684507,0.47272137,-0.7288452,0.5553798,-0.82435614,0.6344274,-0.89969885
0.0,0.0,-0.15755256,-0.07968267,-0.27889243,-0.20705386,-0.362634,-0.30177557,-0.41878805,-0.394825,-0.2476505,-0.55956525,-0.29167065,-0.76156145,-0.32064226,-0.8796852,-0.3503929,-0.9818179,-0.18214971,-0.5843425,-0.22487842,-0.7989316,-0.26494664,-0.91338056,-0.30667603,-1.0,-0.11170269,-0.5777537,-0.15304302,-0.78537935,-0.19580448,-0.8888388,-0.2393059,-0.9599767,-0.030751647,-0.5434757,-0.058702715,-0.715135,-0.09295806,-0.8138508,-0.13227536,-0.89321667
0.0,0.0,-0.16199994,-0.072404675,-0.28752118,-0.19212784,-0.35211545,-0.29632702,-0.38635036,-0.36751306,-0.27261332,-0.5093197,-0.34297538,-0.71820486,-0.39934337,-0.84890074,-0.43990654,-0.9593679,-0.19538702,-0.5371966,-0.26933473,-0.7608139,-0.3311424,-0.895392,-0.3787584,-1.0,-0.11117398,-0.52383846,-0.18515468,-0.70396006,-0.23013689,-0.6971343,-0.25270954,-0.66740173,-0.021025132,-0.47951803,-0.08312749,-0.6088689,-0.12963812,-0.6054751,-0.15726247,-0.571689
0.0,0.0,0.13165689,-0.13264413,0.21691546,-0.3148385,0.26378644,-0.47290334,0.31309092,-0.5956278,0.0677855,-0.5388193,0.073004924,-0.7426531,0.07234765,-0.866357,0.07023185,-0.97572166,-0.0194222,-0.5382281,-0.040109538,-0.7466383,-0.048799112,-0.8835832,-0.054235302,-1.0,-0.09872574,-0.49991253,-0.13419819,-0.6893422,-0.13890237,-0.80919254,-0.13602704,-0.9098045,-0.17313409,-0.42787185,-0.24027143,-0.56244487,-0.28611848,-0.65288097,-0.3248414,-0.73583853
0.0,0.0,0.13189696,-0.06588355,0.22348821,-0.20591085,0.29316565,-0.3422749,0.36991024,-0.4501065,0.05890994,-0.46000183,0.07645,-0.67145586,0.08269646,-0.8170129,0.08314497,-0.94697165,-0.025279373,-0.47169507,-0.035585172,-0.6986317,-0.048678298,-0.860128,-0.06518999,-1.0,-0.09640748,-0.43478942,-0.124248,-0.6314836,-0.13913898,-0.760505,-0.15205686,-0.8754412,-0.15996678,-0.3649263,-0.19571926,-0.51303333,-0.21360634,-0.6138297,-0.22680032,-0.70995635
0.0,0.0,-0.13874875,-0.06258281,-0.23471369,-0.20394269,-0.27764517,-0.3543002,-0.30911052,-0.49029213,-0.13000168,-0.47787908,-0.14494202,-0.68952364,-0.15786281,-0.8160394,-0.1662027,-0.9212928,-0.043411754,-0.49741805,-0.06116958,-0.73891914,-0.073538445,-0.88385457,-0.08454771,-1.0,0.040976714,-0.47205627,0.02790744,-0.70254,0.018688833,-0.83792436,0.008702053,-0.9547051,0.12970518,-0.40826458,0.13852309,-0.5788338,0.13978171,-0.68985504,0.13887651,-0.7914671
0.0,0.0,0.15490241,-0.068563886,0.28638822,-0.21262251,0.3820912,-0.34127617,0.46288133,-0.44212872,0.21847603,-0.4929226,0.28794485,-0.6881152,0.32664284,-0.80898786,0.36019695,-0.9161962,0.13311005,-0.53325254,0.17654087,-0.74795234,0.20783773,-0.8826984,0.23461272,-1.0,0.04407443,-0.52562326,0.06328363,-0.72437435,0.08352891,-0.84358585,0.10529904,-0.94657046,-0.05119093,-0.4797072,-0.07038329,-0.6354086,-0.07235696,-0.7418001,-0.06681306,-0.84124696
0.0,0.0,0.13842547,-0.024863025,0.26977074,-0.12430026,0.37122837,-0.21951757,0.47511056,-0.27841684,0.18741736,-0.44458544,0.23903704,-0.65379286,0.27150768,-0.79256904,0.30032936,-0.91547805,0.09551381,-0.4954089,0.12238208,-0.7315247,0.14532532,-0.87717414,0.16879806,-1.0,0.004764227,-0.49519095,0.019625394,-0.71931964,0.041056044,-0.85737354,0.06661425,-0.9715005,-0.084879026,-0.45362535,-0.08315595,-0.62627196,-0.070482664,-0.73684776,-0.050780866,-0.8361981
0.0,0.0,0.1330136,-0.062357597,0.24766634,-0.21058115,0.31838283,-0.3426441,0.36598584,-0.4638651,0.10941077,-0.50990576,0.12482546,-0.72809273,0.17869204,-0.85498327,0.23831975,-0.9344889,0.051772043,-0.54616714,0.0805327,-0.7925506,0.14896643,-0.9172871,0.217592,-0.9841657,-0.0120479325,-0.5498547,0.008807092,-0.792478,0.07839214,-0.92030084,0.14777593,-1.0,-0.08258198,-0.5198851,-0.06981212,-0.732401,-0.029808689,-0.864164,0.018441672,-0.9592941
0.0,0.0,-0.17088735,-0.018831301,-0.34258336,-0.11963221,-0.45770302,-0.21799567,-0.560072,-0.31980664,-0.39238015,-0.45887023,-0.5240266,-0.6545704,-0.6132746,-0.74794334,-0.6972294,-0.8204742,-0.3230743,-0.530536,-0.45524696,-0.7539305,-0.55122733,-0.8714613,-0.6398524,-0.96096826,-0.23510511,-0.5596521,-0.35484272,-0.77992064,-0.4375872,-0.902075,-0.51838046,-1.0,-0.12590978,-0.55009073,-0.19235317,-0.7319415,-0.24793483,-0.8464138,-0.3025691,-0.94502836
0.0,0.0,0.1248892,-0.1244381,0.20455344,-0.2993888,0.25097638,-0.4528535,0.3032065,-0.56826305,0.05082744,-0.5355894,0.053631146,-0.74701285,0.054489233,-0.87473583,0.053848844,-0.98506165,-0.037027594,-0.53556406,-0.06232786,-0.7472285,-0.071345635,-0.8845105,-0.07711824,-1.0,-0.11069606,-0.49123576,-0.14889927,-0.6816699,-0.15664196,-0.8030412,-0.15731989,-0.90584534,-0.17471273,-0.40805554,-0.25296804,-0.5276673,-0.29955515,-0.6140639,-0.33666012,-0.6967237
0.0,0.0,0.13401996,-0.11395011,0.23600693,-0.26906452,0.30495548,-0.41687858,0.37234354,-0.5302669,0.10830918,-0.53540665,0.1379405,-0.7362332,0.1482157,-0.8655046,0.15525392,-0.97926307,0.024978248,-0.54764956,0.034614425,-0.7524546,0.041854702,-0.8853609,0.048971213,-1.0,-0.056864705,-0.51684165,-0.064208545,-0.70697445,-0.05958113,-0.827575,-0.048968874,-0.93046606,-0.13994429,-0.44666463,-0.20665534,-0.5682474,-0.24771334,-0.65669984,-0.28013048,-0.7415023
0.0,0.0,0.11682985,-0.12675533,0.18857203,-0.31614882,0.22135653,-0.4841735,0.26502565,-0.6097902,0.026568832,-0.54436266,0.015212603,-0.75465524,-0.00096990884,-0.8860808,-0.018297331,-0.98889107,-0.07273747,-0.52517295,-0.11762247,-0.7547508,-0.14425595,-0.89176947,-0.16625887,-1.0,-0.15322998,-0.45472303,-0.20443587,-0.6532465,-0.22550696,-0.7806805,-0.24198721,-0.885643,-0.21304992,-0.34088397,-0.26097402,-0.4012615,-0.28124142,-0.4066874,-0.29915,-0.40493336
0.0,0.0,0.18713827,-0.0066828285,0.34834355,-0.09970146,0.39778,-0.23919958,0.39462882,-0.36693788,0.36271924,-0.50205696,0.4394054,-0.73070574,0.49973345,-0.8449445,0.55316955,-0.9076019,0.30828428,-0.5694468,0.39840272,-0.8203663,0.46464533,-0.92425835,0.5176689,-0.9741336,0.23676367,-0.610311,0.31772172,-0.85245806,0.38742453,-0.95425636,0.44384214,-1.0,0.14696611,-0.61954826,0.21568584,-0.8100681,0.27640253,-0.90020955,0.33131358,-0.944756
0.0,0.0,-0.13129793,-0.07691914,-0.24305911,-0.21067204,-0.3085778,-0.30523807,-0.3515052,-0.36774227,-0.23149706,-0.5290095,-0.27347332,-0.7275124,-0.3040032,-0.8494021,-0.32713577,-0.95150614,-0.15952684,-0.55124176,-0.20632379,-0.7636728,-0.2401084,-0.89300776,-0.26870045,-1.0,-0.079434745,-0.5378799,-0.12218663,-0.7432156,-0.15894254,-0.869419,-0.19295947,-0.9741089,0.012977856,-0.49189126,-0.016873434,-0.6645667,-0.0507394,-0.769134,-0.08516923,-0.86100644
0.0,0.0,-0.104252264,-0.14485916,-0.16522253,-0.36183834,-0.18084684,-0.52113587,-0.19914372,-0.64694196,-0.0030449128,-0.57585365,0.041507825,-0.77313244,0.06708305,-0.89348304,0.09015927,-1.0,0.081528924,-0.545191,0.15058148,-0.74999195,0.19125688,-0.8815879,0.22222571,-0.9946997,0.14706856,-0.47892,0.22250484,-0.6535262,0.25304008,-0.7826341,0.26967385,-0.8919501,0.19448891,-0.38593116,0.2527498,-0.52932686,0.27545285,-0.6305761,0.2858833,-0.7150339
0.0,0.0,0.12716533,-0.10811381,0.20817447,-0.29578972,0.2481954,-0.45831,0.28645507,-0.58689743,0.07244684,-0.52741224,0.052251257,-0.7289412,0.036986016,-0.8479726,0.024764178,-0.9512374,-0.0030843467,-0.5265153,-0.02510947,-0.74101996,-0.03389055,-0.88264126,-0.03883825,-1.0,-0.07019477,-0.48723558,-0.09609505,-0.68670905,-0.103152215,-0.8102876,-0.104467876,-0.9138748,-0.13497537,-0.41366675,-0.16672128,-0.568269,-0.18095283,-0.67208505,-0.1893811,-0.76763827
0.0,0.0,0.1363068,-0.10227631,0.2354817,-0.26066777,0.2861383,-0.42537543,0.32743606,-0.5671428,0.1447005,-0.5315293,0.1783445,-0.7240186,0.19062132,-0.84587556,0.20081143,-0.95893985,0.0653675,-0.55617714,0.08155003,-0.75498396,0.09531891,-0.8827195,0.1087486,-1.0,-0.013827804,-0.53645056,-0.017131306,-0.7228587,-0.009882136,-0.84407216,0.0026270747,-0.9551274,-0.09587277,-0.47873178,-0.13719222,-0.6197848,-0.16276741,-0.72051114,-0.184262,-0.81941235
0.0,0.0,-0.11955789,0.0012965648,-0.23282422,-0.023532376,-0.33251938,-0.004459495,-0.43728325,0.02778778,-0.22246642,-0.36492306,-0.2953894,-0.5858762,-0.34155133,-0.72205377,-0.38355327,-0.8435407,-0.12852012,-0.412146,-0.18459222,-0.66864794,-0.21771781,-0.84152305,-0.24700634,-1.0,-0.026699962,-0.39978397,-0.06639987,-0.62724614,-0.09121038,-0.7717404,-0.116508506,-0.9027852,0.07687691,-0.35046035,0.08351917,-0.53416955,0.088688605,-0.6542294,0.08810683,-0.7693876
0.0,0.0,0.11436348,-0.1171603,0.19234987,-0.2946415,0.23982497,-0.4505768,0.28761634,-0.5761606,0.08053993,-0.54148996,0.09741721,-0.7378556,0.10130372,-0.8542129,0.10210586,-0.954429,0.0014519263,-0.55006474,-0.003670742,-0.76979166,-0.011582225,-0.896447,-0.021937829,-1.0,-0.072024465,-0.51158077,-0.09979072,-0.7026716,-0.115517415,-0.8201856,-0.12739432,-0.9212851,-0.14214014,-0.43063506,-0.17387795,-0.5784839,-0.19310838,-0.6785793,-0.20770514,-0.77095646
0.0,0.0,0.1430571,-0.11361259,0.25666803,-0.27910674,0.32194266,-0.42884848,0.38317624,-0.54631007,0.10726113,-0.5305913,0.12313868,-0.72292954,0.12779495,-0.839819,0.1295012,-0.9414163,0.016062947,-0.5403014,0.007862505,-0.7550218,0.006810311,-0.88730705,0.006172133,-1.0,-0.06525145,-0.5074002,-0.09043827,-0.7026942,-0.09976032,-0.8235135,-0.10202695,-0.9275347,-0.14264974,-0.43468094,-0.19432482,-0.57560337,-0.21893814,-0.6624812,-0.23639761,-0.73746926
0.0,0.0,-0.11974745,-0.14454752,-0.19555606,-0.35179415,-0.24223298,-0.5142506,-0.30772614,-0.6130736,-0.021804757,-0.5667484,0.009748724,-0.77369875,0.03151645,-0.8866091,0.050601028,-0.9892047,0.048846483,-0.547213,0.08173305,-0.76606524,0.1023634,-0.89355624,0.115413696,-1.0,0.11019533,-0.4954129,0.13554943,-0.7039319,0.14831582,-0.8245341,0.15445171,-0.92718,0.16992684,-0.4181755,0.18862483,-0.5757533,0.19791721,-0.6725706,0.20449227,-0.7550131
0.0,0.0,-0.19097625,0.012883488,-0.3993187,-0.07160556,-0.53807473,-0.20785806,-0.6309692,-0.34853953,-0.46685764,-0.4124372,-0.6134511,-0.5883014,-0.6905498,-0.7001756,-0.7464532,-0.80187964,-0.40089703,-0.51193213,-0.5390548,-0.72406244,-0.6188735,-0.854567,-0.679972,-0.96574914,-0.31079376,-0.56254464,-0.44048357,-0.7617574,-0.5187566,-0.8924733,-0.5840301,-1.0,-0.19298548,-0.5741133,-0.2695135,-0.7467009,-0.3273322,-0.84921384,-0.3789796,-0.93792737
0.0,0.0,0.16275786,-0.051515386,0.30345273,-0.1835679,0.41333386,-0.30708438,0.5101828,-0.38714844,0.25223544,-0.50241756,0.33408996,-0.69221145,0.3784723,-0.80787814,0.41391993,-0.9096491,0.17359436,-0.5537192,0.23589915,-0.7654198,0.27499834,-0.8937296,0.30547318,-1.0,0.09212686,-0.5590187,0.13769457,-0.7551687,0.17565213,-0.8680143,0.21180785,-0.9599189,0.003297496,-0.52659243,0.02101126,-0.67336965,0.04507116,-0.7618016,0.0728963,-0.8351058
0.0,0.0,-0.14131345,-0.08726692,-0.23620887,-0.2656646,-0.26101935,-0.42940533,-0.26633465,-0.5455115,-0.150985,-0.5104485,-0.15168902,-0.7373811,-0.14368191,-0.8694981,-0.13092226,-0.9682518,-0.05100014,-0.5325325,-0.020623619,-0.7660616,0.0014895551,-0.9012819,0.02207267,-1.0,0.03636083,-0.51100665,0.085489206,-0.72167957,0.11557963,-0.8410067,0.13874727,-0.9278027,0.11573443,-0.4513067,0.17587632,-0.59719366,0.21259859,-0.68379194,0.24126382,-0.74849826
0.0,0.0,0.1528866,-0.07538066,0.28850523,-0.21546683,0.39652988,-0.33553687,0.49128094,-0.4145937,0.23353676,-0.5189142,0.3128718,-0.710971,0.35577828,-0.8239513,0.3881643,-0.9196775,0.15513982,-0.5617362,0.21745785,-0.77084607,0.2527724,-0.8985089,0.2794088,-1.0,0.07323266,-0.56503826,0.118998766,-0.7594668,0.15146482,-0.8746969,0.18293996,-0.96064055,-0.019568924,-0.53407997,0.00031131107,-0.68271136,0.022603543,-0.7800494,0.04875702,-0.8593946
0.0,0.0,0.36979574,-0.013861753,0.6850071,-0.13630049,0.8575502,-0.3248541,1.0,-0.48598772,0.5262014,-0.6628472,0.7583746,-0.72584975,0.8906988,-0.71142554,0.9933565,-0.67906034,0.3453817,-0.7667097,0.58654916,-0.7756517,0.72814864,-0.7185496,0.83325297,-0.647488,0.18008742,-0.76716965,0.396545,-0.78768456,0.52683043,-0.7271009,0.6270819,-0.6526182,0.03264374,-0.71100634,0.1789176,-0.7470061,0.26664492,-0.7026917,0.3309346,-0.6424993
0.0,0.0,-0.1422747,-0.08554245,-0.26556262,-0.23756416,-0.3472807,-0.34993458,-0.4278517,-0.4375523,-0.21042283,-0.5409053,-0.2516398,-0.7352454,-0.278714,-0.8537497,-0.30294812,-0.96007407,-0.15130424,-0.5660351,-0.19942066,-0.774148,-0.23721845,-0.89810324,-0.27285275,-1.0,-0.084941395,-0.5599138,-0.13097717,-0.7651865,-0.16945906,-0.88179815,-0.20946446,-0.9747913,-0.0067033716,-0.52544236,-0.035112523,-0.69731045,-0.066215344,-0.79897314,-0.10171304,-0.8825787
0.0,0.0,-0.14036442,-0.09349634,-0.23082435,-0.24989103,-0.27808067,-0.4020472,-0.3146464,-0.53570956,-0.076485224,-0.49838328,-0.070258945,-0.7132518,-0.057855166,-0.8465893,-0.0376148,-0.9544362,0.021716014,-0.5092963,0.05031432,-0.73702896,0.07160247,-0.88513213,0.09833158,-1.0,0.1032222,-0.4805641,0.1665554,-0.6871824,0.2043224,-0.8179402,0.23646322,-0.9232633,0.16823304,-0.41811898,0.24439229,-0.5662919,0.29120347,-0.6664081,0.3306138,-0.75561494
0.0,0.0,0.17157708,-0.08027394,0.32785365,-0.20477232,0.42300493,-0.3499614,0.45209873,-0.50607234,0.2652508,-0.49540988,0.34485537,-0.6996706,0.38610598,-0.8243855,0.42124394,-0.9283582,0.1830041,-0.54008377,0.2555771,-0.7595282,0.29748163,-0.89489704,0.33379006,-1.0,0.096163735,-0.5486905,0.15367965,-0.75318795,0.18807651,-0.8820071,0.22106747,-0.98041546,0.0034032594,-0.5198296,0.038985178,-0.6761858,0.059960324,-0.77195674,0.08115535,-0.8470438
0.0,0.0,-0.1599307,-0.069585904,-0.31099018,-0.21042216,-0.4087105,-0.34440106,-0.47926247,-0.45430908,-0.25726834,-0.50345933,-0.33125302,-0.7015511,-0.36839738,-0.81586367,-0.39718738,-0.91493165,-0.18461336,-0.5557634,-0.24199899,-0.777379,-0.27492312,-0.9007283,-0.30202803,-1.0,-0.106889434,-0.5688144,-0.15064535,-0.78253347,-0.18261187,-0.8964842,-0.21262218,-0.98891115,-0.019616757,-0.5455653,-0.029225525,-0.71517473,-0.03942234,-0.818729,-0.05031393,-0.908982
0.0,0.0,0.15740651,-0.018613273,0.31515387,-0.07906296,0.45443952,-0.12889363,0.5766555,-0.15527152,0.28034198,-0.45379448,0.37729964,-0.6477974,0.43397132,-0.7623022,0.4838744,-0.86874825,0.20404823,-0.51541585,0.27716297,-0.7422266,0.3216798,-0.8832044,0.3575792,-1.0,0.11854299,-0.53415155,0.17984745,-0.73024416,0.22673777,-0.8488207,0.2688563,-0.9495064,0.022732137,-0.5166027,0.04707111,-0.677206,0.07275918,-0.7730119,0.09906816,-0.857017
0.0,0.0,-0.097853474,-0.0802384,-0.17213643,-0.19792096,-0.2216724,-0.28558996,-0.26141128,-0.36029527,-0.05924866,-0.49336693,-0.04740584,-0.692994,-0.05041919,-0.8216044,-0.054750044,-0.9329503,0.013656171,-0.4924052,0.050635736,-0.72214365,0.06470892,-0.87248164,0.07472443,-1.0,0.077170014,-0.44295114,0.12385801,-0.6558593,0.14121746,-0.794876,0.15240717,-0.9179644,0.135071,-0.35068387,0.20237027,-0.48831657,0.23805612,-0.58864635,0.26640815,-0.68658704
0.0,0.0,-0.18777007,-0.06720886,-0.36346927,-0.2058254,-0.49049067,-0.3119227,-0.5882567,-0.41367573,-0.36606595,-0.5266068,-0.45115072,-0.7268888,-0.49577308,-0.8485811,-0.53112626,-0.9571085,-0.29983613,-0.57347035,-0.3926495,-0.7826908,-0.445192,-0.9024075,-0.4899602,-1.0,-0.21716699,-0.5890976,-0.30746606,-0.79763085,-0.36219883,-0.9103209,-0.4135142,-0.99502593,-0.11252384,-0.57777375,-0.17162544,-0.75640476,-0.21681796,-0.8578192,-0.26360458,-0.93663853
0.0,0.0,-0.13246395,-0.072752774,-0.24260141,-0.19075394,-0.3340987,-0.2783091,-0.42206883,-0.33670637,-0.14357378,-0.45027834,-0.1694285,-0.66124165,-0.19121723,-0.7924202,-0.2102064,-0.9020745,-0.046128765,-0.46670872,-0.06667095,-0.7080965,-0.08835393,-0.864575,-0.11160001,-1.0,0.04922248,-0.4379529,0.031475205,-0.67704916,0.011422604,-0.83040726,-0.012319038,-0.9644539,0.14596336,-0.3751508,0.15531841,-0.5541361,0.14903288,-0.6741831,0.13560425,-0.7842238
0.0,0.0,0.15062632,-0.060025744,0.28643662,-0.18877694,0.3588221,-0.34697968,0.3682897,-0.4949538,0.18403062,-0.49273342,0.22457519,-0.6973125,0.23699601,-0.81665766,0.24448906,-0.9236071,0.095206566,-0.5288965,0.11566841,-0.75113565,0.12078236,-0.88645583,0.123408936,-1.0,0.0081405565,-0.51677823,0.009912975,-0.7242174,0.012924397,-0.85653424,0.02006286,-0.96819794,-0.08152349,-0.4611085,-0.10521869,-0.61691445,-0.11438467,-0.72305197,-0.11428038,-0.8172593
0.0,0.0,-0.17163882,0.019869551,-0.35889956,-0.056148715,-0.48889396,-0.14780985,-0.6003224,-0.21166477,-0.4125546,-0.4199432,-0.5500171,-0.59284806,-0.625541,-0.7005096,-0.6857938,-0.79450834,-0.35105863,-0.51722455,-0.4864079,-0.7167522,-0.5679369,-0.8342126,-0.63588536,-0.9271456,-0.26773125,-0.5695628,-0.37120974,-0.78176564,-0.43416223,-0.90337247,-0.49165314,-1.0,-0.16247588,-0.5859703,-0.20063314,-0.77240336,-0.22805832,-0.89029455,-0.25550348,-0.9949703
0.0,0.0,-0.13316457,-0.06607116,-0.25600114,-0.20181167,-0.3271395,-0.32338738,-0.348546,-0.43156075,-0.24851258,-0.4876592,-0.30214384,-0.68021977,-0.3390155,-0.78910464,-0.36829826,-0.87761176,-0.17797403,-0.5327746,-0.22363816,-0.75024676,-0.24840936,-0.88732076,-0.26459098,-1.0,-0.10154181,-0.53562135,-0.1365581,-0.74404985,-0.15817967,-0.88019323,-0.17917892,-0.99560696,-0.017915782,-0.49937755,-0.02173523,-0.65749377,-0.030471282,-0.7645507,-0.04243753,-0.86001015
0.0,0.0,-0.17388994,-0.042555075,-0.3013087,-0.16289428,-0.37349117,-0.29783636,-0.40182588,-0.42629957,-0.15019156,-0.47022176,-0.18117179,-0.6805595,-0.19654831,-0.80883723,-0.20545557,-0.91890395,-0.041468333,-0.51164204,-0.048232615,-0.7407465,-0.057784695,-0.88563627,-0.063565396,-1.0,0.05631684,-0.5051464,0.092677996,-0.7056271,0.10473871,-0.82261145,0.109690756,-0.91916865,0.14216132,-0.45764276,0.19504675,-0.62566644,0.2241724,-0.7299251,0.24482048,-0.8246612
0.0,0.0,-0.17074847,0.104525566,-0.3965506,0.10285815,-0.54546547,0.070620365,-0.60199225,0.046704575,-0.5072787,-0.3630357,-0.64273053,-0.5167419,-0.7252584,-0.6104521,-0.79068244,-0.68410045,-0.44169745,-0.47729138,-0.58691907,-0.6698579,-0.6830285,-0.78599566,-0.76215005,-0.8776224,-0.3498873,-0.5558612,-0.48802078,-0.7568574,-0.58439577,-0.86508346,-0.6694141,-0.9501311,-0.23450711,-0.59149903,-0.32435608,-0.78795993,-0.3884986,-0.9041821,-0.45154518,-1.0
0.0,0.0,-0.11645222,-0.07279624,-0.19326244,-0.22434454,-0.23354167,-0.3650101,-0.27575177,-0.48482767,-0.11215113,-0.4862437,-0.13902345,-0.6858115,-0.16054103,-0.80877614,-0.17372425,-0.91434854,-0.037385903,-0.509679,-0.05774675,-0.7365146,-0.07377211,-0.8807932,-0.08508155,-1.0,0.03594059,-0.48919615,0.028794207,-0.7075292,0.020047233,-0.83534163,0.010863912,-0.9459884,0.10947928,-0.43200812,0.12785223,-0.5853806,0.13410293,-0.68662214,0.13967393,-0.77886194
0.0,0.0,0.14144875,-0.07479621,0.2583888,-0.21970358,0.34055045,-0.35338116,0.4147373,-0.44373325,0.16621779,-0.5026366,0.21643767,-0.69384134,0.23753917,-0.8160558,0.25340635,-0.9277514,0.08664219,-0.53436667,0.11529643,-0.7412576,0.13184738,-0.8783574,0.14485726,-1.0,0.0060461094,-0.520337,0.017566526,-0.71150345,0.03297008,-0.8325431,0.050195206,-0.93806326,-0.08016219,-0.46622363,-0.11937391,-0.6035183,-0.13926616,-0.7009967,-0.15206571,-0.7945114
0.0,0.0,-0.1278825,-0.044295773,-0.23637721,-0.12793818,-0.31322253,-0.19416483,-0.37997252,-0.28192592,-0.22780667,-0.48799443,-0.28268588,-0.7099013,-0.33611766,-0.8233931,-0.3920924,-0.90385514,-0.14783469,-0.52309793,-0.19256087,-0.76855814,-0.24388264,-0.9041079,-0.30027673,-1.0,-0.06587306,-0.51166433,-0.08516172,-0.74349785,-0.12406499,-0.8800524,-0.1756004,-0.9869881,0.022431789,-0.4544398,0.047223166,-0.6344432,0.03554488,-0.74711955,0.0069997343,-0.84014595
0.0,0.0,-0.13641234,-0.08650426,-0.23869254,-0.26904282,-0.28138807,-0.42300513,-0.30938423,-0.5450494,-0.15048638,-0.5212659,-0.172151,-0.7242828,-0.1891764,-0.8473075,-0.20407619,-0.9465609,-0.07131241,-0.54256856,-0.09076095,-0.76654845,-0.110485874,-0.89724684,-0.13207068,-1.0,0.008023907,-0.52426404,-0.0020039845,-0.7447192,-0.01355948,-0.86980253,-0.029009957,-0.97053933,0.09087356,-0.46660817,0.108419284,-0.6284567,0.11045001,-0.7341819,0.10605808,-0.8228218
0.0,0.0,0.19545493,-0.13258995,0.3463295,-0.3100332,0.38897705,-0.45932075,0.37955892,-0.53221303,0.21386606,-0.6043841,0.29075277,-0.78751004,0.33055836,-0.90617406,0.36102343,-1.0,0.1038729,-0.618954,0.2202764,-0.5808116,0.2661842,-0.4391844,0.26617157,-0.33276385,0.012968521,-0.56499076,0.10543671,-0.53242004,0.14658815,-0.42071787,0.14303593,-0.32471627,-0.07128077,-0.4943558,-0.007277201,-0.5063517,0.02620814,-0.4385815,0.02629481,-0.3656378
0.0,0.0,-0.11988658,-0.08995003,-0.20103793,-0.2549809,-0.23796177,-0.41663033,-0.26987273,-0.5473935,-0.11317202,-0.5200032,-0.13738348,-0.71198773,-0.15507202,-0.82526386,-0.16627003,-0.9272588,-0.037081446,-0.5397571,-0.057815738,-0.7582348,-0.07311813,-0.8887867,-0.084502295,-1.0,0.03685752,-0.5170203,0.02712398,-0.7311631,0.019325107,-0.8533682,0.011994747,-0.96049577,0.11637006,-0.4601428,0.13092344,-0.6155748,0.13788868,-0.71222496,0.14530917,-0.80169535
0.0,0.0,-0.13593902,-0.08501849,-0.24935544,-0.22813019,-0.31923223,-0.36102116,-0.35674885,-0.4855678,-0.13859066,-0.5119155,-0.17488337,-0.72047275,-0.18816708,-0.8463176,-0.19402048,-0.9468693,-0.060165245,-0.5319078,-0.074509956,-0.7562189,-0.087683044,-0.8957425,-0.09690515,-1.0,0.0075463005,-0.51137894,0.013091966,-0.70653117,0.0070055793,-0.8352541,0.0032262271,-0.9341312,0.065490335,-0.45370463,0.0702576,-0.57632655,0.065305285,-0.63863474,0.060087476,-0.6814774
0.0,0.0,-0.19407512,0.08162923,-0.41562653,0.04246204,-0.5723735,-0.04541681,-0.69074005,-0.13589749,-0.46649477,-0.40552962,-0.6395117,-0.54139763,-0.7612043,-0.60702205,-0.86599016,-0.6524103,-0.40790227,-0.5279146,-0.5908343,-0.7257054,-0.72787374,-0.8198559,-0.84758323,-0.8780536,-0.33740854,-0.6092792,-0.503732,-0.81285024,-0.6360864,-0.9103177,-0.7505398,-0.97021437,-0.257727,-0.6537563,-0.39080936,-0.83865494,-0.49344873,-0.93646985,-0.58670723,-1.0
0.0,0.0,-0.110608,-0.16680051,-0.16669814,-0.40169504,-0.18042274,-0.5836994,-0.22088085,-0.698453,0.021498865,-0.6087209,0.07572006,-0.7919637,0.10700572,-0.9040015,0.13036545,-1.0,0.09387085,-0.5673811,0.15479216,-0.7595947,0.17816177,-0.8756154,0.18500292,-0.96929175,0.1479958,-0.4905363,0.20953469,-0.66537535,0.21934128,-0.77070695,0.21206567,-0.85078216,0.19064975,-0.3843466,0.21784543,-0.50369114,0.20344426,-0.5696158,0.1751233,-0.6169674
0.0,0.0,-0.13358676,0.007776387,-0.2755543,-0.0027933628,-0.37983692,0.039695363,-0.48231375,0.09061446,-0.33937472,-0.42133343,-0.43064314,-0.60327965,-0.4850412,-0.7242518,-0.51487464,-0.8343814,-0.23169336,-0.4968691,-0.34391326,-0.7178991,-0.4078645,-0.8625439,-0.45217752,-1.0,-0.10764738,-0.49143282,-0.18679139,-0.7133625,-0.24274324,-0.83838385,-0.2880384,-0.94090945,0.024883611,-0.43615657,-0.026092691,-0.59907544,-0.069048464,-0.6782237,-0.10813957,-0.74164975
0.0,0.0,0.13610086,-0.15203093,0.21918103,-0.36189622,0.26677114,-0.5394921,0.3150684,-0.6595718,0.083205715,-0.59255946,0.05503575,-0.7826108,0.025848374,-0.9000518,0.0012554405,-1.0,-0.0068298816,-0.57573825,-0.029156001,-0.77264214,-0.049153548,-0.89043736,-0.06569277,-0.9915364,-0.084429406,-0.5243411,-0.107525,-0.7086056,-0.11718839,-0.8153127,-0.122513,-0.90390116,-0.15550567,-0.44080746,-0.17287315,-0.57840115,-0.17988756,-0.666124,-0.18048625,-0.74252933
0.0,0.0,-0.1488515,-0.053763542,-0.2825225,-0.17520227,-0.35452765,-0.27743688,-0.4121081,-0.3476626,-0.25916564,-0.5405352,-0.30698925,-0.7438047,-0.33886406,-0.87137055,-0.36906403,-0.97556716,-0.18303157,-0.5641775,-0.23536815,-0.77802753,-0.27962986,-0.9006554,-0.322615,-1.0,-0.096854,-0.5456421,-0.15370046,-0.7528246,-0.19635628,-0.86602485,-0.23654915,-0.962866,0.00092280697,-0.4872984,-0.029951952,-0.64309144,-0.061736718,-0.72189033,-0.09396922,-0.7845173
0.0,0.0,-0.21467987,0.119661964,-0.46852362,0.10786284,-0.6473297,0.022845715,-0.7840307,-0.038008258,-0.5917916,-0.22065133,-0.8056383,-0.36191955,-0.9165011,-0.43937632,-1.0,-0.50110847,-0.5181454,-0.38208422,-0.7353161,-0.5617823,-0.855242,-0.66096884,-0.95055056,-0.7374994,-0.41018036,-0.50273037,-0.60189456,-0.69787246,-0.7214972,-0.8164647,-0.8193896,-0.9052439,-0.2727808,-0.59177613,-0.40899158,-0.77449685,-0.4985041,-0.8641865,-0.57429534,-0.9283589
0.0,0.0,-0.12127163,-0.06589612,-0.21106392,-0.20153876,-0.2598375,-0.33826384,-0.31524083,-0.46376956,-0.13794439,-0.46793467,-0.17192706,-0.68967885,-0.19434188,-0.82410276,-0.20789686,-0.9413469,-0.0573007,-0.4841543,-0.080026165,-0.72544986,-0.092150494,-0.87296987,-0.09951021,-1.0,0.021109823,-0.4563187,0.010068717,-0.67630845,0.0010863069,-0.80824405,-0.007954355,-0.9246681,0.10247628,-0.39561206,0.1160744,-0.5540262,0.123102985,-0.6570078,0.12844576,-0.7551526
0.0,0.0,-0.20484027,-0.011498031,-0.40356502,-0.13151093,-0.5294378,-0.26655644,-0.6329724,-0.35318542,-0.45924985,-0.51996076,-0.57522565,-0.7357807,-0.6445872,-0.8579135,-0.6999831,-0.95281976,-0.39886466,-0.5895964,-0.5157245,-0.80213374,-0.59063977,-0.91014004,-0.65290594,-0.9888309,-0.3244914,-0.61864376,-0.4361428,-0.8247836,-0.5142914,-0.9262705,-0.57358617,-1.0,-0.22596076,-0.6160193,-0.322486,-0.7897833,-0.39281726,-0.88155097,-0.4503281,-0.9544587
0.0,0.0,0.12471195,-0.13027428,0.21435684,-0.30335262,0.27681118,-0.45766726,0.33230433,-0.5810813,0.0798465,-0.54900515,0.09380331,-0.75226223,0.09573105,-0.87629676,0.09745023,-0.99387515,-0.0034701836,-0.5554301,-0.005861564,-0.7597141,-0.0051422613,-0.8850823,-0.002858626,-1.0,-0.082953274,-0.514698,-0.10190321,-0.70292133,-0.10466011,-0.8200742,-0.10182481,-0.9290417,-0.15980414,-0.4334501,-0.21978946,-0.5542463,-0.25492635,-0.63832396,-0.28347138,-0.72149175
0.0,0.0,0.13013189,-0.12565856,0.21405189,-0.30943322,0.26138255,-0.46564445,0.31778938,-0.5825374,0.062931344,-0.5479171,0.07325361,-0.75123566,0.072999775,-0.8757191,0.068721056,-0.98473173,-0.026012024,-0.55001116,-0.042984318,-0.7547285,-0.05462088,-0.888024,-0.06556948,-1.0,-0.104662284,-0.5088249,-0.13839805,-0.695537,-0.14627677,-0.81133103,-0.15065372,-0.9096395,-0.17445873,-0.42759642,-0.24867804,-0.53902125,-0.300161,-0.6168522,-0.34663233,-0.6898576
0.0,0.0,-0.16530694,0.12214707,-0.37965623,0.13569674,-0.5479662,0.083776265,-0.69196075,0.051904976,-0.54330105,-0.26882088,-0.75526625,-0.3724414,-0.8863096,-0.4313325,-1.0,-0.4902557,-0.5076118,-0.40763485,-0.719061,-0.5727947,-0.85201657,-0.67079526,-0.9674116,-0.7583869,-0.4362698,-0.5009534,-0.6220824,-0.6620901,-0.7448299,-0.7549633,-0.8580905,-0.83277076,-0.33153823,-0.5627147,-0.45602503,-0.72082555,-0.541888,-0.81056803,-0.62404865,-0.8865585
0.0,0.0,0.14186181,-0.18571764,0.23514351,-0.39946532,0.29017648,-0.5755518,0.32209167,-0.71471196,0.022131972,-0.63369304,0.036084723,-0.83562803,0.0680018,-0.9371621,0.10018213,-1.0,-0.06583131,-0.58031756,-0.031835746,-0.69478,0.013036708,-0.6535612,0.040757462,-0.5993288,-0.1274864,-0.49879754,-0.087192416,-0.5764179,-0.04417764,-0.5185166,-0.015059454,-0.44187072,-0.17438483,-0.40874583,-0.16475475,-0.4832011,-0.12895086,-0.44978982,-0.09338543,-0.394377
0.0,0.0,-0.14561936,-0.06797342,-0.27006835,-0.20166567,-0.34508166,-0.31535178,-0.40072587,-0.41049322,-0.19168189,-0.4891302,-0.20311365,-0.69700336,-0.20700584,-0.8199518,-0.20852199,-0.9229693,-0.11418837,-0.5184061,-0.11591716,-0.74836683,-0.11626216,-0.8861978,-0.114456035,-1.0,-0.041016135,-0.5105537,-0.025371753,-0.7225354,-0.019277398,-0.8492976,-0.016130561,-0.9528542,0.031600196,-0.46792108,0.06358363,-0.63059956,0.077199735,-0.7341647,0.08641497,-0.8245345
0.0,0.0,-0.10299386,-0.15998395,-0.15125152,-0.37159374,-0.15522982,-0.5321671,-0.15552191,-0.672898,-4.0121435e-05,-0.569772,0.044630148,-0.7759516,0.0723772,-0.89735186,0.09740709,-0.99535334,0.08245877,-0.54179233,0.14658299,-0.7598733,0.18188584,-0.8926574,0.20845506,-1.0,0.14961563,-0.4816312,0.23310366,-0.6742379,0.2746383,-0.80473596,0.29951093,-0.91559637,0.20307584,-0.38795328,0.29222113,-0.5098351,0.33519173,-0.60995907,0.35989168,-0.70461744
0.0,0.0,0.15903153,-0.09612605,0.26658773,-0.28848943,0.30661005,-0.4979094,0.33457786,-0.64745796,0.11189318,-0.41726458,0.104727335,-0.73195404,0.10696818,-0.88698876,0.10699577,-1.0,-0.0076200296,-0.43327063,0.021189047,-0.7441938,0.060191628,-0.8812018,0.09679826,-0.9659335,-0.08712992,-0.42999277,-0.05204719,-0.70581037,0.0069787735,-0.8065738,0.06001578,-0.85379034,-0.13074696,-0.41568384,-0.097965986,-0.6203813,-0.048593942,-0.71118695,-0.0032262474,-0.7562814
0.0,0.0,-0.16815485,-0.0871243,-0.30792886,-0.24636495,-0.3863566,-0.4077528,-0.43912992,-0.5340052,-0.25445935,-0.47637805,-0.30103612,-0.68216777,-0.31479377,-0.8098742,-0.32243982,-0.92373735,-0.18257199,-0.516842,-0.23061608,-0.74199516,-0.2509445,-0.87954724,-0.26594028,-1.0,-0.10809927,-0.51701176,-0.14885598,-0.7264141,-0.17427373,-0.8541503,-0.1938679,-0.9628182,-0.016673658,-0.48953313,-0.026394319,-0.6545275,-0.035370134,-0.7601997,-0.044183478,-0.8563756
0.0,0.0,-0.12489742,-0.14652953,-0.20727427,-0.3505366,-0.24551946,-0.5205699,-0.28237724,-0.6457211,-0.058435004,-0.5705645,-0.034829345,-0.7741355,-0.015276262,-0.88195175,0.0012684326,-0.9819466,0.0147842225,-0.5578733,0.037692677,-0.7730055,0.052931145,-0.895354,0.062233105,-1.0,0.078404896,-0.51120263,0.09488552,-0.7100993,0.09918502,-0.8249023,0.09889797,-0.923125,0.14234215,-0.43763822,0.15552679,-0.58760303,0.15779856,-0.67828226,0.15829402,-0.7564199
0.0,0.0,-0.11310375,-0.090962425,-0.19398229,-0.24200101,-0.2357219,-0.36775282,-0.29225647,-0.45079154,-0.16121022,-0.49322313,-0.20212317,-0.70818585,-0.22177492,-0.8387353,-0.23363467,-0.9530312,-0.08479055,-0.5149636,-0.11500811,-0.7468744,-0.12492196,-0.88645846,-0.13025674,-1.0,-0.004818741,-0.4991055,-0.028312597,-0.7136543,-0.042049214,-0.8427331,-0.052375346,-0.9513287,0.08248976,-0.4517345,0.07765154,-0.6167915,0.07767721,-0.71978354,0.07762692,-0.80823743
0.0,0.0,-0.12695657,-0.07853597,-0.23198752,-0.22314377,-0.29571402,-0.32215205,-0.35275587,-0.3812364,-0.15156691,-0.5300194,-0.17703241,-0.7424883,-0.18282034,-0.8642932,-0.17871621,-0.9576785,-0.0708386,-0.554106,-0.07801879,-0.7793619,-0.07195251,-0.9083291,-0.05927938,-1.0,0.00942933,-0.5405683,0.019834483,-0.7578465,0.028156187,-0.8858073,0.040641803,-0.9836715,0.08970401,-0.49140254,0.13181983,-0.64272404,0.15971726,-0.73739547,0.18486157,-0.8184586
0.0,0.0,-0.1689313,-0.037829015,-0.32381758,-0.14848356,-0.42773694,-0.22658037,-0.5111874,-0.2865117,-0.29398295,-0.5085484,-0.3404207,-0.7212463,-0.372904,-0.84885854,-0.40200174,-0.9491409,-0.2195166,-0.5524895,-0.26424742,-0.77283615,-0.29809105,-0.9018011,-0.32701287,-1.0,-0.14567046,-0.56290245,-0.1897928,-0.7660317,-0.22738804,-0.8886561,-0.25962162,-0.983233,-0.06805029,-0.5417231,-0.10801819,-0.7019977,-0.14302886,-0.80361915,-0.17548326,-0.8873633
0.0,0.0,0.1437488,-0.032387495,0.3029537,-0.1434868,0.4207168,-0.2470815,0.5233362,-0.31256416,0.27798694,-0.489253,0.38448057,-0.6645152,0.43838584,-0.7822735,0.4756663,-0.88170445,0.20517112,-0.5561552,0.29539558,-0.7626276,0.3441493,-0.89384216,0.37745988,-1.0,0.116563916,-0.5793461,0.16873105,-0.7844666,0.2061764,-0.885454,0.23900697,-0.963133,0.007617129,-0.5602385,0.021488478,-0.6914044,0.037357334,-0.71383506,0.051514465,-0.71492475
0.0,0.0,-0.13587765,-0.093539305,-0.21304785,-0.2727671,-0.23687303,-0.44193038,-0.2667703,-0.58006406,-0.10512439,-0.5218239,-0.11724148,-0.7218266,-0.12666497,-0.8391444,-0.13192564,-0.9427038,-0.02356561,-0.5331069,-0.036107294,-0.754345,-0.042647354,-0.88980865,-0.04634859,-1.0,0.0526284,-0.50263315,0.048466075,-0.7180067,0.045326415,-0.845536,0.041065473,-0.95741236,0.13475637,-0.43868592,0.14786372,-0.5970297,0.14975931,-0.70091784,0.15123212,-0.7995047
0.0,0.0,-0.120791286,-0.2111286,-0.17045222,-0.462541,-0.19281307,-0.61361676,-0.20861694,-0.6822584,0.061252013,-0.59881663,0.13887253,-0.80172706,0.1945364,-0.916776,0.24334835,-1.0,0.16388683,-0.56745774,0.2704497,-0.77452356,0.3363623,-0.900704,0.39104968,-0.9886442,0.24456932,-0.50566345,0.3576677,-0.68930656,0.42034063,-0.7969714,0.47183353,-0.87442833,0.30730113,-0.4149734,0.41690436,-0.5307667,0.48289746,-0.6065873,0.53721136,-0.66769713
0.0,0.0,-0.14374109,-0.027163146,-0.28415036,-0.098631375,-0.37570256,-0.16578245,-0.44640753,-0.22598678,-0.26881084,-0.48115593,-0.33383927,-0.677807,-0.38499674,-0.775062,-0.42610893,-0.84448457,-0.19419384,-0.52599674,-0.26559374,-0.7568361,-0.32964197,-0.89231616,-0.3890234,-1.0,-0.104493126,-0.5252287,-0.16385658,-0.76069766,-0.22219524,-0.8900227,-0.27787572,-0.9979351,-0.003589005,-0.48015168,-0.01819286,-0.666038,-0.042473193,-0.78245777,-0.070721656,-0.8867224
0.0,0.0,-0.17221607,-0.05888758,-0.32882687,-0.19794187,-0.4306823,-0.32669634,-0.5252673,-0.40669355,-0.28376675,-0.5086445,-0.35924256,-0.70465595,-0.4011121,-0.8255548,-0.43764654,-0.933865,-0.22454569,-0.5587528,-0.3062366,-0.76613367,-0.35922608,-0.8934279,-0.41082713,-1.0,-0.15643701,-0.57320696,-0.23099557,-0.77772754,-0.2832828,-0.8921222,-0.33662266,-0.980673,-0.07293648,-0.56214875,-0.12382133,-0.72630227,-0.1669624,-0.8189466,-0.21522866,-0.8898628
0.0,0.0,-0.13242511,-0.084834486,-0.24511161,-0.249933,-0.30482095,-0.38734987,-0.36561757,-0.48390883,-0.1452731,-0.5330752,-0.19058317,-0.717073,-0.21965699,-0.83280975,-0.24271843,-0.9303569,-0.05342224,-0.5508543,-0.06135135,-0.7636311,-0.07372965,-0.8929238,-0.08727824,-1.0,0.032918654,-0.51834726,0.06376523,-0.72192705,0.078489795,-0.8529741,0.085241444,-0.96586555,0.11170968,-0.4394339,0.17227687,-0.5771953,0.20725206,-0.67227983,0.2335283,-0.76166993
0.0,0.0,-0.13629067,-0.023596555,-0.2786258,-0.08305857,-0.40552333,-0.10289527,-0.53627366,-0.101571865,-0.23810901,-0.47430292,-0.28748956,-0.69200253,-0.31880453,-0.82063144,-0.3426283,-0.903251,-0.111624286,-0.5302826,-0.13125305,-0.8077711,-0.14668085,-0.93370706,-0.16406828,-1.0,0.021289542,-0.50905216,0.019059615,-0.682254,0.013518522,-0.69238806,-0.004615295,-0.66430604,0.14262506,-0.42559633,0.15941343,-0.5522629,0.16308822,-0.5920946,0.15772715,-0.60158473
0.0,0.0,0.12161361,0.107646056,0.16959319,0.27799827,0.16554356,0.46251187,0.17415148,0.6404612,-0.1213731,0.27633184,-0.1748092,0.5705554,-0.16861637,0.77981997,-0.13076456,0.93988174,-0.20844346,0.27704224,-0.2427099,0.59936374,-0.2125752,0.8316973,-0.16438366,1.0,-0.25272298,0.2948533,-0.2974243,0.58302283,-0.26587018,0.7949976,-0.2151656,0.95525074,-0.26979664,0.32673442,-0.33235517,0.5364264,-0.33727166,0.68999445,-0.32384855,0.8160756
0.0,0.0,-0.14923781,-0.054058947,-0.2825043,-0.2037299,-0.36285165,-0.3556055,-0.44268525,-0.46373126,-0.26671824,-0.47921312,-0.37022465,-0.6731384,-0.4290033,-0.7924203,-0.47492784,-0.8989425,-0.19776528,-0.5327076,-0.27649954,-0.7494785,-0.31970397,-0.8850414,-0.3521339,-1.0,-0.11945015,-0.53790873,-0.18443882,-0.73687154,-0.21843076,-0.8565275,-0.24572113,-0.95932686,-0.028229415,-0.5104541,-0.058019686,-0.6583703,-0.07549199,-0.75143325,-0.085646704,-0.8391873
0.0,0.0,-0.127255,-0.10594255,-0.2325869,-0.29335317,-0.26160726,-0.4587283,-0.24771966,-0.57596153,-0.11642077,-0.5986853,-0.13745585,-0.7937351,-0.15781239,-0.89789146,-0.18064804,-0.97481364,-0.019990612,-0.60117817,-0.018851452,-0.8242684,-0.03143954,-0.931969,-0.047196608,-1.0,0.06907174,-0.5634606,0.08408387,-0.7636123,0.07805269,-0.87156516,0.067343965,-0.94465584,0.15045057,-0.4890058,0.16182461,-0.6533552,0.1583883,-0.75476533,0.14905469,-0.83158076
0.0,0.0,-0.1977573,-0.05664065,-0.37150148,-0.21759559,-0.48113465,-0.3575126,-0.5695784,-0.43585855,-0.39251882,-0.5696763,-0.49231336,-0.7664652,-0.5600548,-0.8718139,-0.62205994,-0.9560868,-0.33255276,-0.6167913,-0.4363288,-0.8226243,-0.5111682,-0.92465407,-0.57810354,-0.9947015,-0.25808194,-0.63079214,-0.3597061,-0.834328,-0.4329199,-0.9324491,-0.49971303,-1.0,-0.16429894,-0.6223968,-0.25003725,-0.80108404,-0.31443754,-0.8995128,-0.3780621,-0.9789694
0.0,0.0,-0.103560925,-0.1807877,-0.1533585,-0.41505122,-0.16008253,-0.6012184,-0.20649327,-0.70950776,0.014349731,-0.593293,0.056134924,-0.78562635,0.08010377,-0.89890856,0.09597454,-1.0,0.08658108,-0.55654866,0.1371293,-0.75941116,0.14250901,-0.88109386,0.12934442,-0.969244,0.14350395,-0.48264596,0.1986262,-0.6788232,0.17053464,-0.7586655,0.12676325,-0.79294205,0.19233742,-0.3810801,0.20416711,-0.5156232,0.16186376,-0.5750614,0.107202604,-0.59706545
0.0,0.0,-0.18595396,0.1299194,-0.41725552,0.15892206,-0.59157676,0.13354465,-0.7404582,0.08053079,-0.59338254,-0.27417272,-0.7920911,-0.40301785,-0.91000116,-0.4834767,-1.0,-0.5568144,-0.54175395,-0.43812805,-0.7559817,-0.6134201,-0.8896946,-0.7337559,-0.99660003,-0.83831537,-0.44787037,-0.5605621,-0.6437465,-0.74652845,-0.7708599,-0.86749494,-0.8782258,-0.96930236,-0.31308272,-0.6449268,-0.45336327,-0.81613714,-0.5545466,-0.905016,-0.6428002,-0.97129273
0.0,0.0,0.15043214,-0.04213785,0.2962538,-0.14409825,0.39492917,-0.24750425,0.48824507,-0.32161987,0.24897052,-0.4775586,0.33464167,-0.6583126,0.38031188,-0.77394116,0.41530356,-0.8786128,0.17240185,-0.52208894,0.23655067,-0.7409382,0.26554665,-0.8801665,0.28709656,-1.0,0.09025292,-0.5255939,0.14015429,-0.72057223,0.16851905,-0.834947,0.19531296,-0.93209577,-0.0032359564,-0.49340904,0.035221986,-0.6407486,0.06868158,-0.72133595,0.10071572,-0.78835577
0.0,0.0,-0.11944792,-0.13181736,-0.18324909,-0.3351488,-0.1998097,-0.4978861,-0.22215383,-0.63140404,-0.03762537,-0.54461664,-0.020212539,-0.74561733,-0.008679702,-0.86857414,0.0051326943,-0.9721423,0.047788776,-0.5337353,0.08025172,-0.7561611,0.09977961,-0.889221,0.11578778,-1.0,0.12133276,-0.48430225,0.161549,-0.69403154,0.17988196,-0.8181581,0.19170561,-0.92504436,0.18840818,-0.39975905,0.24231882,-0.5493816,0.2735192,-0.6498838,0.29709542,-0.74022204
0.0,0.0,-0.12483004,-0.030190187,-0.23345625,-0.12649378,-0.31165698,-0.19191125,-0.39617968,-0.24145235,-0.23146503,-0.46272376,-0.30350316,-0.65846235,-0.35882798,-0.7815197,-0.4041468,-0.8845723,-0.16534679,-0.49840328,-0.23044533,-0.7351951,-0.28707397,-0.88360566,-0.33706248,-1.0,-0.091316566,-0.48522824,-0.13436103,-0.7109169,-0.1928705,-0.833072,-0.24843407,-0.9300354,-0.015192665,-0.43120933,-0.03964114,-0.6115276,-0.06634474,-0.7339863,-0.09448931,-0.8457652
0.0,0.0,-0.10697931,-0.12142705,-0.17920785,-0.2965898,-0.21066438,-0.44051924,-0.24635576,-0.5385409,-0.06493311,-0.5373279,-0.071127035,-0.7276183,-0.08075709,-0.83794075,-0.088910006,-0.9387692,0.0031503604,-0.5392647,0.0022844106,-0.75760835,-0.0005159942,-0.88655126,-0.0033160187,-1.0,0.069664165,-0.50858444,0.07359146,-0.7112644,0.073400505,-0.8318674,0.06980339,-0.937062,0.14109027,-0.44877157,0.16223939,-0.59934235,0.17554939,-0.6921881,0.1860353,-0.77678573
0.0,0.0,-0.16448638,-0.039289266,-0.31742498,-0.16875626,-0.38668013,-0.29899204,-0.37925315,-0.38235277,-0.30377784,-0.52387,-0.4034522,-0.68834263,-0.48392427,-0.76622856,-0.5545709,-0.82700944,-0.23899303,-0.57777005,-0.3378059,-0.7822627,-0.42185676,-0.8889054,-0.4988936,-0.9659626,-0.1604937,-0.59312266,-0.26054558,-0.7977632,-0.34457245,-0.9132577,-0.42383674,-1.0,-0.07108892,-0.57416713,-0.14673558,-0.75129825,-0.21384247,-0.8517745,-0.28125206,-0.9274352
0.0,0.0,0.14346811,-0.12557468,0.2549026,-0.29302013,0.32448187,-0.44026902,0.38921896,-0.5489028,0.11337126,-0.5301961,0.12619415,-0.7371755,0.122825816,-0.8641651,0.11766859,-0.9762204,0.02329553,-0.5377734,0.01050526,-0.75515735,0.0025566777,-0.8881219,-0.0016702414,-1.0,-0.057480667,-0.50274986,-0.08084995,-0.70242715,-0.08404204,-0.81714654,-0.07731528,-0.9149487,-0.13438992,-0.42957616,-0.18633384,-0.56961286,-0.20984432,-0.6647874,-0.22428253,-0.74857336
0.0,0.0,0.12035051,-0.11535105,0.20094432,-0.27689156,0.23382068,-0.43822956,0.25437292,-0.58209306,0.024109304,-0.51505303,0.0114377495,-0.7395204,-0.014115361,-0.8750609,-0.042903833,-0.9872449,-0.07090856,-0.5081128,-0.09410928,-0.7393737,-0.12099537,-0.8852379,-0.14932862,-1.0,-0.14868927,-0.45663768,-0.18601862,-0.6519254,-0.20833752,-0.7832582,-0.22680694,-0.89152324,-0.2131185,-0.36727792,-0.25832894,-0.4975134,-0.28094074,-0.58851564,-0.29578194,-0.6647324
0.0,0.0,-0.13264377,-0.06509273,-0.2578248,-0.1770698,-0.36354822,-0.22977701,-0.4416656,-0.24807104,-0.20100975,-0.5099592,-0.23766446,-0.7468124,-0.27766922,-0.8895928,-0.317163,-1.0,-0.11125611,-0.52249044,-0.15763126,-0.7380047,-0.20548517,-0.7851656,-0.24450772,-0.79157114,-0.014880657,-0.48813015,-0.03868831,-0.6977501,-0.07406163,-0.7759837,-0.1036959,-0.8142075,0.08631486,-0.41725314,0.09008422,-0.577616,0.076381646,-0.6595495,0.057967816,-0.7142374
0.0,0.0,-0.13694131,-0.069617756,-0.25017664,-0.23956674,-0.30707455,-0.3893076,-0.338533,-0.49950558,-0.1662691,-0.5245741,-0.1826056,-0.73479885,-0.18654737,-0.8605601,-0.18621068,-0.96426666,-0.08440451,-0.543299,-0.092447676,-0.7686817,-0.09622178,-0.89840484,-0.0967999,-1.0,-0.0011967585,-0.5182384,0.017084055,-0.71951056,0.025767248,-0.84528255,0.033921167,-0.94938785,0.07978812,-0.44931346,0.12200383,-0.60230863,0.14885452,-0.70335674,0.17070381,-0.79249483
0.0,0.0,-0.09594013,-0.13642155,-0.15512058,-0.31415913,-0.17180215,-0.45853657,-0.18040648,-0.58313406,-0.01302799,-0.5415022,0.006271337,-0.73437244,0.026583409,-0.8535459,0.046739057,-0.9487186,0.070912935,-0.54271847,0.11110625,-0.7589795,0.13388802,-0.89313006,0.15075675,-1.0,0.1383431,-0.50006485,0.19735977,-0.6923425,0.23221228,-0.8162421,0.2574721,-0.9178673,0.19058073,-0.41678002,0.26433235,-0.5444041,0.31017667,-0.63473165,0.34710312,-0.71242565
0.0,0.0,-0.13166557,-0.03986747,-0.25099847,-0.11729501,-0.35004938,-0.1689975,-0.4458437,-0.20776363,-0.17477867,-0.4223054,-0.22284082,-0.64020693,-0.25825956,-0.7753146,-0.28993708,-0.8906076,-0.08655165,-0.44841927,-0.12798409,-0.69397604,-0.15560344,-0.858321,-0.18077785,-1.0,0.00569338,-0.4264568,-0.029747987,-0.65385056,-0.05206007,-0.7984408,-0.07716078,-0.92433584,0.10394315,-0.3712844,0.09827499,-0.5478845,0.088955924,-0.6629336,0.07252781,-0.7681604
0.0,0.0,0.14678924,-0.074921146,0.26740855,-0.20172001,0.36771223,-0.31159168,0.45320958,-0.42070842,0.20346439,-0.46635178,0.2617899,-0.68365526,0.29973277,-0.8139505,0.33529526,-0.9294713,0.11940594,-0.488921,0.16667973,-0.71942765,0.20443095,-0.8700635,0.2412198,-1.0,0.029027862,-0.46334395,0.065895356,-0.66682345,0.10321107,-0.800197,0.14149778,-0.91834515,-0.0650606,-0.4030633,-0.060571432,-0.56438375,-0.044466287,-0.67792153,-0.02611133,-0.7859398
0.0,0.0,-0.14833552,-0.030507123,-0.285886,-0.115885906,-0.3751359,-0.19597086,-0.44256738,-0.24551275,-0.23593244,-0.48133063,-0.27543396,-0.6878745,-0.28870067,-0.81621325,-0.29388738,-0.91400445,-0.14653744,-0.5260897,-0.1730496,-0.7531894,-0.18512693,-0.88859123,-0.18864007,-0.99173677,-0.056065086,-0.5296103,-0.05390261,-0.75058675,-0.05617677,-0.8893744,-0.05252462,-1.0,0.036084887,-0.4951563,0.08548439,-0.66530496,0.11518004,-0.7826976,0.1393148,-0.8869479
0.0,0.0,0.19805509,0.11013501,0.4474598,0.058165587,0.6259692,-0.0344928,0.77391505,-0.10822439,0.51847476,-0.37716118,0.7018433,-0.5833517,0.8247965,-0.6802307,0.9349879,-0.75235724,0.4345863,-0.5030403,0.59965515,-0.74518335,0.7290388,-0.8916259,0.84379035,-1.0,0.32329264,-0.58170587,0.46130186,-0.77959245,0.5846839,-0.8574033,0.7004538,-0.9001686,0.18888237,-0.62726384,0.30291378,-0.8109214,0.39831102,-0.8852614,0.49968573,-0.92484987
0.0,0.0,-0.12236309,-0.04406361,-0.21616732,-0.18429075,-0.26280564,-0.29673213,-0.27486676,-0.3622209,-0.19283323,-0.46436152,-0.21905266,-0.6652061,-0.24433768,-0.80808175,-0.26329055,-0.9264559,-0.14840086,-0.49268946,-0.1809547,-0.7148098,-0.2157749,-0.8702143,-0.24590147,-1.0,-0.09662751,-0.4944408,-0.11940302,-0.71944916,-0.15020883,-0.86686164,-0.17997342,-0.9888387,-0.04090364,-0.46494827,-0.04947368,-0.6566836,-0.06573297,-0.7870992,-0.084954746,-0.90029687
0.0,0.0,0.22299704,0.025233211,0.44668698,-0.052532177,0.61600876,-0.1853279,0.7502301,-0.29808146,0.4588751,-0.45030728,0.62243384,-0.64046687,0.7322465,-0.6893272,0.81785554,-0.6928121,0.36735442,-0.55475575,0.5288963,-0.74878263,0.6317309,-0.8049796,0.7109359,-0.81384295,0.25699198,-0.60529995,0.3726189,-0.81587255,0.4563936,-0.9261432,0.5374266,-1.0,0.12766969,-0.6083052,0.19512491,-0.78779566,0.24230768,-0.88420266,0.28828803,-0.95322984
0.0,0.0,-0.13677622,0.005297838,-0.26355508,-0.049981948,-0.3589185,-0.100689955,-0.45850646,-0.15325812,-0.28464338,-0.44177222,-0.40947208,-0.6510242,-0.5013855,-0.76114625,-0.58632493,-0.8391942,-0.2016883,-0.48764396,-0.31551313,-0.7372463,-0.40709692,-0.88662,-0.4900031,-1.0,-0.0988745,-0.47997627,-0.1837549,-0.722832,-0.26390073,-0.86026585,-0.34211004,-0.9680978,0.01904406,-0.43293613,0.0021409262,-0.64146006,-0.031233093,-0.76879984,-0.077338904,-0.88025093
0.0,0.0,0.16659258,-0.015170453,0.3325223,-0.11713623,0.45063937,-0.2246461,0.5404979,-0.32015422,0.26238388,-0.49724102,0.34749895,-0.68985045,0.39119738,-0.80911535,0.42489693,-0.91933244,0.18195258,-0.548596,0.24035934,-0.75284594,0.27125567,-0.8870737,0.2950442,-1.0,0.09584008,-0.55312896,0.14166582,-0.7440396,0.16856489,-0.8615881,0.19358858,-0.9631397,0.00022234094,-0.51439977,0.0022703065,-0.6694422,0.004925244,-0.76559794,0.010892875,-0.8477152
0.0,0.0,-0.14769053,-0.08046597,-0.27719826,-0.23886542,-0.35059643,-0.39733458,-0.4241348,-0.5126477,-0.27007562,-0.478532,-0.3715533,-0.68116945,-0.4288402,-0.79947585,-0.4778235,-0.90369403,-0.20606764,-0.5264661,-0.2863857,-0.74670774,-0.32435063,-0.883728,-0.35281983,-1.0,-0.13204357,-0.5316372,-0.1988252,-0.72363675,-0.23145705,-0.8427078,-0.25640276,-0.94268084,-0.046506483,-0.5068253,-0.08048379,-0.6414943,-0.095771976,-0.7289327,-0.10170421,-0.8077476
0.0,0.0,-0.100614466,-0.12333961,-0.16869572,-0.3021419,-0.18177521,-0.43676263,-0.17247435,-0.54129547,-0.036153536,-0.5352397,-0.016553655,-0.74051714,-0.004361205,-0.8604626,0.0049779178,-0.9617536,0.036067396,-0.51921475,0.047201905,-0.7448591,0.049981467,-0.8861019,0.049679525,-1.0,0.106004976,-0.46805212,0.13976543,-0.6701963,0.15413654,-0.7933542,0.16192609,-0.8933704,0.17559594,-0.38428247,0.23690413,-0.5477352,0.26543513,-0.6549411,0.2833695,-0.75190777
0.0,0.0,-0.18775585,-0.020041225,-0.37131202,-0.14953852,-0.48758632,-0.28055504,-0.5935517,-0.37184232,-0.38242993,-0.4949965,-0.491066,-0.6890697,-0.5485271,-0.8118285,-0.5970507,-0.9213876,-0.3241304,-0.56673384,-0.44085523,-0.7720489,-0.5120163,-0.8950761,-0.57434386,-1.0,-0.25005138,-0.59912556,-0.364776,-0.79582584,-0.43650404,-0.9072896,-0.50081056,-0.9978781,-0.15268005,-0.6025596,-0.2381058,-0.7665708,-0.29916325,-0.8569322,-0.35839778,-0.93035233
0.0,0.0,0.14042059,-0.06696867,0.24622852,-0.22113632,0.30966341,-0.38615888,0.38743252,-0.4916958,0.18309528,-0.5056673,0.20828377,-0.70527285,0.21463673,-0.83566827,0.21964686,-0.9458214,0.10480973,-0.5360672,0.13078904,-0.75327265,0.14797676,-0.88866675,0.16575837,-1.0,0.031337757,-0.5272604,0.053420983,-0.72726506,0.07749913,-0.8501058,0.10271596,-0.9491908,-0.045299474,-0.48643208,-0.029747933,-0.6382822,-0.008369522,-0.72818,0.014896853,-0.8074363
0.0,0.0,-0.17026229,0.097191095,-0.38954145,0.085498355,-0.55871516,0.043250185,-0.7022226,0.044365667,-0.5624295,-0.34590372,-0.75712067,-0.5095215,-0.88240206,-0.601305,-0.9918744,-0.67415303,-0.5256802,-0.46576458,-0.7347736,-0.6341929,-0.87443733,-0.7181723,-1.0,-0.7760178,-0.4568861,-0.54944766,-0.6593969,-0.70682144,-0.7904612,-0.787998,-0.9081788,-0.84206164,-0.35424504,-0.6035335,-0.5059559,-0.7464501,-0.61325437,-0.8131057,-0.711137,-0.85721177
0.0,0.0,-0.15198712,-0.08455857,-0.28629184,-0.22699447,-0.37966338,-0.3367708,-0.46118534,-0.4065634,-0.25826642,-0.50645334,-0.31086892,-0.7193254,-0.32316533,-0.8446978,-0.32810247,-0.94907796,-0.17708036,-0.54364157,-0.21437138,-0.7706114,-0.22937174,-0.89779615,-0.24169295,-1.0,-0.09255311,-0.54397243,-0.12676753,-0.7618387,-0.15105377,-0.8872037,-0.17257254,-0.9881935,0.0012388532,-0.5109648,-0.0015952159,-0.68194884,-0.008036529,-0.7896472,-0.014528337,-0.8815182
0.0,0.0,-0.19464885,0.03838833,-0.42147082,-0.009075415,-0.58166426,-0.052609723,-0.71633404,-0.06556134,-0.5442092,-0.4630742,-0.7088008,-0.6642698,-0.8106259,-0.7807719,-0.90001714,-0.8742479,-0.48756132,-0.5606294,-0.66362524,-0.77051437,-0.7806823,-0.8807122,-0.8855177,-0.9528247,-0.40422553,-0.6224956,-0.57510734,-0.82344925,-0.687844,-0.9278929,-0.7880618,-1.0,-0.29320788,-0.65197664,-0.4191462,-0.82558966,-0.51498914,-0.92196894,-0.60382646,-0.9955045
0.0,0.0,0.13257766,-0.06716364,0.22740324,-0.20055623,0.3040269,-0.32667232,0.37815905,-0.4390353,0.087684,-0.44549984,0.107090786,-0.6668587,0.120373674,-0.8077907,0.13042638,-0.9371298,0.003048245,-0.45370737,-0.00019460186,-0.692242,-0.0016470826,-0.85415417,-0.0054834364,-1.0,-0.073790535,-0.41451555,-0.09024218,-0.62478065,-0.09006441,-0.76386714,-0.08831064,-0.89139885,-0.14872499,-0.3435727,-0.16496265,-0.50638294,-0.16551255,-0.6152015,-0.16384383,-0.72235495
0.0,0.0,0.17327027,0.028630361,0.34991106,-0.035885606,0.50689584,-0.16118291,0.6191288,-0.2907261,0.37499693,-0.46740052,0.5309786,-0.5787185,0.6375881,-0.61563927,0.7259667,-0.6346631,0.27279285,-0.5957434,0.3444474,-0.80583364,0.40338403,-0.92701423,0.43574902,-1.0,0.15184574,-0.62541795,0.06216842,-0.6930797,-0.06308059,-0.5754832,-0.15369669,-0.46142805,0.03222348,-0.5843629,-0.088429846,-0.6301866,-0.19691023,-0.5460919,-0.26642513,-0.45456302
0.0,0.0,0.058251962,-0.25302988,0.19859973,-0.44167423,0.3340182,-0.542087,0.44661006,-0.5904607,0.48108697,-0.30140007,0.6844675,-0.35836846,0.8103025,-0.3876357,0.9139098,-0.4035573,0.5203166,-0.15486968,0.7471519,-0.1593232,0.8861193,-0.17104141,1.0,-0.17924403,0.5199206,-0.019304443,0.7382738,0.0052350587,0.8715689,-0.004833777,0.980236,-0.0189715,0.4795975,0.10621737,0.644016,0.16516106,0.75232875,0.18629931,0.84477764,0.1985822
0.0,0.0,0.13362925,-0.1107586,0.22970319,-0.27997375,0.30316326,-0.42730448,0.36437574,-0.5504497,0.10040586,-0.53582966,0.12000561,-0.72745484,0.12808959,-0.8469011,0.13858095,-0.95361876,0.012025973,-0.5499356,0.01165219,-0.75695807,0.01918414,-0.8850886,0.031189043,-1.0,-0.07069201,-0.51289463,-0.09218803,-0.7091385,-0.09620058,-0.8338158,-0.0921055,-0.9482369,-0.14797181,-0.43237767,-0.19349408,-0.58428746,-0.21439707,-0.68710196,-0.22586185,-0.7851689
0.0,0.0,-0.12568432,0.016969506,-0.24804701,-0.040270142,-0.34173486,-0.10149924,-0.4255759,-0.16094947,-0.22027056,-0.3847437,-0.28364888,-0.5932387,-0.32574236,-0.73692125,-0.35677215,-0.85505736,-0.13329877,-0.43878856,-0.16447137,-0.6853187,-0.19008844,-0.8557255,-0.20877622,-1.0,-0.047725104,-0.43305203,-0.053055998,-0.6587018,-0.058924273,-0.81430817,-0.06279822,-0.9446261,0.033421338,-0.3821353,0.070224985,-0.54350275,0.10129507,-0.6515452,0.12595238,-0.7456891
0.0,0.0,0.10665892,-0.15388112,0.15705816,-0.36288494,0.18666527,-0.53513,0.23727234,-0.65698594,-0.028457941,-0.5619392,-0.04384482,-0.7644681,-0.06131212,-0.8914991,-0.07718212,-1.0,-0.116860546,-0.54283446,-0.15405498,-0.7390939,-0.17037438,-0.8649488,-0.17996648,-0.9693963,-0.19021128,-0.48402688,-0.23917422,-0.6698599,-0.25523004,-0.78455323,-0.2633827,-0.8825175,-0.25066742,-0.38598907,-0.32803026,-0.48961645,-0.38235748,-0.55681366,-0.43157947,-0.6176251
0.0,0.0,-0.11783213,-0.123944,-0.19221261,-0.3294346,-0.22092964,-0.48717472,-0.24960819,-0.6153496,-0.048966374,-0.56299525,-0.019067295,-0.7671677,-0.0029993423,-0.8861998,0.010752464,-0.98212737,0.025624922,-0.55122596,0.05085086,-0.7738663,0.066106886,-0.9003113,0.07840059,-1.0,0.096851625,-0.50442815,0.122549415,-0.72234666,0.13382986,-0.8544818,0.14118926,-0.96564204,0.17137507,-0.4221852,0.21951409,-0.5801907,0.245,-0.6833567,0.26231682,-0.77689373
0.0,0.0,0.12886894,-0.03335228,0.2348654,-0.14895871,0.31526515,-0.2778617,0.37966192,-0.3909196,0.14617004,-0.42983863,0.1834769,-0.65500313,0.21100816,-0.7999972,0.23158893,-0.91204226,0.06345986,-0.47492787,0.09095353,-0.7189725,0.11373526,-0.87818027,0.12854603,-1.0,-0.020131275,-0.47369137,-0.005505691,-0.7036296,0.01725326,-0.8491932,0.03705175,-0.96034247,-0.102532856,-0.43502796,-0.11288255,-0.6127471,-0.115139134,-0.7315255,-0.11531073,-0.8266647
0.0,0.0,-0.12807009,-0.110307835,-0.22891043,-0.2925881,-0.28801566,-0.4466085,-0.35263258,-0.55066574,-0.15305659,-0.5156376,-0.20126471,-0.7161461,-0.22622393,-0.83457124,-0.24494344,-0.9375467,-0.07731037,-0.53788304,-0.10007255,-0.76063985,-0.11498394,-0.89114904,-0.12753227,-1.0,-0.0019296048,-0.5195337,-0.0100816535,-0.7267284,-0.017905343,-0.8425011,-0.02769191,-0.9409977,0.07485459,-0.46734872,0.08945381,-0.61798304,0.09903983,-0.7106222,0.10788369,-0.7927157
0.0,0.0,-0.1979474,0.024879914,-0.40025708,-0.024546662,-0.53885233,-0.06512952,-0.65383124,-0.061995637,-0.5031287,-0.47016892,-0.6478928,-0.6651834,-0.733092,-0.78093064,-0.8100612,-0.8764316,-0.4397248,-0.56561166,-0.5864581,-0.7744541,-0.6807996,-0.8845037,-0.76437706,-0.9662539,-0.35610178,-0.6224676,-0.49364686,-0.8203763,-0.5865803,-0.9225085,-0.6667692,-1.0,-0.24886176,-0.6463428,-0.3547193,-0.8150607,-0.43643615,-0.90212244,-0.5138718,-0.97006667
0.0,0.0,-0.12395442,-0.10164972,-0.21194787,-0.2731298,-0.24981351,-0.4248285,-0.2713355,-0.5375292,-0.096353754,-0.512595,-0.10338174,-0.70383704,-0.11521085,-0.81768847,-0.12399015,-0.92109525,-0.023317946,-0.523235,-0.02780844,-0.74021655,-0.035625696,-0.8782648,-0.04243127,-1.0,0.04552455,-0.49557933,0.047795217,-0.69663703,0.04208563,-0.8245969,0.033068802,-0.9385395,0.1172834,-0.4352242,0.13904327,-0.5862808,0.14544605,-0.6896049,0.14600958,-0.7873387
0.0,0.0,-0.13840333,-0.15844414,-0.21667768,-0.35971078,-0.23875459,-0.5302981,-0.2391839,-0.6694106,-0.03599793,-0.5422111,-0.05667308,-0.7638831,-0.06824189,-0.8925869,-0.073119454,-1.0,0.05656345,-0.5314957,0.06483946,-0.7641376,0.06574903,-0.89252275,0.06754929,-0.99145925,0.14001785,-0.48452994,0.1731934,-0.69830304,0.18164109,-0.8244894,0.18291645,-0.92665625,0.22126617,-0.40445367,0.27848825,-0.5539841,0.3017919,-0.65050405,0.31050184,-0.7335076
0.0,0.0,-0.16849782,0.08795781,-0.3335467,0.07891125,-0.45025328,0.060314137,-0.5464026,0.033919346,-0.46776143,-0.37207547,-0.6327658,-0.5318714,-0.7515754,-0.62505436,-0.85154134,-0.7001554,-0.43714106,-0.4757026,-0.6211441,-0.68467504,-0.7441256,-0.8160382,-0.8431225,-0.9236821,-0.38167894,-0.5398473,-0.5527279,-0.7607022,-0.66952014,-0.89217585,-0.76518595,-1.0,-0.30328113,-0.5705635,-0.42972773,-0.7657429,-0.52018577,-0.8851926,-0.59967107,-0.98147786
0.0,0.0,0.14070116,-0.06627256,0.23611458,-0.200718,0.3071176,-0.328596,0.38058868,-0.44015062,0.08658047,-0.44964454,0.10479901,-0.6622824,0.11364472,-0.8050636,0.11889539,-0.9335007,0.002428969,-0.4585716,-0.00032654032,-0.68905526,-0.0054084896,-0.8529514,-0.012296502,-1.0,-0.07362811,-0.41839212,-0.08552474,-0.62829036,-0.084339075,-0.7644661,-0.081154354,-0.8871903,-0.14785601,-0.34317443,-0.16463819,-0.50434834,-0.16466267,-0.6159092,-0.1591761,-0.7232278
0.0,0.0,-0.15781213,0.010156337,-0.33282998,-0.061039656,-0.45593786,-0.1063504,-0.5663808,-0.10143854,-0.42503566,-0.46314555,-0.5448127,-0.6682813,-0.61568874,-0.79425424,-0.67553824,-0.89768416,-0.3677925,-0.54571575,-0.49798647,-0.7593712,-0.57963896,-0.87992644,-0.6497776,-0.9717602,-0.2925944,-0.5939386,-0.41917023,-0.794612,-0.50308204,-0.90945673,-0.57280815,-1.0,-0.19845746,-0.6126879,-0.29419708,-0.7820992,-0.36636534,-0.87980205,-0.43221802,-0.9591628
0.0,0.0,-0.14762406,-0.100409254,-0.24609096,-0.2717365,-0.29440072,-0.42785498,-0.33158836,-0.55828327,-0.13062954,-0.52242434,-0.1292532,-0.722347,-0.12037128,-0.8409134,-0.11070268,-0.94518906,-0.058585584,-0.5399181,-0.05745471,-0.7526157,-0.05331699,-0.8871708,-0.047332052,-1.0,0.008811561,-0.522068,0.0062368345,-0.72358286,0.0025178052,-0.8408635,-0.0009247459,-0.94043595,0.080400325,-0.47325015,0.083719194,-0.6291468,0.0742153,-0.72499907,0.061971024,-0.80616456
0.0,0.0,-0.12359032,-0.067720324,-0.22159179,-0.1716716,-0.27720693,-0.270224,-0.28016236,-0.38302192,-0.13261192,-0.48210636,-0.13775848,-0.68560606,-0.1519129,-0.81173426,-0.16413698,-0.92017424,-0.057452124,-0.4976991,-0.057677396,-0.727784,-0.06383918,-0.87531203,-0.072400816,-1.0,0.014610037,-0.46896663,0.01940018,-0.67581964,0.019811284,-0.80076075,0.013986658,-0.9086954,0.085678644,-0.40154716,0.11704627,-0.556594,0.13091266,-0.6591214,0.13793625,-0.7538724
0.0,0.0,-0.124197625,-0.016872395,-0.24792622,-0.1182426,-0.34353,-0.20960169,-0.43502435,-0.277931,-0.19260816,-0.43628585,-0.2644091,-0.6335301,-0.31271222,-0.76301646,-0.35123554,-0.86953014,-0.10839504,-0.47414404,-0.16544676,-0.71314496,-0.20253298,-0.8716529,-0.2328523,-1.0,-0.017670682,-0.4584037,-0.05683284,-0.68008864,-0.088120095,-0.818185,-0.11559278,-0.93717325,0.074531965,-0.4007651,0.062157955,-0.56054646,0.051883522,-0.6647129,0.042210985,-0.7602499
0.0,0.0,-0.13773535,-0.07216653,-0.26961258,-0.22281387,-0.36804095,-0.33540523,-0.45408684,-0.38839582,-0.20948805,-0.5172241,-0.22454487,-0.71716964,-0.23272166,-0.8478771,-0.2386108,-0.95376354,-0.14233594,-0.5447938,-0.15435521,-0.7597331,-0.16653772,-0.8942311,-0.17725341,-1.0,-0.07065512,-0.53394216,-0.06935658,-0.7370357,-0.07334466,-0.86660606,-0.07751016,-0.9740847,0.005778871,-0.4856327,0.03773282,-0.6457447,0.05348744,-0.7547373,0.06486971,-0.85151017
0.0,0.0,-0.17920662,-0.010835551,-0.36289188,-0.11962936,-0.48323503,-0.23755448,-0.58841985,-0.30777982,-0.3887964,-0.4586967,-0.5176855,-0.6369127,-0.59343445,-0.74409395,-0.65712607,-0.8378969,-0.3272431,-0.54369766,-0.44264156,-0.76320654,-0.5133512,-0.89173776,-0.5720309,-0.9957916,-0.25002065,-0.57950926,-0.35136235,-0.79018176,-0.4146778,-0.905935,-0.47297087,-1.0,-0.15214476,-0.5802392,-0.21483502,-0.7523896,-0.26099083,-0.85236007,-0.30637884,-0.9365491
0.0,0.0,-0.11490992,-0.052721124,-0.22297479,-0.18008137,-0.28922704,-0.32177195,-0.36053815,-0.44358277,-0.25069427,-0.45344093,-0.33691356,-0.6533385,-0.38147655,-0.7809316,-0.41179478,-0.89549106,-0.18080065,-0.5017854,-0.24185579,-0.73118806,-0.26543862,-0.8764519,-0.27609092,-1.0,-0.102636404,-0.5053359,-0.14688545,-0.7161226,-0.16434236,-0.8426497,-0.17523374,-0.9549303,-0.013711701,-0.4745142,-0.036130223,-0.6310887,-0.04065395,-0.7309185,-0.04167306,-0.8235369
0.0,0.0,-0.10199227,-0.08925104,-0.16594554,-0.22347517,-0.20013942,-0.33261505,-0.22326528,-0.4241186,-0.00097247434,-0.5081458,0.037416056,-0.72367007,0.05447927,-0.87276846,0.06455383,-0.99312526,0.08949815,-0.49648637,0.15872993,-0.7150754,0.1946376,-0.8712461,0.220082,-1.0,0.16279976,-0.44827276,0.24905558,-0.64543587,0.2882221,-0.7796863,0.31557143,-0.8911542,0.21878043,-0.36684936,0.31100848,-0.49101573,0.3616877,-0.5935253,0.40071428,-0.6848226
0.0,0.0,-0.16671742,-0.008548761,-0.35504717,-0.07976061,-0.49773723,-0.16015278,-0.57177293,-0.29421437,-0.3898162,-0.42102593,-0.5207301,-0.60271573,-0.6019458,-0.70885104,-0.6662988,-0.8049746,-0.3129342,-0.51466405,-0.44625965,-0.72366506,-0.52784914,-0.8408702,-0.5966787,-0.93611497,-0.21517265,-0.5713441,-0.32021764,-0.77530074,-0.38912988,-0.9020386,-0.45342913,-1.0,-0.09786004,-0.5935939,-0.15480036,-0.7765321,-0.19778366,-0.89478433,-0.23968396,-0.9856758
0.0,0.0,0.14143147,-0.081557766,0.2660207,-0.21111712,0.3606089,-0.32077712,0.44026625,-0.41106138,0.1267246,-0.51866984,0.15190235,-0.7210357,0.15747064,-0.84217316,0.15846473,-0.9476137,0.04283661,-0.5391064,0.04946807,-0.7547847,0.05240949,-0.8898857,0.05395054,-1.0,-0.035602957,-0.51308715,-0.042476058,-0.708338,-0.03606008,-0.8253207,-0.025447614,-0.92196655,-0.11336946,-0.4442384,-0.15491718,-0.5826014,-0.17453563,-0.6769345,-0.18672189,-0.75968355
0.0,0.0,-0.1872008,-0.0075650937,-0.34104297,-0.10355726,-0.40044722,-0.21356924,-0.41542488,-0.30422258,-0.36423773,-0.45912197,-0.44740632,-0.63515997,-0.5048065,-0.7316203,-0.5439898,-0.7980401,-0.2957663,-0.5369683,-0.3765884,-0.7407298,-0.42635688,-0.8589473,-0.4583156,-0.9469728,-0.212998,-0.56797695,-0.28486454,-0.77218074,-0.3241586,-0.8967255,-0.3496614,-1.0,-0.1119469,-0.5547619,-0.15639126,-0.70818454,-0.19230655,-0.79978734,-0.2188128,-0.8819713
0.0,0.0,0.16552629,-0.011364283,0.31875828,-0.10441604,0.44218507,-0.19794086,0.5500568,-0.25097194,0.28842944,-0.48686233,0.3975192,-0.66490066,0.46072367,-0.77399737,0.5129407,-0.87245935,0.21832556,-0.5539727,0.3179757,-0.755638,0.3775104,-0.8774616,0.42454174,-0.97974885,0.13757004,-0.5761419,0.21083091,-0.7795273,0.26137877,-0.8976629,0.30830863,-1.0,0.04394105,-0.55955726,0.08286926,-0.7194434,0.12412819,-0.80736613,0.17174104,-0.8819756
0.0,0.0,-0.15118107,-0.01706331,-0.30639127,-0.113352366,-0.42796567,-0.20383216,-0.53702974,-0.25222987,-0.29409567,-0.45715383,-0.37881535,-0.66288215,-0.42565104,-0.7901167,-0.4634277,-0.903975,-0.232203,-0.5230229,-0.32085046,-0.7475646,-0.3759848,-0.8851035,-0.4235722,-1.0,-0.15973884,-0.5459242,-0.24383274,-0.75297016,-0.29919404,-0.8760528,-0.3504342,-0.9790721,-0.07127081,-0.53908795,-0.13148382,-0.6981533,-0.17749731,-0.7916198,-0.22347881,-0.8713481
0.0,0.0,-0.15797116,-0.009203489,-0.30269682,-0.1361895,-0.3875753,-0.27710584,-0.45577413,-0.40018624,-0.27515593,-0.44199708,-0.38986298,-0.626317,-0.4618736,-0.74364,-0.51984876,-0.84367144,-0.19352862,-0.51670694,-0.277943,-0.7418949,-0.33535016,-0.8857019,-0.3832151,-1.0,-0.10322843,-0.5398603,-0.17540702,-0.7515683,-0.22644985,-0.8851112,-0.2731389,-0.9940564,-0.0072768996,-0.52514976,-0.050699197,-0.69330513,-0.09038204,-0.8004795,-0.12661695,-0.8916331
0.0,0.0,0.12753499,-0.13144489,0.20968832,-0.31550753,0.25403032,-0.48921803,0.30760613,-0.61518204,0.08541747,-0.5290901,0.071202144,-0.72739464,0.05452723,-0.8477632,0.038435776,-0.9559356,0.011188762,-0.53137183,-0.0009829942,-0.7476625,-0.012511152,-0.88217723,-0.022782538,-1.0,-0.055551823,-0.49804816,-0.066450246,-0.6989979,-0.07074211,-0.8205264,-0.07378153,-0.9244939,-0.123373695,-0.4359377,-0.13003731,-0.5905825,-0.12882598,-0.68617946,-0.127274,-0.7698636
0.0,0.0,-0.14754502,0.0225243,-0.29885754,0.017356638,-0.41930273,0.05402309,-0.53645366,0.09604615,-0.3678035,-0.38075453,-0.496159,-0.5867076,-0.5772247,-0.7019026,-0.6495415,-0.79272074,-0.2765307,-0.46484098,-0.40877903,-0.7081975,-0.49840754,-0.86882854,-0.5855827,-1.0,-0.16142887,-0.4844726,-0.28449076,-0.6904841,-0.3757605,-0.84254795,-0.46438318,-0.9779073,-0.029353268,-0.4563499,-0.08426283,-0.5958701,-0.13035376,-0.6702929,-0.17865844,-0.72917455
0.0,0.0,-0.13727985,-0.08405907,-0.2620463,-0.23003982,-0.33543044,-0.34409013,-0.38050684,-0.42438328,-0.21112837,-0.51253754,-0.27133796,-0.7029409,-0.29882702,-0.80633277,-0.31812808,-0.8875862,-0.12825568,-0.54620034,-0.17174004,-0.7744856,-0.19928457,-0.9038848,-0.22417915,-1.0,-0.04213805,-0.52979904,-0.063096374,-0.6847634,-0.0763778,-0.73791623,-0.08406848,-0.7704019,0.041441213,-0.47432247,0.01935459,-0.550879,0.006415736,-0.5382245,0.0027965945,-0.51674354
0.0,0.0,-0.1765086,0.17562847,-0.39337885,0.21819955,-0.5613123,0.17540795,-0.7027348,0.120216295,-0.52025896,-0.15521419,-0.7440677,-0.25060114,-0.8822276,-0.3142562,-1.0,-0.36906004,-0.46912572,-0.3092515,-0.6799822,-0.46583623,-0.82110506,-0.5716029,-0.9409959,-0.6619485,-0.38191885,-0.4215897,-0.5615199,-0.57595253,-0.6779688,-0.6617601,-0.779613,-0.73044765,-0.2717038,-0.5076705,-0.41394028,-0.6622622,-0.5064462,-0.74707747,-0.588656,-0.82060677
0.0,0.0,-0.14308609,-0.0632666,-0.26209968,-0.18419513,-0.33229214,-0.27077466,-0.3797506,-0.3067385,-0.22837637,-0.5471365,-0.28421313,-0.74168116,-0.32112083,-0.86045545,-0.3522107,-0.9622087,-0.16411664,-0.57495844,-0.22351645,-0.7880276,-0.26892474,-0.9053653,-0.30962336,-1.0,-0.091592155,-0.5657017,-0.14676821,-0.7771163,-0.19128399,-0.8890844,-0.23172568,-0.9782403,-0.009520714,-0.5230944,-0.033323355,-0.69796795,-0.055860333,-0.80359685,-0.07964662,-0.89711446
0.0,0.0,0.15396616,-0.094328925,0.27520534,-0.23125899,0.34654808,-0.35920665,0.3771797,-0.4854554,0.2041156,-0.48645553,0.22062366,-0.6967949,0.21063532,-0.8327448,0.19600326,-0.946261,0.113109045,-0.49858478,0.1261348,-0.7275817,0.12285839,-0.87884223,0.11164923,-1.0,0.027124848,-0.4687131,0.03082328,-0.683245,0.030679801,-0.82298666,0.02817397,-0.93188214,-0.05323658,-0.40544736,-0.057502158,-0.58023506,-0.055907823,-0.69662344,-0.053431325,-0.79134506
0.0,0.0,-0.15631199,-0.050837345,-0.3038327,-0.17541912,-0.38916114,-0.30328453,-0.406407,-0.41648275,-0.3020228,-0.49312887,-0.38179737,-0.67227906,-0.43275365,-0.77362084,-0.47421938,-0.8638237,-0.22916785,-0.554871,-0.2999028,-0.76747173,-0.34521842,-0.8934433,-0.38179603,-1.0,-0.14622582,-0.57441413,-0.20866598,-0.77791595,-0.24859819,-0.89920545,-0.28458902,-0.99803966,-0.053414654,-0.5555664,-0.07897584,-0.71846825,-0.09835537,-0.8169045,-0.11749979,-0.901924
0.0,0.0,0.14695479,-0.09546754,0.25781435,-0.24250287,0.29463556,-0.4044916,0.27850896,-0.5559902,0.10727654,-0.52479875,0.112173826,-0.7270661,0.10031439,-0.85184926,0.088208616,-0.95303416,0.0162188,-0.54052407,0.0127435075,-0.7577957,0.002107336,-0.893013,-0.0063619106,-1.0,-0.06904368,-0.5145663,-0.08366557,-0.7192069,-0.08801974,-0.8523873,-0.08506558,-0.9583882,-0.15473504,-0.44925797,-0.19480905,-0.6189928,-0.21283667,-0.7420102,-0.21932295,-0.84874725
0.0,0.0,0.23467922,0.07770164,0.44691482,0.056797605,0.6304697,0.029557306,0.7887313,0.006921751,0.5550772,-0.44612333,0.71276796,-0.64112335,0.8149505,-0.7617667,0.90691143,-0.854505,0.4835454,-0.5656867,0.6400465,-0.77784693,0.74807686,-0.88973933,0.8478505,-0.9737653,0.3792578,-0.6487163,0.5077523,-0.8597174,0.59327286,-0.9478581,0.6748634,-1.0,0.24948499,-0.69808793,0.3653045,-0.8776355,0.4556109,-0.954988,0.549669,-0.99697065
0.0,0.0,-0.20594785,0.041815285,-0.4425612,-0.038425766,-0.59595317,-0.11459329,-0.7138764,-0.12130653,-0.5375173,-0.49868336,-0.70083153,-0.68695396,-0.8038691,-0.7946662,-0.89478123,-0.876347,-0.47482815,-0.58953315,-0.64876676,-0.78886384,-0.7701649,-0.8812577,-0.87561405,-0.9345078,-0.39120477,-0.64534897,-0.563326,-0.8386092,-0.6830634,-0.92520547,-0.7865871,-0.98254645,-0.2830556,-0.67683977,-0.4203799,-0.84892446,-0.5223072,-0.9348166,-0.6176551,-1.0
0.0,0.0,-0.15704541,-0.05124829,-0.30301812,-0.1719847,-0.38080406,-0.29056612,-0.39921495,-0.40239075,-0.28148273,-0.4961439,-0.3279382,-0.70078814,-0.3496913,-0.8277369,-0.36783087,-0.9348797,-0.21083783,-0.54180706,-0.26397339,-0.75727594,-0.29361498,-0.8896547,-0.3202958,-1.0,-0.13240467,-0.5511733,-0.17647384,-0.7647864,-0.20670009,-0.8950282,-0.23518722,-0.99807155,-0.038486708,-0.52515686,-0.04090894,-0.7030658,-0.051938567,-0.81907195,-0.06627535,-0.9168585
0.0,0.0,-0.18456233,-0.012032059,-0.3622872,-0.10745895,-0.48562536,-0.20037302,-0.5960383,-0.2725319,-0.36623427,-0.45746017,-0.48539138,-0.6485471,-0.5598497,-0.7619118,-0.6230019,-0.8664451,-0.29715863,-0.52634984,-0.41711664,-0.73966235,-0.49291483,-0.8749805,-0.5599453,-0.99360925,-0.21156195,-0.5524301,-0.31454578,-0.76165694,-0.38540474,-0.8906272,-0.4520603,-1.0,-0.1088376,-0.54326296,-0.1804109,-0.7109609,-0.23474054,-0.8166102,-0.28784102,-0.9101832
0.0,0.0,-0.14456998,-0.08155795,-0.27003962,-0.23945993,-0.34038445,-0.40239257,-0.40669852,-0.53283036,-0.23489447,-0.48754415,-0.3154912,-0.68645865,-0.3569802,-0.80546176,-0.38991073,-0.91441846,-0.16213827,-0.5285756,-0.21475524,-0.7504647,-0.23784055,-0.8854676,-0.25555784,-1.0,-0.08578567,-0.5225664,-0.1271038,-0.71749914,-0.14760722,-0.83886164,-0.16628921,-0.94215393,-0.0007692065,-0.4881673,-0.016772823,-0.6339509,-0.02570222,-0.7246074,-0.031665485,-0.8069223
0.0,0.0,0.10745183,-0.16751593,0.16438839,-0.35929,0.18952465,-0.5259809,0.20728713,-0.66060895,0.006846389,-0.57640743,-0.029698351,-0.77755994,-0.056470342,-0.89670557,-0.07653565,-1.0,-0.069564745,-0.54181045,-0.114993475,-0.7442217,-0.14212325,-0.86896414,-0.16165067,-0.9775856,-0.1310206,-0.46957278,-0.18759514,-0.646252,-0.21848768,-0.7521064,-0.23825255,-0.8427859,-0.18253861,-0.36643878,-0.23680824,-0.47469035,-0.26752266,-0.54052323,-0.2934275,-0.5962327
0.0,0.0,-0.17658426,-0.004642572,-0.38045007,-0.07467516,-0.5091328,-0.1132466,-0.5818155,-0.16145027,-0.45225948,-0.45593193,-0.56568485,-0.6489703,-0.6318847,-0.77622557,-0.6819639,-0.88624465,-0.38500813,-0.53207666,-0.499954,-0.7322126,-0.5617018,-0.8626565,-0.60923016,-0.97601336,-0.2992514,-0.5739043,-0.4042746,-0.7638528,-0.4659733,-0.8879499,-0.5157948,-1.0,-0.19527106,-0.58200336,-0.27356508,-0.74096704,-0.32339707,-0.84179455,-0.3660365,-0.9324004
0.0,0.0,0.11644353,-0.142048,0.1869847,-0.33048686,0.22286126,-0.4962709,0.26505032,-0.62507504,0.00899563,-0.5573415,-0.003234441,-0.7641191,-0.017223107,-0.8897814,-0.032122508,-1.0,-0.07712006,-0.5412699,-0.10869016,-0.7411527,-0.12364457,-0.8666955,-0.13460699,-0.9737644,-0.15205877,-0.4852816,-0.19916226,-0.662959,-0.21234015,-0.7785716,-0.21845686,-0.8813792,-0.21918793,-0.3942792,-0.30071932,-0.4957359,-0.3553911,-0.5604595,-0.40374103,-0.6248949
0.0,0.0,0.13613151,-0.097041406,0.23197654,-0.276354,0.28152943,-0.43891862,0.33183125,-0.557055,0.14337908,-0.5067102,0.16076614,-0.7099134,0.1642267,-0.8435487,0.1672904,-0.95823056,0.056311466,-0.5224271,0.06348709,-0.73724955,0.066665426,-0.8771375,0.073102325,-1.0,-0.022195298,-0.5016951,-0.022405813,-0.7058584,-0.021078032,-0.8337049,-0.015014979,-0.94132316,-0.09673488,-0.45026347,-0.09493383,-0.61788374,-0.09470716,-0.7252048,-0.08868107,-0.82465345
0.0,0.0,-0.16738792,0.08707266,-0.39163545,0.07164832,-0.56051123,0.012737943,-0.7012458,0.007216447,-0.5190166,-0.32512054,-0.7166238,-0.4378305,-0.8348761,-0.5097674,-0.93874013,-0.5812488,-0.47506914,-0.45280153,-0.6681919,-0.62123847,-0.78927344,-0.72603506,-0.8945506,-0.8159604,-0.39328757,-0.5350345,-0.56448275,-0.71152025,-0.67355573,-0.8119623,-0.77359164,-0.89567316,-0.278077,-0.591077,-0.3735102,-0.7774439,-0.43924323,-0.8946644,-0.50410074,-1.0
0.0,0.0,-0.19203438,0.06410924,-0.4065412,-0.0059951674,-0.5531038,-0.09401861,-0.6568413,-0.14067364,-0.4296513,-0.35414094,-0.59360003,-0.5702975,-0.71003777,-0.70127857,-0.80010515,-0.8115598,-0.372973,-0.46093112,-0.5530858,-0.701217,-0.6868319,-0.8494395,-0.79506016,-0.96701735,-0.29958227,-0.53561705,-0.47307494,-0.77468455,-0.596605,-0.9053506,-0.6953229,-1.0,-0.21262212,-0.5767503,-0.3420158,-0.7730256,-0.43992636,-0.8856674,-0.5201369,-0.9643223
0.0,0.0,0.14536521,-0.076902896,0.2772161,-0.21003945,0.3667684,-0.33782578,0.42423123,-0.46083736,0.15680222,-0.54768306,0.19219789,-0.7326384,0.20232965,-0.84744316,0.20520726,-0.94289553,0.05998906,-0.5695174,0.079860896,-0.7682191,0.08589199,-0.89474696,0.08485873,-1.0,-0.033533685,-0.5484118,-0.032271374,-0.74627763,-0.02238297,-0.8702565,-0.01221099,-0.97408044,-0.121974416,-0.48920742,-0.13013229,-0.66281724,-0.12809756,-0.7775279,-0.11781815,-0.87396747
0.0,0.0,0.0014180696,-0.275186,0.11438244,-0.5046515,0.24935652,-0.65265864,0.34676886,-0.7808864,0.40437225,-0.44473726,0.61342824,-0.5500556,0.750386,-0.6103502,0.8653894,-0.64711964,0.4746963,-0.29517615,0.714984,-0.38622296,0.87261045,-0.4444352,1.0,-0.47928977,0.5027457,-0.14472532,0.73698986,-0.19412062,0.8856916,-0.23356086,0.99878013,-0.26118746,0.48947245,0.00622488,0.67514,0.015143096,0.79750293,0.0052732974,0.8962879,-0.0043377266
0.0,0.0,-0.20964357,-0.06399237,-0.37869743,-0.17381997,-0.493966,-0.27284476,-0.58152944,-0.34602723,-0.34935763,-0.5422522,-0.4363034,-0.745653,-0.49620286,-0.8584845,-0.5563845,-0.95286447,-0.28242296,-0.5882542,-0.376307,-0.8010004,-0.45230293,-0.91358376,-0.52676964,-0.9992216,-0.20423794,-0.6013006,-0.3021746,-0.8135352,-0.374447,-0.9216359,-0.44475397,-1.0,-0.108860925,-0.5888308,-0.17764044,-0.76934004,-0.24004419,-0.86416477,-0.30316424,-0.9350158
0.0,0.0,-0.15701382,-0.05633279,-0.31541944,-0.1778919,-0.4361949,-0.27181387,-0.54061,-0.33313358,-0.28426337,-0.54155374,-0.34913132,-0.74097925,-0.38866192,-0.86159223,-0.42472383,-0.96512264,-0.22507025,-0.58117163,-0.2928877,-0.78558993,-0.34313667,-0.90508485,-0.39359856,-1.0,-0.15268494,-0.5856949,-0.21463773,-0.7882808,-0.2611894,-0.89912987,-0.31002617,-0.98334026,-0.065523684,-0.560395,-0.10533636,-0.73327655,-0.14624897,-0.8381712,-0.19220704,-0.92593455
0.0,0.0,0.28238523,-0.03398837,0.49891904,-0.11928587,0.6531325,-0.1935686,0.7746403,-0.24754238,0.52246666,-0.5718073,0.6875282,-0.7702646,0.80137116,-0.8990651,0.89624166,-1.0,0.42599845,-0.62906164,0.6519184,-0.662308,0.7801053,-0.517638,0.8565197,-0.35943013,0.30258757,-0.6456012,0.48423246,-0.6047264,0.54882044,-0.43256444,0.5799724,-0.2692535,0.16814634,-0.61645806,0.3119304,-0.5640512,0.38197476,-0.42069867,0.4188082,-0.2693033
0.0,0.0,-0.13515787,-0.10953096,-0.22767313,-0.28096125,-0.27818626,-0.42875683,-0.32085964,-0.51633066,-0.11644357,-0.5363235,-0.13314041,-0.7336985,-0.14190494,-0.8507762,-0.15149298,-0.95182174,-0.033470605,-0.54536307,-0.03230441,-0.7614566,-0.03763531,-0.89165044,-0.04652094,-1.0,0.0402032,-0.51407033,0.06316387,-0.7083936,0.07180598,-0.8296522,0.07299912,-0.9339253,0.11007008,-0.44581383,0.14743018,-0.58837,0.16381368,-0.6802381,0.1745553,-0.76557344
0.0,0.0,0.1576373,-0.038275994,0.31276035,-0.122691974,0.42600304,-0.21355371,0.5154952,-0.30795205,0.26636598,-0.46208748,0.35314912,-0.6528541,0.40092742,-0.771782,0.44131523,-0.87899655,0.18665785,-0.5129026,0.25443587,-0.73744154,0.29396623,-0.88026416,0.32772502,-1.0,0.099490725,-0.52193224,0.15829638,-0.72371876,0.20089605,-0.84132665,0.24361065,-0.9388133,-8.697144e-05,-0.49643186,0.032929175,-0.6618244,0.07025051,-0.74518555,0.11031229,-0.80482376
0.0,0.0,-0.1262148,-0.103065215,-0.2051315,-0.27879152,-0.23377828,-0.44177926,-0.2612807,-0.57819587,-0.09681255,-0.52091336,-0.10611269,-0.72093374,-0.11379753,-0.8406514,-0.117375396,-0.94576794,-0.020293245,-0.5311794,-0.023263846,-0.7540569,-0.027032781,-0.8873677,-0.02931209,-1.0,0.051273618,-0.502648,0.054920204,-0.71345997,0.054464083,-0.84049124,0.052726794,-0.9511257,0.12629232,-0.43971837,0.14616995,-0.5939896,0.15550956,-0.6965053,0.1638989,-0.79016256
0.0,0.0,0.13039751,-0.114761755,0.2335041,-0.28574076,0.31438157,-0.42885637,0.37913474,-0.5443522,0.116820574,-0.55507386,0.14249891,-0.7581722,0.1588987,-0.88085014,0.17830059,-0.987122,0.026613511,-0.5701027,0.030313395,-0.7747893,0.043353014,-0.8956184,0.05968631,-1.0,-0.06193243,-0.5377392,-0.07967805,-0.73432314,-0.08312,-0.8529324,-0.07696883,-0.95872176,-0.14850001,-0.46275383,-0.19756562,-0.60354626,-0.22390613,-0.6958859,-0.24115188,-0.78344625
0.0,0.0,-0.10977659,-0.17915416,-0.15874085,-0.42337203,-0.13680357,-0.61985826,-0.077181555,-0.7106386,-0.0130570885,-0.570157,0.017596079,-0.77422315,0.026137393,-0.88391227,0.028211173,-0.9779528,0.07541984,-0.5456584,0.12026084,-0.76546085,0.14002249,-0.89492255,0.15270595,-1.0,0.15237337,-0.48591188,0.19774169,-0.6960943,0.21815228,-0.82812953,0.22507155,-0.9340942,0.22632359,-0.39484987,0.28727287,-0.5303312,0.30437458,-0.629341,0.30387282,-0.7124867
0.0,0.0,-0.13408354,-0.09726007,-0.23714888,-0.27167904,-0.28748158,-0.4208908,-0.34103233,-0.52251107,-0.17413487,-0.50321597,-0.23758677,-0.70211524,-0.27297586,-0.8190829,-0.3007723,-0.9219986,-0.10141453,-0.535941,-0.13520885,-0.7589886,-0.15493794,-0.8895953,-0.17134526,-1.0,-0.026033984,-0.5258395,-0.046464358,-0.72786194,-0.059215363,-0.8477048,-0.071496695,-0.9479384,0.054258876,-0.4813653,0.06658087,-0.63007706,0.07380183,-0.7241994,0.08194182,-0.80848074
0.0,0.0,-0.12651859,-0.101150736,-0.21081169,-0.2837444,-0.24294311,-0.4417827,-0.26168197,-0.5555354,-0.09057255,-0.51899475,-0.092669725,-0.70955914,-0.09965595,-0.82655245,-0.10386048,-0.92993754,-0.014140569,-0.52791536,-0.011716606,-0.7440876,-0.01572345,-0.8823417,-0.020290064,-1.0,0.056253377,-0.4977274,0.06334286,-0.70150745,0.060829557,-0.82915545,0.054281704,-0.9408497,0.12703574,-0.43358997,0.1526797,-0.5863544,0.16268507,-0.69040793,0.16669874,-0.787926
0.0,0.0,-0.15823399,-0.061122518,-0.31207553,-0.18010236,-0.41307285,-0.28634012,-0.4760127,-0.38769644,-0.27272195,-0.49150127,-0.3668076,-0.62784564,-0.42680585,-0.6398856,-0.46245208,-0.63421935,-0.21085255,-0.55090815,-0.28711346,-0.7481249,-0.34886143,-0.856672,-0.3995867,-0.94677025,-0.13480112,-0.56972486,-0.1954776,-0.7705696,-0.25187302,-0.89317554,-0.30460283,-1.0,-0.049733322,-0.54851276,-0.072923504,-0.7283646,-0.09949834,-0.84350526,-0.13379303,-0.9425525
0.0,0.0,-0.11703609,-0.07647001,-0.19813778,-0.21224995,-0.23938696,-0.34327596,-0.2917953,-0.46708637,-0.11648548,-0.47132415,-0.1403507,-0.6901848,-0.15665959,-0.8229698,-0.1667103,-0.941645,-0.03323493,-0.47817025,-0.043819066,-0.7184687,-0.048943143,-0.86697423,-0.052920263,-1.0,0.04502142,-0.43833283,0.047875803,-0.6566674,0.04819107,-0.7904523,0.043666057,-0.9123545,0.123515025,-0.3645138,0.14918096,-0.5227027,0.16392387,-0.6261454,0.1729749,-0.7248789
0.0,0.0,-0.12004969,-0.10495073,-0.20096838,-0.2708986,-0.23176369,-0.40738013,-0.25413096,-0.5030547,-0.09587289,-0.5166447,-0.098462224,-0.7131126,-0.104291104,-0.83036095,-0.10627613,-0.9337932,-0.01822212,-0.52514863,-0.014121947,-0.74910504,-0.020077288,-0.8846344,-0.025819335,-1.0,0.05728682,-0.49720064,0.0687292,-0.7130585,0.06954497,-0.84213567,0.06674038,-0.952133,0.13414012,-0.43515632,0.1658349,-0.5990141,0.17943375,-0.70267546,0.18456887,-0.79677105
0.0,0.0,-0.12528351,-0.06696269,-0.2352052,-0.17359261,-0.3024472,-0.2566449,-0.34607038,-0.34831414,-0.1778804,-0.48556525,-0.19626483,-0.69416595,-0.2193452,-0.81700057,-0.24254066,-0.91882557,-0.106777124,-0.49920574,-0.13348036,-0.7337392,-0.16005014,-0.87829053,-0.18891653,-1.0,-0.02959655,-0.47258505,-0.043842915,-0.6917151,-0.058531765,-0.82835513,-0.07928983,-0.94982946,0.052745588,-0.40848893,0.07373475,-0.5722535,0.07610183,-0.6804983,0.07055302,-0.78254515
0.0,0.0,-0.18878712,0.061059155,-0.40441772,0.05490729,-0.5727631,-0.02034327,-0.6994395,-0.115715005,-0.5287285,-0.33999652,-0.7181172,-0.47728977,-0.8219035,-0.5784154,-0.9002469,-0.6843388,-0.48650578,-0.47447014,-0.6602262,-0.68052393,-0.75490344,-0.8191735,-0.823664,-0.94683945,-0.40964788,-0.5485571,-0.5613037,-0.7467568,-0.6461306,-0.88238555,-0.7120356,-1.0,-0.30076814,-0.58014256,-0.39287385,-0.7586563,-0.44492486,-0.8695749,-0.48756555,-0.970553
0.0,0.0,0.11501068,-0.14118977,0.18342035,-0.3215549,0.20673117,-0.46648344,0.20268783,-0.58918583,0.043039724,-0.54172015,0.04591376,-0.74156076,0.058278233,-0.86081135,0.07386688,-0.9588598,-0.034143973,-0.54259425,-0.05168432,-0.75540257,-0.055432707,-0.89100224,-0.053717364,-1.0,-0.107661046,-0.51040536,-0.14119262,-0.70330656,-0.15661648,-0.8275434,-0.16187486,-0.9279907,-0.18050276,-0.44106275,-0.23563607,-0.58651274,-0.27161947,-0.6914621,-0.29920053,-0.786912
0.0,0.0,0.1885952,-0.054388177,0.3545209,-0.17592469,0.4737863,-0.31999284,0.57631326,-0.44051972,0.30165243,-0.48770472,0.44301832,-0.5894621,0.5443847,-0.60872245,0.6249639,-0.60708934,0.21029945,-0.55754626,0.26506108,-0.7701718,0.2983652,-0.89936894,0.31637192,-1.0,0.11180893,-0.5683168,0.13654335,-0.7665739,0.14722605,-0.8913651,0.15365739,-0.99479955,0.01276575,-0.5299204,0.009414012,-0.68232036,0.009186505,-0.7837634,0.007077304,-0.8746736
0.0,0.0,0.16275,-0.08728389,0.29636317,-0.23356609,0.3671659,-0.36745307,0.3887744,-0.49365494,0.25095025,-0.4881505,0.2990253,-0.6863858,0.3053002,-0.82211584,0.29749015,-0.93105066,0.16073796,-0.5233794,0.20822755,-0.7416972,0.21895073,-0.8868487,0.21167567,-1.0,0.066416495,-0.51530504,0.104658335,-0.7306634,0.11972922,-0.8587104,0.12503414,-0.959075,-0.034811694,-0.46940157,-0.021398393,-0.63578105,-0.010482376,-0.73227435,-0.00017974604,-0.8061257
0.0,0.0,-0.13342834,-0.08257621,-0.23242378,-0.25394145,-0.26245433,-0.39219695,-0.283599,-0.49642926,-0.1479978,-0.5530222,-0.14522229,-0.749497,-0.1455855,-0.8682851,-0.14777043,-0.96875656,-0.074840285,-0.56010824,-0.08622228,-0.7750833,-0.10365889,-0.9018296,-0.12111067,-1.0,-3.8815797e-05,-0.53237516,-0.0066363597,-0.73287994,-0.019248884,-0.83876914,-0.032665942,-0.9184219,0.07849386,-0.46963984,0.08433287,-0.6272605,0.07911361,-0.7209457,0.07423081,-0.8004618
0.0,0.0,-0.15485577,-0.08360466,-0.28802997,-0.2330012,-0.3608851,-0.38611922,-0.3993875,-0.52024966,-0.209012,-0.50340736,-0.25718132,-0.71207803,-0.2741571,-0.82893294,-0.28176987,-0.93249923,-0.12635519,-0.5342864,-0.14616546,-0.7594773,-0.15088709,-0.8898829,-0.15057503,-1.0,-0.04772824,-0.52497494,-0.0453493,-0.72772074,-0.042089805,-0.84831053,-0.038616575,-0.94808036,0.029604804,-0.4835563,0.045463488,-0.63613755,0.057025224,-0.7289304,0.068407394,-0.8097442
0.0,0.0,-0.19898766,0.03619013,-0.42172578,-0.0057493025,-0.57889515,-0.042845175,-0.70884365,-0.06943427,-0.55674255,-0.45535675,-0.7277271,-0.6163189,-0.8411955,-0.70927167,-0.93505275,-0.79201096,-0.51590866,-0.55567956,-0.7070773,-0.7382655,-0.8371318,-0.8382527,-0.953572,-0.9215814,-0.44536862,-0.6248354,-0.6341237,-0.80744976,-0.7564989,-0.90449554,-0.8690268,-0.98882365,-0.34176958,-0.6644983,-0.4999895,-0.836856,-0.6115816,-0.9258957,-0.722078,-1.0
0.0,0.0,-0.115731746,-0.091307774,-0.21022075,-0.26216957,-0.2484999,-0.41307586,-0.22729161,-0.5211587,-0.12718593,-0.51723516,-0.11908172,-0.7166358,-0.119018115,-0.8488765,-0.11318558,-0.9526967,-0.0465252,-0.5285991,-0.04032417,-0.7449389,-0.041514434,-0.88699734,-0.04222958,-1.0,0.03151274,-0.4950702,0.020841775,-0.6528747,0.011045156,-0.70255893,0.0054643047,-0.73587614,0.104041986,-0.4263002,0.09412386,-0.5242094,0.07689826,-0.545447,0.06492172,-0.55208856
0.0,0.0,0.12151365,-0.18090427,0.18384911,-0.39325938,0.2013848,-0.58548445,0.22961496,-0.72182137,-0.010732422,-0.59249526,-0.076252274,-0.78855073,-0.1231321,-0.90219665,-0.16174571,-1.0,-0.101407334,-0.5525625,-0.16201912,-0.7604401,-0.20196798,-0.89046973,-0.2324631,-0.99665076,-0.17230715,-0.48051718,-0.22501972,-0.6736243,-0.24954596,-0.789009,-0.26478758,-0.8858774,-0.2329679,-0.3851104,-0.27381986,-0.5378878,-0.28863046,-0.6357373,-0.29440898,-0.7243084
0.0,0.0,0.13849372,-0.07123439,0.25021198,-0.22765791,0.33035928,-0.37327117,0.40945333,-0.4764189,0.16596162,-0.5024468,0.21152018,-0.70645624,0.23472525,-0.8286354,0.2544024,-0.9324856,0.08103629,-0.536015,0.10652646,-0.7546868,0.12496821,-0.89058113,0.14159775,-1.0,-0.0012362037,-0.52498925,0.014514354,-0.72914124,0.030317923,-0.85151654,0.048424814,-0.94990546,-0.085589565,-0.47559857,-0.08877608,-0.6279572,-0.08533924,-0.72890496,-0.077038884,-0.8158873
0.0,0.0,-0.113833204,-0.07715471,-0.18963222,-0.21181408,-0.21438842,-0.3317204,-0.24064924,-0.42515656,-0.1405422,-0.48475292,-0.17746192,-0.69857574,-0.19546059,-0.82199234,-0.20895888,-0.9243515,-0.05935999,-0.5093005,-0.07504421,-0.753151,-0.08009708,-0.8890204,-0.08492235,-1.0,0.019920101,-0.49017718,0.016114805,-0.72061515,0.015836393,-0.8573295,0.012072453,-0.97072124,0.10063373,-0.43452007,0.116258755,-0.61852527,0.12527113,-0.7332458,0.13234018,-0.83161074
0.0,0.0,-0.13997056,0.1016914,-0.2337083,0.31950662,-0.26022607,0.53897583,-0.2494186,0.7110809,-0.26991934,0.27094147,-0.32642952,0.56033653,-0.32343218,0.74382406,-0.2977798,0.8815107,-0.17075475,0.28589925,-0.22613718,0.6165392,-0.22380602,0.83770496,-0.20269665,1.0,-0.046778325,0.29523438,-0.08577377,0.5925987,-0.09054271,0.80126125,-0.08100364,0.95371914,0.09015799,0.31096464,0.10175691,0.54602224,0.11935846,0.711261,0.14100726,0.841367
0.0,0.0,0.12300946,-0.05492467,0.19945823,-0.18401268,0.21118322,-0.29659972,0.21300608,-0.3776353,0.13143374,-0.4864039,0.12317441,-0.6936959,0.1115734,-0.830634,0.098603405,-0.94358116,0.05522653,-0.5105125,0.049329262,-0.72906184,0.041396692,-0.8786577,0.030958753,-1.0,-0.017516242,-0.4943377,-0.026514025,-0.6998191,-0.031108322,-0.8339572,-0.03828012,-0.9439195,-0.08938964,-0.44093743,-0.10267891,-0.60164046,-0.11156958,-0.70332134,-0.11868286,-0.78540516
0.0,0.0,-0.13485579,-0.06503948,-0.26134813,-0.2007298,-0.34664553,-0.3156904,-0.3952637,-0.4031671,-0.18251649,-0.5039692,-0.21695562,-0.7140679,-0.2302224,-0.84125286,-0.23709905,-0.9523718,-0.098227225,-0.5304223,-0.11605081,-0.7527359,-0.12198265,-0.8887556,-0.12424931,-1.0,-0.01465572,-0.5135538,-0.011409153,-0.7102431,-0.019267332,-0.8416386,-0.026072703,-0.9460631,0.06476153,-0.45627716,0.08191096,-0.6101929,0.09013524,-0.7094487,0.09294416,-0.78599536
0.0,0.0,-0.13227578,-0.08986841,-0.23052073,-0.25573054,-0.27386895,-0.40443555,-0.30267686,-0.5229204,-0.10914519,-0.5233745,-0.12828349,-0.7174744,-0.13908362,-0.8376445,-0.14670898,-0.93769634,-0.024550121,-0.5384352,-0.021637434,-0.75825876,-0.018557895,-0.8922266,-0.01606943,-1.0,0.051462926,-0.50704986,0.06908483,-0.7128629,0.080782995,-0.83453137,0.089178845,-0.9401214,0.12315403,-0.43439856,0.16297755,-0.57716143,0.18661249,-0.6675007,0.20783164,-0.7502728
0.0,0.0,0.12613487,-0.07551571,0.21368046,-0.21773109,0.28143293,-0.3493681,0.34926766,-0.46123073,0.06964015,-0.4544437,0.07916825,-0.67340386,0.088457495,-0.8137241,0.09734631,-0.94057786,-0.016589914,-0.46167496,-0.03242601,-0.69658875,-0.03883579,-0.85659224,-0.044463947,-1.0,-0.09261631,-0.4184697,-0.12187134,-0.62237906,-0.12856951,-0.7622775,-0.13226509,-0.8863955,-0.16360818,-0.33993086,-0.20179513,-0.48850748,-0.22152169,-0.5912458,-0.2393593,-0.68998
0.0,0.0,-0.13282083,-0.08549692,-0.24116468,-0.24201828,-0.30962107,-0.361233,-0.36732805,-0.45031485,-0.11103405,-0.50945556,-0.1583921,-0.69784546,-0.1856242,-0.81688404,-0.20043209,-0.9186571,-0.015842503,-0.5259286,-9.984629e-05,-0.7446467,0.01458495,-0.88550735,0.029982243,-1.0,0.06660393,-0.48844457,0.12014358,-0.6794149,0.15412317,-0.80436736,0.1796728,-0.914792,0.13544707,-0.41009372,0.22302316,-0.5324826,0.28290364,-0.6148335,0.33296078,-0.692005
0.0,0.0,-0.14015257,-0.08599018,-0.24984877,-0.21092965,-0.30990523,-0.3074988,-0.34401864,-0.36201486,-0.22114249,-0.52982587,-0.2676459,-0.73417264,-0.30486158,-0.8674879,-0.3359552,-0.98207694,-0.14334254,-0.5434742,-0.18570037,-0.763972,-0.22186542,-0.8931118,-0.25036165,-1.0,-0.061156802,-0.5214131,-0.0813844,-0.72697634,-0.09731416,-0.843062,-0.108091965,-0.9349515,0.024373865,-0.4659376,0.01938556,-0.6370893,0.011674625,-0.7448225,0.0046180217,-0.83482224
0.0,0.0,0.16488045,-0.025500592,0.31691957,-0.12082866,0.44389412,-0.21241623,0.5602281,-0.25269255,0.28911784,-0.5076775,0.3892693,-0.67890084,0.4454419,-0.78612393,0.49154004,-0.8866646,0.21585448,-0.57041866,0.29528672,-0.7748565,0.34288192,-0.8969463,0.3829962,-1.0,0.13413215,-0.58475924,0.19608954,-0.78293544,0.23766167,-0.89707595,0.27842525,-0.9952809,0.04204729,-0.5584048,0.07317459,-0.7161055,0.10315943,-0.80424094,0.13801931,-0.8787794
0.0,0.0,-0.13999929,-0.10758109,-0.24665916,-0.2475588,-0.3050784,-0.3391987,-0.32805014,-0.4122524,-0.17881854,-0.5746674,-0.18380669,-0.77246684,-0.19853547,-0.89326066,-0.21582995,-0.9960006,-0.10400769,-0.56536543,-0.121097215,-0.775576,-0.15461183,-0.9007957,-0.19110826,-1.0,-0.027884936,-0.5139866,-0.029109979,-0.7172169,-0.055215467,-0.82693756,-0.08791817,-0.91160613,0.05108915,-0.42349726,0.089632444,-0.5939436,0.10650003,-0.70455533,0.11622666,-0.8011236
0.0,0.0,-0.09561807,-0.06290826,-0.16840027,-0.20271662,-0.21133949,-0.33043516,-0.27488366,-0.42109898,-0.15995023,-0.45652044,-0.20564514,-0.66308606,-0.23046713,-0.7871345,-0.2466624,-0.8945424,-0.09071725,-0.4926926,-0.1187319,-0.7262193,-0.12880751,-0.87337905,-0.13407072,-1.0,-0.019117812,-0.48640195,-0.04411431,-0.70241785,-0.051364396,-0.8349553,-0.05599186,-0.95051104,0.05618571,-0.4476899,0.042324044,-0.6169394,0.037247017,-0.72470486,0.03524018,-0.8197022
0.0,0.0,-0.12576936,-0.116944835,-0.21299832,-0.2863846,-0.242699,-0.43995878,-0.24737471,-0.56234264,-0.12679696,-0.5331162,-0.15022351,-0.70966053,-0.1617224,-0.8130372,-0.1687006,-0.906268,-0.047529124,-0.5509267,-0.044599496,-0.76456237,-0.044390883,-0.8901412,-0.04454616,-1.0,0.022937119,-0.5261098,0.044191573,-0.7216672,0.050670248,-0.8352573,0.049740005,-0.9339008,0.09171886,-0.46402034,0.1290579,-0.6081831,0.14374799,-0.7020325,0.15066996,-0.7876663
0.0,0.0,-0.1792549,0.026450496,-0.3945826,-0.071348235,-0.5326473,-0.17198518,-0.6366221,-0.23029444,-0.43876365,-0.43080053,-0.55778927,-0.62641746,-0.620347,-0.7541387,-0.6673146,-0.8578595,-0.37979385,-0.5135736,-0.5079563,-0.7247284,-0.5831276,-0.8524583,-0.64559233,-0.9491048,-0.29755327,-0.5572864,-0.41636038,-0.76851964,-0.49665195,-0.8880814,-0.5686492,-0.98490375,-0.18988071,-0.5735219,-0.25366247,-0.7729214,-0.30158815,-0.8923969,-0.34767666,-1.0
0.0,0.0,-0.14257555,-0.09000818,-0.24840629,-0.24638794,-0.31922573,-0.38002267,-0.39483342,-0.463912,-0.14705846,-0.5395976,-0.16827154,-0.74641484,-0.17941652,-0.86469644,-0.18963966,-0.9664068,-0.076777965,-0.55208373,-0.099620864,-0.7715156,-0.1165615,-0.89628685,-0.13215446,-1.0,-0.006186611,-0.5302057,-0.029608136,-0.74014693,-0.048095427,-0.86050475,-0.06635757,-0.96352583,0.07059255,-0.47769603,0.05901969,-0.6412975,0.04208213,-0.7409928,0.024562865,-0.8309972
0.0,0.0,0.11207217,-0.18817043,0.15331267,-0.4116565,0.15088032,-0.58616024,0.14735296,-0.719802,-0.05556721,-0.59812605,-0.13982031,-0.7733082,-0.19542116,-0.8827223,-0.23983245,-0.98375386,-0.14148648,-0.56515497,-0.22466071,-0.76310027,-0.27221033,-0.88938123,-0.3047052,-1.0,-0.2088895,-0.5027639,-0.28421783,-0.6963782,-0.32077953,-0.8181389,-0.34151193,-0.9218854,-0.26517916,-0.41161296,-0.32066116,-0.57697725,-0.3486603,-0.6857916,-0.36442572,-0.7858496
0.0,0.0,-0.17003267,-0.05566253,-0.32783595,-0.19173652,-0.43594855,-0.29385367,-0.51361775,-0.3785131,-0.31079918,-0.5524382,-0.38177222,-0.75873315,-0.43642265,-0.87385756,-0.49036214,-0.96455586,-0.25432658,-0.5943139,-0.3305711,-0.8074663,-0.39384985,-0.92000407,-0.45648125,-1.0,-0.18863198,-0.6043024,-0.26286918,-0.81576926,-0.3250609,-0.92184377,-0.38991874,-0.99034923,-0.10944849,-0.5890721,-0.16581073,-0.7692297,-0.21821927,-0.8632543,-0.27628824,-0.92495036
0.0,0.0,0.17803267,-0.102429025,0.31464002,-0.24598394,0.37572536,-0.38821292,0.36739773,-0.45717192,0.22801632,-0.5166318,0.27251083,-0.72290254,0.30287522,-0.8465831,0.33466777,-0.9464207,0.1412027,-0.5337598,0.17749582,-0.75913566,0.202566,-0.8939437,0.23143664,-1.0,0.054556895,-0.5066961,0.06904225,-0.70922893,0.08037645,-0.8395457,0.10069321,-0.9418543,-0.037581947,-0.44418904,-0.05530766,-0.59725446,-0.059791643,-0.69754964,-0.056405865,-0.7873096
0.0,0.0,-0.117445715,-0.14936422,-0.18633756,-0.36174878,-0.21215133,-0.52170396,-0.25123167,-0.6262732,-0.02960409,-0.5815918,-0.0027913365,-0.77621,0.012369937,-0.89740306,0.023432208,-1.0,0.045454036,-0.5550382,0.08027814,-0.7573698,0.08943379,-0.8824106,0.086832896,-0.98123986,0.10747323,-0.49040407,0.14709584,-0.67742634,0.1358581,-0.78097963,0.11134027,-0.85549134,0.1610897,-0.39549068,0.16700634,-0.51770097,0.1313497,-0.5743792,0.084844686,-0.608278
0.0,0.0,0.12796095,-0.12884559,0.22215548,-0.30049852,0.28877902,-0.44662556,0.34620157,-0.5758877,0.08609359,-0.5539948,0.10369541,-0.7575035,0.11116643,-0.88570637,0.11866578,-1.0,-0.0025692638,-0.5528066,-0.005835721,-0.74889934,-0.0025718517,-0.8755578,0.0051370375,-0.99014974,-0.08730979,-0.5071931,-0.10991258,-0.6916405,-0.11663991,-0.8178203,-0.112197086,-0.93091714,-0.1702853,-0.42400983,-0.23094584,-0.5616518,-0.2630546,-0.66002643,-0.28437406,-0.7523045
0.0,0.0,-0.10970346,-0.038835518,-0.19197877,-0.15713161,-0.22303426,-0.2712452,-0.24862319,-0.39847395,-0.08039906,-0.47722533,-0.07427486,-0.708241,-0.07210877,-0.8690288,-0.06824721,-1.0,0.0199542,-0.47712645,0.045457233,-0.71388686,0.05563535,-0.86871153,0.06168977,-0.99969894,0.11183976,-0.42606616,0.1524966,-0.64770734,0.17356296,-0.7970873,0.18755038,-0.9295001,0.19459179,-0.33311942,0.25004938,-0.49600124,0.28498384,-0.6000771,0.31030244,-0.6943959
0.0,0.0,0.15862052,-0.01827135,0.2981562,-0.13032173,0.4101744,-0.2538673,0.51297647,-0.3229445,0.28423452,-0.47782755,0.37115088,-0.6806385,0.41630417,-0.81101614,0.4525932,-0.9285009,0.2159704,-0.53290945,0.3082012,-0.75256675,0.365766,-0.8864838,0.41465887,-1.0,0.14174157,-0.54561704,0.22150342,-0.7526827,0.27925858,-0.8752563,0.33064863,-0.97588986,0.058539543,-0.5258789,0.11623137,-0.6934985,0.15983371,-0.7958549,0.20446342,-0.8863454
0.0,0.0,-0.16708308,-0.061884042,-0.31641474,-0.18370682,-0.41090494,-0.2986742,-0.49227396,-0.39236203,-0.30738384,-0.4669856,-0.39741445,-0.6482711,-0.4569197,-0.75113165,-0.5097423,-0.8397469,-0.23554005,-0.52552235,-0.306229,-0.73918337,-0.355246,-0.8708569,-0.39447087,-0.98102623,-0.15742758,-0.53571403,-0.19313824,-0.75077134,-0.21993071,-0.8865752,-0.24729103,-1.0,-0.07207412,-0.5050383,-0.06865085,-0.66988754,-0.07934516,-0.7806056,-0.095146775,-0.87938
0.0,0.0,-0.15951033,-0.006577283,-0.3253142,-0.098640814,-0.45236725,-0.18573907,-0.5629355,-0.2279471,-0.3257078,-0.45389354,-0.4249697,-0.6542608,-0.48191047,-0.7799455,-0.52900547,-0.8912305,-0.26628876,-0.52906364,-0.36764196,-0.75136906,-0.43268007,-0.8867625,-0.48918754,-1.0,-0.19386375,-0.55969816,-0.28977525,-0.76419544,-0.3536282,-0.88427424,-0.41240466,-0.9841707,-0.10345195,-0.55917966,-0.17336467,-0.72084004,-0.22632654,-0.8135054,-0.27859947,-0.8917147
0.0,0.0,-0.14047557,-0.084065884,-0.26746663,-0.2234943,-0.34043384,-0.34312072,-0.37903088,-0.41722327,-0.20621462,-0.4715461,-0.28699505,-0.57326645,-0.3415156,-0.5406873,-0.37150085,-0.49735633,-0.14148255,-0.52392507,-0.1959881,-0.7356211,-0.23689769,-0.86003274,-0.26479378,-0.96502477,-0.06594528,-0.5269507,-0.0985256,-0.7460411,-0.13089278,-0.88328636,-0.16056198,-1.0,0.014063475,-0.48825225,0.0098984325,-0.6673446,-0.0038086916,-0.7857952,-0.024005454,-0.8863327
0.0,0.0,-0.13292208,-0.05389396,-0.25027278,-0.15518112,-0.3239494,-0.24139224,-0.399774,-0.30880943,-0.21263129,-0.47697583,-0.26915306,-0.6885448,-0.31121004,-0.81055856,-0.3516935,-0.91480297,-0.14394994,-0.50431156,-0.20398794,-0.7410111,-0.24881598,-0.88266945,-0.29128692,-1.0,-0.06836874,-0.48852655,-0.11255175,-0.715463,-0.14358562,-0.85250914,-0.17760678,-0.96755344,0.017623484,-0.43668813,0.01434524,-0.6163941,0.0015377385,-0.7342405,-0.017735058,-0.8387056
0.0,0.0,-0.1259674,-0.07866619,-0.20855863,-0.24490695,-0.24528088,-0.4037046,-0.28200713,-0.54173505,-0.11859871,-0.49348116,-0.14122991,-0.70061743,-0.15675603,-0.826175,-0.16555399,-0.92942137,-0.041312784,-0.5091188,-0.060504727,-0.7368702,-0.07412035,-0.88189787,-0.08308336,-1.0,0.034086615,-0.48094863,0.021709632,-0.7072266,0.01247301,-0.8411417,0.0061294334,-0.9521328,0.11174852,-0.41584995,0.12774278,-0.57963455,0.13513142,-0.68500143,0.14326414,-0.77565694
0.0,0.0,-0.10399605,-0.062093344,-0.18044282,-0.19089654,-0.21160679,-0.32772237,-0.26325956,-0.44521394,-0.14203618,-0.48209503,-0.19019341,-0.6847409,-0.21402475,-0.8095053,-0.22617386,-0.9206369,-0.06792138,-0.5129392,-0.09234026,-0.73989344,-0.098801166,-0.8794843,-0.09924148,-1.0,0.00484373,-0.5000434,-0.012967288,-0.6967669,-0.01802686,-0.82117885,-0.019589668,-0.9303017,0.07806353,-0.45480022,0.071957886,-0.6072163,0.07413673,-0.69879305,0.07990559,-0.78211856
0.0,0.0,0.15072148,-0.070291184,0.28707042,-0.20034778,0.3863167,-0.3199034,0.47209716,-0.4048322,0.18797436,-0.5092075,0.25045055,-0.70281506,0.28455734,-0.81927824,0.311193,-0.92981553,0.112002485,-0.5423104,0.14883736,-0.75045604,0.16379397,-0.88406044,0.17301169,-1.0,0.0345286,-0.5333,0.06380041,-0.7243657,0.086755104,-0.8426281,0.10757528,-0.9448373,-0.051455855,-0.48574102,-0.07345323,-0.6356607,-0.08093818,-0.7356207,-0.08267378,-0.82880354
0.0,0.0,-0.113441914,-0.11508654,-0.19208254,-0.30001223,-0.21549444,-0.4625765,-0.2443463,-0.5880682,-0.11527137,-0.5279217,-0.14143853,-0.74044496,-0.15390866,-0.86269253,-0.15946053,-0.9611792,-0.03229503,-0.5425768,-0.030814396,-0.76716644,-0.034450114,-0.8996803,-0.03620799,-1.0,0.043644093,-0.5175949,0.068172686,-0.72806084,0.07406901,-0.85049057,0.076356836,-0.9466461,0.11577175,-0.45639423,0.16224706,-0.6114982,0.18314093,-0.709148,0.19845302,-0.79257464
0.0,0.0,0.1605891,-0.0059231143,0.31048214,-0.09714327,0.41041902,-0.18471293,0.49195066,-0.29164404,0.25964236,-0.5158711,0.35996756,-0.71068954,0.40640083,-0.7722787,0.44557673,-0.816052,0.1781702,-0.56231797,0.2690524,-0.7756537,0.3310293,-0.89770997,0.3979069,-1.0,0.08587023,-0.55994153,0.14095409,-0.77241343,0.18128808,-0.8942291,0.22800276,-0.9802405,-0.016734932,-0.51725376,0.030598281,-0.69531935,0.074463226,-0.80834824,0.1270182,-0.8930729
0.0,0.0,-0.12566991,-0.08734719,-0.22106813,-0.24976836,-0.25936422,-0.40226704,-0.28026465,-0.5315786,-0.12892802,-0.51799446,-0.15281959,-0.7079975,-0.17043866,-0.8225994,-0.18151656,-0.9221989,-0.053856496,-0.535497,-0.07385396,-0.7522324,-0.08777561,-0.88672525,-0.0988848,-1.0,0.02042965,-0.5106164,0.010751739,-0.717972,0.0025533102,-0.84367484,-0.006510872,-0.95252746,0.0976517,-0.45023283,0.11765936,-0.5974111,0.12873429,-0.69355935,0.13820353,-0.7816524
0.0,0.0,0.16265018,-0.0015838166,0.32321313,-0.06953512,0.44433743,-0.15792932,0.5511259,-0.20536879,0.29178533,-0.46098852,0.4055999,-0.6417489,0.4601182,-0.7495259,0.5014035,-0.8490648,0.21487314,-0.54206115,0.30712414,-0.7586267,0.3553365,-0.8841984,0.3922529,-0.9882232,0.13018346,-0.5783039,0.20291574,-0.7849043,0.25515854,-0.90373313,0.30115178,-1.0,0.03615595,-0.5747956,0.08180323,-0.73044664,0.12812994,-0.8104504,0.17573196,-0.87109536
0.0,0.0,-0.15138699,-0.044871632,-0.26709718,-0.17232285,-0.33606282,-0.30106577,-0.3965414,-0.40815786,-0.15819083,-0.46352404,-0.1910757,-0.6546466,-0.2088973,-0.774434,-0.21948504,-0.8781252,-0.06298971,-0.5042,-0.06486989,-0.7312993,-0.07093514,-0.8775818,-0.07692162,-1.0,0.02431917,-0.49569196,0.051194295,-0.72607374,0.06112876,-0.86916625,0.064222485,-0.98958117,0.10436801,-0.4473022,0.1554409,-0.6311427,0.18298869,-0.7522303,0.20040587,-0.8593557
0.0,0.0,-0.21712692,-0.057072964,-0.3895321,-0.16830193,-0.506374,-0.25246564,-0.58834606,-0.301193,-0.41264352,-0.5129706,-0.5294902,-0.6883484,-0.585224,-0.7802077,-0.6218634,-0.86959964,-0.3538516,-0.5798823,-0.47602022,-0.7666934,-0.54410523,-0.8752492,-0.5940006,-0.97239876,-0.2789061,-0.61788064,-0.4005067,-0.80690646,-0.46664107,-0.91033554,-0.5134922,-1.0,-0.18270299,-0.6309341,-0.27287304,-0.79986167,-0.3307619,-0.8976413,-0.38059583,-0.9816942
0.0,0.0,-0.15954977,-0.0072730063,-0.33741948,-0.105210066,-0.46493414,-0.2162819,-0.58093095,-0.26306522,-0.3695995,-0.44439986,-0.50119656,-0.615768,-0.58114535,-0.72009236,-0.6482767,-0.8187766,-0.31093147,-0.52892816,-0.43394902,-0.7443824,-0.5046332,-0.88116586,-0.55967337,-1.0,-0.23095793,-0.56318974,-0.3314498,-0.7593418,-0.39288688,-0.88144606,-0.4451375,-0.9828848,-0.13047472,-0.5645856,-0.19753829,-0.7277253,-0.24505676,-0.82306355,-0.28779143,-0.9061937
0.0,0.0,0.14190604,-0.0733274,0.2601141,-0.20648919,0.3305055,-0.34652773,0.3924854,-0.45401496,0.20759179,-0.4959777,0.24882495,-0.6960236,0.26248425,-0.83196634,0.27319515,-0.9491936,0.124732144,-0.5283991,0.16649419,-0.7454874,0.18461019,-0.88589066,0.200366,-1.0,0.04448928,-0.513888,0.06534942,-0.71892023,0.077314876,-0.8504202,0.0925955,-0.9544315,-0.040377196,-0.45737877,-0.03745232,-0.6171206,-0.034729503,-0.7167943,-0.028040143,-0.7985208
0.0,0.0,0.07145273,-0.20853606,0.0876589,-0.44347167,0.08318033,-0.65100867,0.088805616,-0.81849325,-0.1965065,-0.5911942,-0.26365092,-0.78358155,-0.31103244,-0.9004641,-0.35383874,-1.0,-0.28581914,-0.5200172,-0.3853447,-0.6913779,-0.4424655,-0.7929283,-0.49212465,-0.8804322,-0.34047583,-0.41208005,-0.4626974,-0.548373,-0.5314103,-0.6364518,-0.5896829,-0.7192341,-0.36660933,-0.27142787,-0.4942513,-0.31208086,-0.5693277,-0.34089553,-0.6348739,-0.37357527
0.0,0.0,0.15827714,-0.056322653,0.2975539,-0.18950407,0.41114315,-0.30514473,0.5071782,-0.38295096,0.24666342,-0.50290257,0.32876804,-0.68758017,0.37510803,-0.79695165,0.4140636,-0.8921469,0.17197292,-0.5522865,0.23771803,-0.76433927,0.27740172,-0.89320195,0.30941248,-1.0,0.09407602,-0.55758655,0.1459384,-0.7526439,0.1815557,-0.8618098,0.21355616,-0.94816464,0.0069322577,-0.52733225,0.031592473,-0.67418784,0.05697226,-0.7627448,0.08170809,-0.83710223
0.0,0.0,0.1843907,-0.06275525,0.33489448,-0.2169464,0.43281275,-0.39604893,0.5356355,-0.48786962,0.26511148,-0.48795637,0.30455658,-0.697196,0.31934586,-0.83960867,0.333256,-0.96234643,0.1813919,-0.51839495,0.22524258,-0.73670506,0.25498253,-0.87790865,0.28123045,-1.0,0.09984321,-0.5064399,0.13285166,-0.7066361,0.15596858,-0.83541167,0.17963597,-0.9467224,0.016156979,-0.46219364,0.039337218,-0.61025846,0.05608449,-0.69698334,0.070831046,-0.77143264
0.0,0.0,-0.122723766,-0.1042605,-0.21350104,-0.24263145,-0.2659838,-0.35648242,-0.27222174,-0.43585312,-0.09914069,-0.49894947,-0.090632215,-0.7030794,-0.09542355,-0.8283864,-0.10092592,-0.9348644,-0.02832694,-0.49409193,-0.012769984,-0.72429806,-0.008870898,-0.87250626,-0.0064688376,-1.0,0.03663612,-0.45225978,0.058127094,-0.6664548,0.06873473,-0.8006205,0.072412625,-0.9190128,0.10015022,-0.37573975,0.14755563,-0.5228966,0.17141442,-0.62434226,0.18551227,-0.71950024
0.0,0.0,0.20133437,-0.029725654,0.38481164,-0.14494944,0.46473375,-0.33555314,0.49482584,-0.5135902,0.30543485,-0.53872603,0.38475883,-0.75916594,0.4415051,-0.87039185,0.49716392,-0.9478068,0.20620398,-0.60031384,0.27019364,-0.8337898,0.3200402,-0.9286836,0.37379262,-0.97806543,0.10307377,-0.6240969,0.15138118,-0.84538144,0.19461644,-0.9462666,0.24608617,-1.0,-0.011106711,-0.6105686,0.026796406,-0.80413455,0.06288785,-0.901009,0.10288503,-0.9616498
0.0,0.0,-0.14216468,-0.072509676,-0.28847185,-0.20044892,-0.3912989,-0.311538,-0.44988787,-0.3909239,-0.25801092,-0.46659225,-0.34658885,-0.62266016,-0.40604967,-0.67317325,-0.44307706,-0.7128935,-0.18346769,-0.5326144,-0.25742078,-0.7517738,-0.30346316,-0.8809635,-0.33767483,-0.99013656,-0.09823741,-0.5556129,-0.14260566,-0.7616528,-0.17684819,-0.89452785,-0.20750235,-1.0,-0.0019199628,-0.5422984,-0.023281423,-0.6974495,-0.055637043,-0.7736514,-0.09786521,-0.8230327
0.0,0.0,-0.33550724,-0.08714083,-0.6206154,-0.23394574,-0.7985338,-0.36308128,-0.9118234,-0.47558892,-0.54490966,-0.8103814,-0.74370104,-0.95601726,-0.8021152,-0.7806545,-0.7861768,-0.6059815,-0.43531615,-0.8681257,-0.6411431,-1.0,-0.68955415,-0.8093517,-0.66350985,-0.6271657,-0.31429726,-0.8718669,-0.49377182,-0.99368215,-0.54338765,-0.81750107,-0.5169638,-0.63141924,-0.19249399,-0.8208723,-0.33332103,-0.92523056,-0.3952368,-0.8327851,-0.3950458,-0.7154864
0.0,0.0,-0.15536775,-0.06950202,-0.3010474,-0.21785249,-0.39536503,-0.34511483,-0.4818021,-0.418742,-0.25990772,-0.51319957,-0.3257288,-0.71545166,-0.36634734,-0.8341731,-0.4007822,-0.93118113,-0.17664294,-0.5563559,-0.2288758,-0.7826378,-0.27952287,-0.90786064,-0.33062524,-1.0,-0.091136575,-0.5514286,-0.10975989,-0.7606587,-0.15933332,-0.86283356,-0.215257,-0.9328088,-0.003047561,-0.5031136,-0.004342649,-0.6747464,-0.03150303,-0.76793134,-0.07414969,-0.8311311
0.0,0.0,-0.16571003,-0.07244434,-0.3123833,-0.2011967,-0.40620705,-0.32252166,-0.47048765,-0.42606384,-0.31117058,-0.4959957,-0.4180947,-0.66940206,-0.48655728,-0.7615955,-0.54304874,-0.8383163,-0.24349228,-0.5515933,-0.31775445,-0.7678496,-0.3708601,-0.8885244,-0.41645572,-0.9846211,-0.16739562,-0.56327856,-0.22217394,-0.77885413,-0.2706864,-0.9015275,-0.31826764,-1.0,-0.08056193,-0.53601503,-0.079303466,-0.7052122,-0.097963035,-0.8146727,-0.122317925,-0.9116798
0.0,0.0,-0.21813636,0.0035053839,-0.42214063,-0.07308797,-0.5408022,-0.14282063,-0.6175323,-0.21690157,-0.52612925,-0.5718449,-0.685475,-0.75385624,-0.78015435,-0.77874464,-0.8363737,-0.7947485,-0.48247916,-0.6563486,-0.65432036,-0.8479978,-0.75934064,-0.8900107,-0.8229444,-0.90218145,-0.41396415,-0.69948024,-0.5846427,-0.89146686,-0.692074,-0.93801546,-0.7602767,-0.9553381,-0.31965485,-0.7133614,-0.45249686,-0.8936852,-0.5516563,-0.96173704,-0.6299479,-1.0
0.0,0.0,0.1408998,-0.097678244,0.24363439,-0.25878,0.31555244,-0.40687707,0.39384273,-0.50509155,0.17318814,-0.5116872,0.20556901,-0.7103312,0.21366596,-0.83898544,0.21969016,-0.95310986,0.09689392,-0.53395253,0.11691952,-0.74703014,0.12790583,-0.8831412,0.13734008,-1.0,0.023950372,-0.5171401,0.037529733,-0.7192058,0.05123587,-0.8426499,0.06756795,-0.9480934,-0.051749498,-0.4665895,-0.042263705,-0.619738,-0.026666332,-0.7185655,-0.0064850547,-0.8084316
0.0,0.0,0.14565313,-0.09547079,0.28828502,-0.24270365,0.39684808,-0.35820478,0.49158412,-0.43722817,0.18189892,-0.54967535,0.22346015,-0.75406075,0.24068227,-0.88154715,0.25438493,-0.9904143,0.09626107,-0.5665583,0.12126353,-0.7655718,0.13823317,-0.8929265,0.1508524,-1.0,0.013299538,-0.55096346,0.032438166,-0.72094446,0.046075914,-0.7766112,0.05433766,-0.8104351,-0.07055219,-0.503078,-0.051856916,-0.61740863,-0.033076167,-0.6166219,-0.01883141,-0.5967652
0.0,0.0,-0.10944881,-0.11648025,-0.19251023,-0.28289437,-0.23481536,-0.41299474,-0.24855314,-0.5196305,-0.07974336,-0.5382358,-0.08203824,-0.73284936,-0.09229284,-0.8570558,-0.10141641,-0.963506,-0.011890756,-0.5379069,-0.0041080364,-0.7473017,-0.005122202,-0.8852035,-0.0043885726,-1.0,0.04918519,-0.5025538,0.07871259,-0.6857464,0.0942413,-0.81335944,0.10515174,-0.9199575,0.103099234,-0.43134502,0.14491427,-0.5645066,0.1660465,-0.656918,0.18057778,-0.73522884
0.0,0.0,-0.12080238,-0.10143772,-0.21507517,-0.2788966,-0.26849553,-0.43565518,-0.33724365,-0.53364944,-0.14586776,-0.5094838,-0.19413146,-0.70169795,-0.21567161,-0.8174655,-0.22524537,-0.92489654,-0.07423202,-0.5397324,-0.10234311,-0.75753486,-0.11975262,-0.8888179,-0.13054565,-1.0,-0.0049818824,-0.5248974,-0.013879709,-0.7229402,-0.025715284,-0.840986,-0.03543639,-0.94274116,0.068236776,-0.47248226,0.08012369,-0.61308485,0.08486257,-0.7021407,0.089505956,-0.7843901
0.0,0.0,-0.15728682,-0.040255,-0.3036624,-0.103669755,-0.40002638,-0.13946572,-0.47402763,-0.14502367,-0.2992527,-0.5061333,-0.3892204,-0.70288074,-0.45261788,-0.8202974,-0.5063751,-0.92235065,-0.23945823,-0.55973434,-0.33962715,-0.7759488,-0.41599923,-0.8984372,-0.48639962,-1.0,-0.16770573,-0.57893944,-0.26155254,-0.7961971,-0.335123,-0.9089908,-0.40197003,-0.99832267,-0.07771678,-0.567925,-0.14811496,-0.74480975,-0.2044583,-0.831697,-0.26121297,-0.89693695
0.0,0.0,-0.10796271,-0.13802162,-0.17271358,-0.32279143,-0.18544662,-0.46616215,-0.14538303,-0.5347815,-0.023971492,-0.56894326,0.01471633,-0.75535953,0.033378724,-0.8702238,0.053981993,-0.9608351,0.053475473,-0.55097216,0.10405766,-0.75241077,0.13017343,-0.8894135,0.15369418,-1.0,0.115814984,-0.4956772,0.10336277,-0.6667685,0.07650283,-0.72664684,0.062310595,-0.7587356,0.1636213,-0.40992087,0.15585119,-0.5309736,0.14194018,-0.5846228,0.13601795,-0.62063134
0.0,0.0,-0.16631028,-0.03968216,-0.33450726,-0.12208892,-0.4529559,-0.15703152,-0.53987014,-0.21610908,-0.3815725,-0.48137683,-0.46141693,-0.67314523,-0.5184951,-0.81802857,-0.56171733,-0.9448784,-0.32030058,-0.5327654,-0.40015176,-0.7390855,-0.45738676,-0.87823,-0.5083234,-1.0,-0.23961128,-0.5497577,-0.31917074,-0.7383338,-0.36578405,-0.86236346,-0.40338537,-0.97053605,-0.13665716,-0.53227395,-0.20461659,-0.6831168,-0.24849235,-0.779905,-0.28501356,-0.8661761
0.0,0.0,0.13488981,-0.12864979,0.23658185,-0.31200454,0.29812315,-0.45009628,0.36277235,-0.54731673,0.06351784,-0.55724233,0.06035676,-0.75658363,0.05208745,-0.8910069,0.046268445,-1.0,-0.034714084,-0.55230904,-0.06467275,-0.7507704,-0.08476151,-0.88391584,-0.0993966,-0.99276555,-0.11500537,-0.50990355,-0.15964426,-0.6852684,-0.18728618,-0.80592495,-0.20652173,-0.9037433,-0.18107107,-0.42764238,-0.24434528,-0.546305,-0.28639603,-0.6308073,-0.31827086,-0.705718
0.0,0.0,0.16176751,-0.034290895,0.3164017,-0.11491482,0.42922467,-0.20659776,0.5281875,-0.28354692,0.24571817,-0.48809192,0.32423294,-0.676922,0.36686453,-0.7917262,0.40455964,-0.8963649,0.16560516,-0.5356711,0.2249662,-0.7479703,0.25703213,-0.8861642,0.28346336,-1.0,0.081289835,-0.5364952,0.1270533,-0.7342109,0.15979882,-0.85283446,0.19364929,-0.9544285,-0.011573544,-0.4974324,-0.0014406622,-0.6430081,0.020490382,-0.72681063,0.047522932,-0.7977552
0.0,0.0,0.10840539,-0.09671134,0.16056384,-0.29340702,0.17410646,-0.4758849,0.20296502,-0.6127426,0.013138074,-0.5175212,-0.004282822,-0.7164426,-0.020252416,-0.846137,-0.0351189,-0.9583129,-0.06368257,-0.5163806,-0.08557356,-0.72833484,-0.095071614,-0.8727574,-0.10185896,-1.0,-0.1289479,-0.47952607,-0.15755157,-0.67515755,-0.16018374,-0.8044347,-0.1602131,-0.9184007,-0.19075592,-0.4066926,-0.22274193,-0.56476426,-0.23313186,-0.67021245,-0.237243,-0.7676513
0.0,0.0,-0.12582713,-0.09015717,-0.22309753,-0.24916962,-0.2634908,-0.40063944,-0.28122884,-0.52168655,-0.1271991,-0.5208232,-0.15101224,-0.7096412,-0.16791442,-0.8226567,-0.17807327,-0.92222965,-0.052757636,-0.5401462,-0.07121244,-0.7567872,-0.08487772,-0.88961077,-0.0955645,-1.0,0.021406708,-0.51765436,0.013064708,-0.7221687,0.0035639724,-0.84843343,-0.0070464234,-0.9556081,0.098707564,-0.45921072,0.119121306,-0.60414946,0.12807466,-0.70098305,0.13488176,-0.788894
0.0,0.0,0.12509842,-0.11888661,0.20711787,-0.2957908,0.25310192,-0.4520713,0.30229977,-0.5707637,0.05454528,-0.54766613,0.057932753,-0.74883497,0.052200567,-0.8727953,0.04447074,-0.979732,-0.0370823,-0.55098814,-0.059860118,-0.7566948,-0.07249758,-0.889932,-0.08204451,-1.0,-0.11513907,-0.507624,-0.15071005,-0.6972836,-0.16503505,-0.8140189,-0.17448196,-0.910912,-0.18034609,-0.4238731,-0.24754344,-0.53635246,-0.29755867,-0.6148062,-0.34328288,-0.6859812
0.0,0.0,0.15868552,0.022699857,0.30835602,-0.09860701,0.41708177,-0.2371674,0.51968443,-0.31551465,0.27377635,-0.4527432,0.35627457,-0.6625305,0.40869147,-0.8020473,0.45340982,-0.9173904,0.19218718,-0.5151636,0.27182692,-0.7364809,0.33219925,-0.88295513,0.38679296,-1.0,0.103255466,-0.52851474,0.17149402,-0.74141294,0.22919403,-0.8738027,0.28359497,-0.9804968,0.0031522268,-0.5007632,0.03972002,-0.67074513,0.06631918,-0.7786997,0.09260811,-0.87161946
0.0,0.0,-0.13872129,0.00667526,-0.2741319,-0.092885844,-0.3478022,-0.21435636,-0.36646506,-0.33974305,-0.23007037,-0.4567119,-0.30184138,-0.6643242,-0.35398045,-0.7851132,-0.3949788,-0.87725735,-0.15338083,-0.51317745,-0.2257225,-0.7512055,-0.28521162,-0.8939077,-0.33437818,-1.0,-0.06664996,-0.5218538,-0.128734,-0.75258917,-0.17945118,-0.8832791,-0.222524,-0.9840434,0.03263017,-0.48765853,0.0026040266,-0.67357904,-0.030212237,-0.78245425,-0.06302006,-0.8691959
0.0,0.0,-0.14331393,-0.033949655,-0.2851266,-0.12916784,-0.3719484,-0.22201511,-0.4431445,-0.30344912,-0.28717074,-0.516194,-0.34957618,-0.7225831,-0.39743415,-0.8496671,-0.4388686,-0.9517616,-0.2088296,-0.55170983,-0.27386048,-0.77255666,-0.32615247,-0.89839095,-0.37185198,-1.0,-0.120952554,-0.5490242,-0.17977096,-0.7567363,-0.23077413,-0.862334,-0.27393347,-0.9457312,-0.019329064,-0.5109915,-0.064358085,-0.6781421,-0.11073229,-0.75466585,-0.1523733,-0.8137695
0.0,0.0,0.19779602,0.06861166,0.40326765,0.029658608,0.5571676,-0.03708801,0.6452581,-0.11119307,0.46791133,-0.34348792,0.58750373,-0.42329732,0.5621784,-0.39658952,0.50161636,-0.35297772,0.39792517,-0.4895671,0.51767504,-0.6889604,0.58219075,-0.8224136,0.6311106,-0.923185,0.30043054,-0.57241434,0.3841515,-0.7707667,0.44237396,-0.8983095,0.49357867,-1.0,0.17935097,-0.59294266,0.22211555,-0.7720185,0.24853608,-0.8807013,0.278859,-0.97111017
0.0,0.0,-0.15796804,-0.012954295,-0.31610018,-0.06581856,-0.45616385,-0.07015631,-0.58214253,-0.052220713,-0.3412474,-0.4231861,-0.4175026,-0.6499668,-0.47501755,-0.7943672,-0.5246724,-0.9183931,-0.2581161,-0.47672868,-0.337543,-0.7166729,-0.39922324,-0.86697763,-0.45573926,-0.99994206,-0.16164662,-0.48951945,-0.2105485,-0.7212309,-0.25206572,-0.8694281,-0.29911786,-1.0,-0.05687781,-0.459947,-0.067857414,-0.6556956,-0.081346065,-0.79414856,-0.10711162,-0.91921
0.0,0.0,-0.16320652,-0.00059144065,-0.34135175,-0.081372194,-0.47712296,-0.14601485,-0.5923786,-0.16731851,-0.39534223,-0.45890325,-0.5182515,-0.6676597,-0.58517754,-0.79590666,-0.6415625,-0.903417,-0.3421263,-0.5453679,-0.47244826,-0.762394,-0.55272335,-0.8902545,-0.62474275,-0.99213696,-0.26880568,-0.59115905,-0.39238226,-0.7948132,-0.47116202,-0.91087294,-0.54210377,-1.0,-0.17318875,-0.6005247,-0.26193807,-0.7667573,-0.3262477,-0.8586622,-0.38642797,-0.92988575
0.0,0.0,-0.097073495,-0.15342146,-0.13502602,-0.35088155,-0.12938291,-0.49226823,-0.106629655,-0.6020463,0.031005837,-0.551286,0.062312223,-0.7516679,0.079630524,-0.87851065,0.096460044,-0.98801494,0.11699019,-0.5237061,0.18201867,-0.73804635,0.21724774,-0.8788465,0.24315944,-1.0,0.18250538,-0.4551584,0.26370645,-0.64587677,0.30096087,-0.77852225,0.32343724,-0.8973686,0.23086452,-0.35105705,0.32367438,-0.46802753,0.37337258,-0.56536543,0.40782252,-0.6593712
0.0,0.0,0.1515542,-0.09103382,0.28324103,-0.23078515,0.37827545,-0.35294282,0.4430322,-0.47022,0.2052711,-0.52103484,0.25996745,-0.72041345,0.292416,-0.8389223,0.32368007,-0.9330134,0.12831452,-0.54695994,0.17950504,-0.76839787,0.21962999,-0.89821094,0.26039335,-1.0,0.04217747,-0.53047425,0.07644905,-0.74260813,0.10976463,-0.87293494,0.14768314,-0.9774491,-0.05349284,-0.47607112,-0.054983728,-0.6316061,-0.04785892,-0.7332252,-0.03773934,-0.82003504
0.0,0.0,0.15552375,-0.105286025,0.28260905,-0.24513996,0.34484863,-0.4024093,0.3526012,-0.55876875,0.19335015,-0.5240184,0.24702707,-0.72360975,0.27239308,-0.8432539,0.2914576,-0.9469907,0.10971818,-0.5442616,0.14073804,-0.75836945,0.1520526,-0.8924876,0.16025208,-1.0,0.02599739,-0.5176261,0.046299808,-0.71377873,0.056381337,-0.8385392,0.0725382,-0.939322,-0.06551922,-0.45065916,-0.0747196,-0.59553534,-0.072083026,-0.6949492,-0.06277653,-0.77892077
0.0,0.0,-0.10404071,-0.17749436,-0.1318297,-0.38220313,-0.1292215,-0.54716295,-0.13818447,-0.68429106,0.03735564,-0.54706025,0.097829156,-0.76803166,0.13480489,-0.8897812,0.1662624,-0.98910326,0.1230288,-0.500774,0.1862071,-0.7410602,0.22026818,-0.88409007,0.24714784,-1.0,0.19435553,-0.41609418,0.25984335,-0.65295744,0.29282624,-0.7942592,0.31607264,-0.91089684,0.25879693,-0.3005369,0.32508457,-0.47109282,0.35580724,-0.5887125,0.38084513,-0.6924372
0.0,0.0,0.12111221,-0.14418203,0.19286023,-0.33641595,0.23864384,-0.49813738,0.29430732,-0.62697965,0.0150536895,-0.5566941,0.011525732,-0.75984776,0.004339725,-0.8856624,-0.004992385,-1.0,-0.07365275,-0.54535604,-0.10129723,-0.7458406,-0.113358,-0.8720016,-0.12482288,-0.9839462,-0.15181156,-0.490879,-0.199593,-0.67062384,-0.21517411,-0.78408337,-0.22668377,-0.88878363,-0.21919005,-0.40007976,-0.2974587,-0.5089913,-0.3488253,-0.581336,-0.39569703,-0.6515544
0.0,0.0,-0.16209854,-0.025390875,-0.3234111,-0.107990965,-0.43405914,-0.17539984,-0.5195315,-0.24156259,-0.33628306,-0.5030599,-0.4482964,-0.68922484,-0.5073329,-0.8061363,-0.5513212,-0.9165224,-0.27820548,-0.5575469,-0.38978225,-0.76163745,-0.46120432,-0.88656914,-0.52142656,-1.0,-0.20644382,-0.5833523,-0.3139024,-0.785362,-0.3872602,-0.89976305,-0.4501259,-0.9972385,-0.11738847,-0.5810429,-0.19889061,-0.74899113,-0.26069438,-0.8434052,-0.3194827,-0.91879267
0.0,0.0,-0.15638724,-0.05361031,-0.30076513,-0.18525968,-0.40031448,-0.29787943,-0.48371297,-0.392142,-0.26369804,-0.521416,-0.3108783,-0.7268866,-0.33750656,-0.8526926,-0.35974848,-0.9600856,-0.19688632,-0.5604549,-0.24746132,-0.7735122,-0.28227508,-0.8985555,-0.3147036,-1.0,-0.123391934,-0.5653094,-0.17038831,-0.7693966,-0.20840192,-0.88434607,-0.2452676,-0.97372276,-0.038918175,-0.53948647,-0.0746885,-0.70553523,-0.11134571,-0.80143386,-0.14983219,-0.87786907
0.0,0.0,0.14662884,-0.10663794,0.25196695,-0.2596759,0.3294937,-0.39500025,0.4021395,-0.49254814,0.21376507,-0.49988225,0.2595295,-0.69887507,0.27982563,-0.8302436,0.29402348,-0.9454941,0.13723764,-0.5227589,0.1782951,-0.74359155,0.19621052,-0.8818913,0.20949154,-1.0,0.05777536,-0.5016406,0.079229675,-0.7104913,0.09064111,-0.8420983,0.104227826,-0.9539243,-0.026842516,-0.44471735,-0.021386608,-0.60385394,-0.013077143,-0.70198053,-4.0270843e-05,-0.78832805
0.0,0.0,0.15583469,-0.061499584,0.29888064,-0.19263151,0.3730926,-0.33839068,0.40165082,-0.47646487,0.183272,-0.50717294,0.23616655,-0.7027447,0.26516938,-0.8196775,0.28712556,-0.92747253,0.10207533,-0.53982586,0.13181636,-0.75397015,0.14950655,-0.88844043,0.16067855,-1.0,0.020196125,-0.53075445,0.035504542,-0.7219488,0.055538077,-0.8387893,0.074422464,-0.9376575,-0.06823706,-0.48528373,-0.07100915,-0.63645005,-0.0638772,-0.7318813,-0.053112384,-0.8206867
0.0,0.0,0.1501042,-0.09674838,0.2735743,-0.23567419,0.3658036,-0.3650016,0.4382196,-0.48174235,0.22152826,-0.5041122,0.29082263,-0.6977349,0.32735112,-0.82054585,0.35602358,-0.92870086,0.135577,-0.5467752,0.1747907,-0.75321436,0.20300975,-0.8853646,0.22862934,-1.0,0.042874373,-0.5429621,0.056300316,-0.73194635,0.06949585,-0.8487335,0.08635551,-0.94995725,-0.05555766,-0.49751067,-0.07950048,-0.65125614,-0.08866397,-0.75389826,-0.09022516,-0.8493219
0.0,0.0,0.15840991,-0.040173076,0.31320247,-0.13468224,0.42889223,-0.23287018,0.5223173,-0.31464654,0.23561199,-0.4878808,0.31274542,-0.68509734,0.35371214,-0.79924494,0.38939995,-0.90467894,0.15648335,-0.5368841,0.21321401,-0.7530612,0.24576078,-0.8861578,0.27388838,-1.0,0.07266666,-0.5422436,0.11685317,-0.7395422,0.15387447,-0.85192156,0.18800148,-0.94460976,-0.01716479,-0.5077718,-0.00811446,-0.65669405,0.016554333,-0.72350585,0.04431535,-0.766965
0.0,0.0,0.1604456,-0.05365007,0.30704722,-0.16821966,0.40513155,-0.2940096,0.485985,-0.3920675,0.21831277,-0.5162192,0.28407344,-0.7167549,0.31575024,-0.8357918,0.3389214,-0.9428504,0.13493918,-0.55235946,0.18218255,-0.7638141,0.20577198,-0.89529634,0.22257239,-1.0,0.05241861,-0.5460894,0.086272225,-0.739006,0.10596744,-0.85053706,0.12427615,-0.93937993,-0.03834228,-0.50018406,-0.050952647,-0.6494722,-0.04892341,-0.7433464,-0.042283468,-0.8244457
0.0,0.0,-0.13762166,-0.096373506,-0.2296871,-0.27536735,-0.27517784,-0.41119084,-0.30527964,-0.52937174,-0.14099483,-0.54303956,-0.1500728,-0.747203,-0.14086297,-0.8717373,-0.12413026,-0.9662253,-0.03701652,-0.54425174,0.011934392,-0.7648899,0.04212891,-0.8985749,0.0714535,-1.0,0.04459107,-0.49187842,0.093044154,-0.6770257,0.12002618,-0.7969713,0.14560561,-0.8898542,0.10384907,-0.39575505,0.12447966,-0.48246044,0.12645103,-0.51069427,0.12886794,-0.5195106
0.0,0.0,0.0911595,0.12415352,0.12168739,0.29455623,0.11714502,0.47820532,0.114208214,0.6458764,-0.15535378,0.33184734,-0.20430316,0.63347965,-0.19399849,0.821273,-0.16378427,0.96364176,-0.24010113,0.3205251,-0.2714135,0.6493545,-0.23794574,0.8529582,-0.18583435,1.0,-0.27791756,0.3194904,-0.32381034,0.615537,-0.2924072,0.79632974,-0.24014796,0.92975307,-0.2876706,0.33447194,-0.34798825,0.56169045,-0.34346366,0.7037886,-0.31923908,0.8152493
0.0,0.0,-0.1797335,0.039095618,-0.353807,0.034739375,-0.5005533,0.06790209,-0.6396385,0.08924589,-0.3824434,-0.37703022,-0.5073347,-0.630851,-0.5987328,-0.7798527,-0.67081785,-0.9001096,-0.2787502,-0.45119923,-0.37038344,-0.7319252,-0.4389721,-0.881679,-0.4992199,-1.0,-0.17177728,-0.45746696,-0.23784985,-0.6991391,-0.3190228,-0.83768976,-0.3923119,-0.9316916,-0.068200566,-0.42039627,-0.13027522,-0.584796,-0.19705057,-0.67020863,-0.26084208,-0.7277579
0.0,0.0,-0.18674308,0.05291533,-0.39534697,-0.02101658,-0.54195887,-0.13130112,-0.6676353,-0.21046437,-0.43198422,-0.3954188,-0.60987496,-0.5597019,-0.718399,-0.66998667,-0.8080511,-0.76429677,-0.3592353,-0.5129178,-0.5073772,-0.7272644,-0.5934476,-0.86726904,-0.6621818,-0.9804964,-0.2608151,-0.5752964,-0.3986074,-0.7737615,-0.48630866,-0.89810485,-0.5628196,-1.0,-0.14189824,-0.60081244,-0.2357288,-0.7762936,-0.30778757,-0.87624466,-0.37679416,-0.96046555
0.0,0.0,-0.16404136,-0.002752726,-0.3448025,-0.10977902,-0.46899188,-0.20449245,-0.57696664,-0.23802206,-0.38382614,-0.49192435,-0.4931704,-0.68657756,-0.5586585,-0.8091736,-0.6166445,-0.91212296,-0.33028075,-0.56216043,-0.4485021,-0.7725018,-0.5318,-0.89267707,-0.60675246,-0.9824519,-0.2616239,-0.5961474,-0.37278572,-0.80201787,-0.4582075,-0.91486466,-0.5366901,-1.0,-0.17353894,-0.6004014,-0.25552845,-0.7748076,-0.3253495,-0.8717155,-0.3938256,-0.9462883
0.0,0.0,-0.24190243,0.11750337,-0.4727546,0.16598271,-0.6212948,0.18089719,-0.71064603,0.21301924,-0.5785132,-0.22060946,-0.77537906,-0.2806124,-0.89892423,-0.29944143,-1.0,-0.3121157,-0.5329592,-0.34676185,-0.74017,-0.4205943,-0.8741708,-0.4501635,-0.98762524,-0.47659358,-0.46057343,-0.44858912,-0.65698826,-0.5356475,-0.79066056,-0.58290774,-0.90043455,-0.622211,-0.36226085,-0.52773,-0.49261487,-0.6401615,-0.5890745,-0.7072094,-0.6776588,-0.76319194
0.0,0.0,-0.13949953,-0.15754041,-0.21900195,-0.36855668,-0.22645243,-0.5557817,-0.19669482,-0.69477063,-0.09015534,-0.5532869,-0.07415693,-0.7681199,-0.054158144,-0.8907166,-0.030133229,-0.9967788,0.007974475,-0.54333746,0.054796312,-0.7596486,0.0878402,-0.89031947,0.120955236,-1.0,0.0880224,-0.49561343,0.14788014,-0.6881069,0.18049252,-0.80681133,0.2077127,-0.90788066,0.15642053,-0.41983616,0.21297784,-0.554261,0.24742714,-0.64401793,0.2801204,-0.7274623
0.0,0.0,-0.1555475,-0.06683747,-0.29041722,-0.19937755,-0.37258562,-0.32092845,-0.44185543,-0.42828298,-0.2562086,-0.47665185,-0.32675603,-0.6607831,-0.37468958,-0.771467,-0.41433403,-0.86780876,-0.17433757,-0.5313169,-0.21694517,-0.75241226,-0.24856995,-0.88737226,-0.27408376,-1.0,-0.09147852,-0.5368221,-0.11051954,-0.7537499,-0.11911997,-0.8835492,-0.12708464,-0.9909035,-0.0068473085,-0.5009727,-0.009742472,-0.67424035,-0.012916234,-0.7820471,-0.01753645,-0.8744185
0.0,0.0,0.17528549,0.06590645,0.37353444,0.014164571,0.5324587,-0.08935177,0.6645253,-0.18079811,0.42260194,-0.4046134,0.55365455,-0.57360005,0.6234057,-0.6998159,0.675355,-0.8120412,0.34707373,-0.5080004,0.46201408,-0.699286,0.5350485,-0.8233697,0.59109485,-0.93023014,0.25663605,-0.5505231,0.34643155,-0.760672,0.40440208,-0.88636875,0.45618117,-1.0,0.15315834,-0.54519784,0.20744915,-0.7259984,0.23461,-0.843829,0.26125842,-0.94802916
0.0,0.0,-0.12419665,-0.13330333,-0.20556232,-0.33015403,-0.24198636,-0.5038023,-0.26369873,-0.642118,-0.06307193,-0.5822533,-0.050013542,-0.7764722,-0.04684516,-0.89686126,-0.04283975,-1.0,0.0066000805,-0.56234974,0.022333516,-0.7640357,0.017884713,-0.88565075,0.0075174794,-0.9885744,0.06835865,-0.5087131,0.09042957,-0.6837727,0.08368396,-0.7902042,0.06835633,-0.8717784,0.12384705,-0.42351088,0.13073856,-0.55335206,0.11584322,-0.6335161,0.09508369,-0.6957157
0.0,0.0,-0.13458702,-0.09152464,-0.24238454,-0.24547195,-0.31085238,-0.36445174,-0.3675038,-0.4600795,-0.110292904,-0.50261486,-0.15650587,-0.69399166,-0.18222402,-0.816625,-0.19508606,-0.92156017,-0.010673149,-0.5175562,0.012914501,-0.7388865,0.03527757,-0.882919,0.057840236,-1.0,0.073886245,-0.47657344,0.13216382,-0.67111915,0.1663911,-0.794202,0.19219919,-0.9028173,0.14339654,-0.39213946,0.2354932,-0.5139602,0.29644218,-0.5973746,0.34659573,-0.6754164
0.0,0.0,-0.123763114,-0.1399728,-0.20551929,-0.35359108,-0.24457666,-0.52561843,-0.2952483,-0.65217674,-0.07156453,-0.5877777,-0.04793515,-0.7810764,-0.035402343,-0.89392513,-0.026632475,-0.99520236,0.0012742778,-0.5753949,0.020939186,-0.7778977,0.023776537,-0.89746296,0.017827842,-1.0,0.06315747,-0.5233922,0.08955605,-0.70331734,0.082718596,-0.7938587,0.06262101,-0.864857,0.12294423,-0.44013768,0.13672395,-0.5636079,0.12268951,-0.62475103,0.09778499,-0.67355996
0.0,0.0,-0.15900083,-0.024771174,-0.30644894,-0.13455097,-0.40908295,-0.23940875,-0.49666172,-0.3170832,-0.28871623,-0.45610917,-0.37504175,-0.6418777,-0.4302118,-0.7475052,-0.47809687,-0.83484447,-0.2118079,-0.51763386,-0.28122196,-0.74152416,-0.32565907,-0.87722576,-0.3628595,-0.9885375,-0.12712325,-0.53281254,-0.16842009,-0.7500793,-0.19961701,-0.8860744,-0.2305987,-1.0,-0.03487653,-0.5073344,-0.03570072,-0.6833412,-0.042985596,-0.7948157,-0.05546342,-0.89081126
0.0,0.0,0.18478127,-0.04484068,0.3472344,-0.20056257,0.44534364,-0.38449517,0.5169688,-0.5347751,0.27097663,-0.49461854,0.38347962,-0.595537,0.46896434,-0.5977068,0.53763866,-0.56806767,0.18023156,-0.56007516,0.22753753,-0.75137407,0.26775432,-0.89035577,0.2983753,-1.0,0.09775788,-0.56476253,0.15083183,-0.72340167,0.19066608,-0.76241976,0.21391001,-0.7727139,0.025335252,-0.52944446,0.048677344,-0.6017138,0.0535953,-0.56268996,0.046218157,-0.5012699
0.0,0.0,-0.12170601,-0.1888533,-0.17332123,-0.41613075,-0.15530224,-0.59966666,-0.116843,-0.7302515,-0.003943973,-0.5828901,0.03414097,-0.78416824,0.06130631,-0.90074694,0.08794354,-1.0,0.09125965,-0.5570265,0.15714367,-0.76407343,0.19749975,-0.8867334,0.23148891,-0.98710936,0.1634273,-0.49667615,0.23750117,-0.6826021,0.27839276,-0.7953659,0.3082084,-0.89217424,0.22397359,-0.40666047,0.29538643,-0.53758955,0.3346181,-0.6250404,0.3667346,-0.7061108
0.0,0.0,-0.1884275,0.044431232,-0.41176018,-0.03826154,-0.54959935,-0.12378652,-0.66662884,-0.1881138,-0.51550055,-0.42279905,-0.6577665,-0.5902265,-0.72424525,-0.70443684,-0.77450335,-0.80687207,-0.44207257,-0.5270813,-0.5784721,-0.7278342,-0.6397686,-0.8496665,-0.68567395,-0.95426106,-0.34568375,-0.5842514,-0.46776354,-0.781303,-0.5347848,-0.8964591,-0.5943741,-1.0,-0.22613877,-0.6039144,-0.33414984,-0.77326995,-0.39752924,-0.8644057,-0.4556225,-0.9474532
0.0,0.0,-0.20097698,-0.034400377,-0.37734154,-0.090796605,-0.49602392,-0.14884853,-0.5859897,-0.20513783,-0.44290268,-0.3803562,-0.60035366,-0.5306464,-0.69327813,-0.6307054,-0.7614991,-0.7271809,-0.37684408,-0.48740262,-0.5395937,-0.6846444,-0.64213854,-0.81014156,-0.7199799,-0.9125634,-0.2834273,-0.5421304,-0.4131172,-0.7529655,-0.4966407,-0.89059967,-0.5662486,-1.0,-0.16793665,-0.5503588,-0.22367214,-0.728844,-0.2714501,-0.8470657,-0.32261878,-0.9474772
0.0,0.0,0.13396415,-0.06537253,0.25236222,-0.21599226,0.33044326,-0.3420642,0.40397403,-0.42503217,0.1494507,-0.5004984,0.20921472,-0.7025826,0.24356273,-0.83239233,0.275099,-0.94334525,0.06041281,-0.52941316,0.0984978,-0.7524467,0.13067915,-0.89131963,0.16198027,-1.0,-0.02177235,-0.50862783,0.001743584,-0.7104055,0.03307544,-0.8421023,0.0623599,-0.94829375,-0.10063437,-0.44325298,-0.10291495,-0.58865106,-0.099636964,-0.69644153,-0.09657517,-0.79103017
0.0,0.0,-0.14813489,-0.07582063,-0.2888758,-0.21206138,-0.3795463,-0.34894726,-0.411169,-0.49039188,-0.22729364,-0.50887704,-0.26415077,-0.70782554,-0.27856743,-0.81863487,-0.2857704,-0.9188749,-0.14959006,-0.54939735,-0.16987601,-0.7654624,-0.17866406,-0.8935851,-0.18275838,-1.0,-0.07582924,-0.54725975,-0.07031418,-0.74961436,-0.06922977,-0.8660796,-0.0719489,-0.96370333,-0.0023556412,-0.5136304,0.015415199,-0.66725516,0.025926061,-0.7621982,0.036078993,-0.8517171
0.0,0.0,0.17003481,0.04514281,0.35905844,0.013625485,0.5139144,-0.04478966,0.63724744,-0.10193129,0.40899524,-0.38374043,0.5581885,-0.48593146,0.6540849,-0.54627377,0.7322904,-0.5924115,0.32582724,-0.5052665,0.41473213,-0.7111273,0.46463665,-0.83623075,0.49816403,-0.93765265,0.2244872,-0.5519969,0.27340716,-0.7538889,0.30784032,-0.88497007,0.33995858,-1.0,0.11049362,-0.5356873,0.11994652,-0.7131318,0.13161199,-0.82838386,0.14816861,-0.92846024
0.0,0.0,0.13733748,-0.088613234,0.26016173,-0.2419178,0.3544256,-0.36670408,0.44083214,-0.43700922,0.14473444,-0.5376698,0.17294523,-0.7362877,0.18318975,-0.85464895,0.18836205,-0.9593381,0.06442929,-0.55586016,0.07466897,-0.76832646,0.077438764,-0.895567,0.0757862,-1.0,-0.012014093,-0.53733826,-0.021076487,-0.7370049,-0.023483086,-0.8568589,-0.023757014,-0.9554281,-0.09167023,-0.47974703,-0.11877196,-0.6321956,-0.12910193,-0.7227096,-0.1324786,-0.8003099
0.0,0.0,0.15297128,-0.07068957,0.2847658,-0.18302727,0.37673905,-0.28938237,0.46320632,-0.3650991,0.16448043,-0.51993555,0.19691724,-0.72308844,0.20861408,-0.8447652,0.21689433,-0.94870204,0.07666042,-0.54674315,0.09229044,-0.762258,0.100314304,-0.894,0.10761498,-1.0,-0.007287476,-0.5301344,-0.008909731,-0.72970945,-0.0029352286,-0.8487608,0.007313757,-0.94381714,-0.092534,-0.47178388,-0.12399855,-0.61860776,-0.13654687,-0.7154682,-0.14259712,-0.7980036
0.0,0.0,-0.15231156,-0.08077218,-0.2798331,-0.22264193,-0.3587134,-0.33449626,-0.41190106,-0.43325588,-0.2191378,-0.48477203,-0.2896773,-0.61360335,-0.33949414,-0.6636217,-0.36835054,-0.69849604,-0.13895029,-0.5324764,-0.15472473,-0.7489238,-0.166691,-0.8876803,-0.16582903,-1.0,-0.060767986,-0.51746124,-0.05782496,-0.7167698,-0.075536706,-0.84314156,-0.08890328,-0.9444988,0.011225289,-0.4516836,0.036227614,-0.594538,0.04933303,-0.68673164,0.058277257,-0.7663793
0.0,0.0,-0.14053287,-0.0405258,-0.2672494,-0.12243227,-0.37199607,-0.17065378,-0.4697248,-0.20233802,-0.2168493,-0.41844425,-0.28158623,-0.6466864,-0.32529268,-0.78992444,-0.35861066,-0.9118292,-0.13311283,-0.45212018,-0.19700046,-0.69988024,-0.23997976,-0.8609389,-0.27584183,-1.0,-0.042700864,-0.4389266,-0.093842134,-0.679021,-0.1261048,-0.8305707,-0.15646426,-0.96037555,0.056546226,-0.39041597,0.04107289,-0.57059216,0.024916453,-0.6902319,0.0051246174,-0.79909235
0.0,0.0,0.11121803,-0.1591832,0.16255033,-0.35059807,0.17831264,-0.5173457,0.1992442,-0.66344863,-0.0015974486,-0.55635804,-0.0055231084,-0.7616391,-0.018417686,-0.88897187,-0.03737587,-1.0,-0.09023829,-0.5441075,-0.12994556,-0.75461906,-0.14957535,-0.8835299,-0.1688347,-0.9903641,-0.16613881,-0.48777524,-0.22898419,-0.6683027,-0.2535922,-0.78774714,-0.26944807,-0.89299685,-0.23060977,-0.3925859,-0.31673777,-0.5150565,-0.36848995,-0.6028136,-0.41160354,-0.68636304
0.0,0.0,-0.079259455,-0.09596108,-0.13033961,-0.2759924,-0.14851573,-0.4204997,-0.121309236,-0.53714854,0.007737882,-0.52170944,0.030062836,-0.72026825,0.033111647,-0.849087,0.036512908,-0.94572514,0.095474124,-0.5024866,0.12208627,-0.7332724,0.12444134,-0.88237256,0.12071654,-1.0,0.17245217,-0.4327943,0.21885839,-0.6551967,0.23116061,-0.80058163,0.23581375,-0.92569476,0.23394647,-0.31688184,0.2972965,-0.4653052,0.32744193,-0.58216727,0.3453365,-0.69202775
0.0,0.0,-0.121554054,-0.07569153,-0.23457761,-0.22695637,-0.29636714,-0.3602032,-0.283807,-0.45769534,-0.17667052,-0.5268628,-0.2124097,-0.7262898,-0.2488869,-0.8381806,-0.2815578,-0.9326747,-0.09626143,-0.54850096,-0.12073499,-0.76843417,-0.14854564,-0.8947264,-0.1764662,-1.0,-0.016451836,-0.52658075,-0.034266062,-0.72859657,-0.062690906,-0.82835037,-0.09293999,-0.9066273,0.06255501,-0.4666862,0.035458684,-0.6170477,0.0017783893,-0.6819254,-0.033519093,-0.72658175
0.0,0.0,0.34031996,-0.09114976,0.6377218,-0.24542542,0.8590397,-0.42213854,1.0,-0.5892881,0.55517846,-0.74774677,0.77969795,-0.81582546,0.89949036,-0.7659097,0.9762402,-0.6951248,0.39792854,-0.8265568,0.5783942,-0.8712224,0.66834307,-0.7796032,0.70721143,-0.6718855,0.23903862,-0.8265545,0.39837825,-0.86837333,0.44231385,-0.7515843,0.43123463,-0.6216673,0.09339873,-0.7734185,0.19324447,-0.8352118,0.21847661,-0.75473714,0.20472622,-0.64877534
0.0,0.0,-0.14235929,-0.05911208,-0.2738976,-0.1955799,-0.35853058,-0.30295837,-0.42893538,-0.38062096,-0.20929538,-0.48273978,-0.2806539,-0.65826994,-0.32694083,-0.7664642,-0.36240378,-0.85733455,-0.12506469,-0.52006245,-0.13450043,-0.74775606,-0.13896467,-0.88841075,-0.14264089,-1.0,-0.04506026,-0.508043,-0.033973444,-0.7285307,-0.03510768,-0.86212635,-0.040714253,-0.97627795,0.03028433,-0.45328158,0.08393606,-0.60732013,0.11817903,-0.71195227,0.14430624,-0.80595237
0.0,0.0,-0.13680609,-0.05806305,-0.2717183,-0.18279262,-0.36194173,-0.29316738,-0.43324268,-0.40198347,-0.19098695,-0.5137285,-0.26174742,-0.6990962,-0.30204937,-0.8173951,-0.32899284,-0.91572475,-0.103647254,-0.564469,-0.15640904,-0.776467,-0.19711941,-0.9016167,-0.23468515,-1.0,-0.017615374,-0.5733384,-0.05433088,-0.7801556,-0.09760379,-0.90413094,-0.13904847,-0.9956008,0.064275555,-0.54365206,0.036075234,-0.7224627,0.0043742345,-0.8326902,-0.028639609,-0.9110485
0.0,0.0,-0.10271155,-0.15949337,-0.16671714,-0.34628287,-0.17115737,-0.5175884,-0.15415142,-0.6602115,-0.074577585,-0.5529703,-0.09067214,-0.7588289,-0.09745802,-0.8806232,-0.09922244,-0.98561496,0.0045414125,-0.55344415,0.00465607,-0.7657802,0.0072358684,-0.8885164,0.0093352785,-1.0,0.0775359,-0.51832604,0.08946824,-0.7179344,0.09451145,-0.83500636,0.094959036,-0.93891644,0.15051104,-0.4508531,0.17145541,-0.6003754,0.18121928,-0.69475734,0.18520743,-0.781383
0.0,0.0,-0.054943968,-0.22257307,-0.06209234,-0.4649396,-0.024486843,-0.6332957,0.026105555,-0.76102126,0.15868026,-0.6063407,0.24528773,-0.7946104,0.29901138,-0.907368,0.34623265,-1.0,0.2483496,-0.54969,0.36291736,-0.73563147,0.4318252,-0.8418243,0.49325097,-0.9282215,0.3108326,-0.46008307,0.44244233,-0.61850023,0.5212039,-0.703835,0.5817783,-0.7732067,0.35070047,-0.33505902,0.47174656,-0.42231172,0.54865146,-0.48395374,0.6121149,-0.54089427
0.0,0.0,-0.1977115,0.05234625,-0.43321064,-0.0038852107,-0.59006584,-0.0743308,-0.7199455,-0.10476252,-0.5413287,-0.3948675,-0.71960497,-0.54500127,-0.8084754,-0.6358382,-0.86880326,-0.7112161,-0.49236527,-0.5168865,-0.6698518,-0.7157924,-0.7715701,-0.8283909,-0.84919536,-0.9140124,-0.41230395,-0.5960276,-0.5749191,-0.794723,-0.6754528,-0.90720564,-0.7600496,-0.9974775,-0.30358103,-0.6381674,-0.41209835,-0.8142771,-0.4891507,-0.91330254,-0.55790347,-1.0
0.0,0.0,-0.171668,-0.043937035,-0.33348212,-0.1810227,-0.4523765,-0.3016601,-0.55180544,-0.3693381,-0.32514474,-0.50846165,-0.39780924,-0.7018046,-0.43034434,-0.8156188,-0.46011004,-0.9221546,-0.26997128,-0.5664397,-0.34846082,-0.77053756,-0.3921987,-0.8928554,-0.431652,-1.0,-0.20255476,-0.5853547,-0.2773282,-0.78176844,-0.3227673,-0.89199996,-0.36583006,-0.985788,-0.11775244,-0.5758333,-0.1746569,-0.7325363,-0.21410906,-0.8209472,-0.25059113,-0.8994536
0.0,0.0,-0.11450777,-0.04166048,-0.20557635,-0.15584327,-0.2561882,-0.23878108,-0.2912549,-0.3175704,-0.12722787,-0.469729,-0.11871231,-0.68091375,-0.10631744,-0.826485,-0.07980139,-0.94964755,-0.01911536,-0.47363123,-0.0027307423,-0.6962465,0.013726021,-0.8517274,0.037483964,-1.0,0.081097454,-0.420528,0.10575605,-0.5923235,0.10277741,-0.68657315,0.104263194,-0.78008336,0.17342149,-0.3286821,0.22843608,-0.49153855,0.26605055,-0.6099196,0.30286598,-0.7234532
0.0,0.0,0.14161776,-0.1229117,0.24679436,-0.30283898,0.2789625,-0.4751014,0.27833694,-0.6135515,0.11175482,-0.5442479,0.1139459,-0.755385,0.10753792,-0.87937224,0.10228332,-0.9826662,0.020226616,-0.5479486,0.01175792,-0.76627165,0.008755331,-0.897758,0.010437736,-1.0,-0.06166468,-0.51092947,-0.08576598,-0.71279716,-0.092428,-0.83859617,-0.08968572,-0.9375384,-0.14074446,-0.43626451,-0.18929778,-0.5798938,-0.21410984,-0.6647322,-0.22887065,-0.733469
0.0,0.0,0.14642493,-0.06666036,0.2713983,-0.19787276,0.36472836,-0.31626308,0.4572451,-0.3872667,0.17080216,-0.5231591,0.20830809,-0.7158625,0.2272508,-0.8367581,0.24015877,-0.9432732,0.09182578,-0.5520167,0.112848386,-0.75934696,0.123057336,-0.8920381,0.12682688,-1.0,0.0155681735,-0.5396903,0.025882166,-0.7314605,0.036581308,-0.8515066,0.04614713,-0.9492078,-0.06264221,-0.48876882,-0.08665077,-0.6349316,-0.094116986,-0.7330876,-0.09728776,-0.8175376
0.0,0.0,0.15194374,-0.081030294,0.27422893,-0.22511217,0.35902888,-0.3576262,0.4351842,-0.45132506,0.113648094,-0.5040046,0.123951666,-0.7082566,0.12071756,-0.83533686,0.115535215,-0.9412376,0.018106405,-0.521113,0.0056037977,-0.742805,-9.260362e-05,-0.8860852,-0.0045634387,-1.0,-0.06779688,-0.49143228,-0.08466612,-0.6932478,-0.088350736,-0.81849086,-0.08771616,-0.9175438,-0.14706835,-0.42123953,-0.20065278,-0.56212854,-0.23174517,-0.6628678,-0.25414154,-0.7513078
0.0,0.0,0.13931446,-0.08516082,0.24630605,-0.24640705,0.31410378,-0.40467387,0.3890431,-0.5063786,0.16225211,-0.5217546,0.18154708,-0.7279726,0.18397018,-0.85842913,0.18417282,-0.969671,0.08749856,-0.541057,0.11097776,-0.75391316,0.11977161,-0.88782156,0.12649395,-1.0,0.017234176,-0.5255965,0.03562409,-0.7232809,0.046948314,-0.8435469,0.057206217,-0.9416135,-0.055594046,-0.4795726,-0.042166635,-0.63311833,-0.029143626,-0.73252165,-0.01434606,-0.821097
0.0,0.0,-0.49942905,0.06717534,-0.8302043,0.19733499,-1.0,0.43683988,-0.9147793,0.65701616,-0.7476045,-0.6373033,-0.93891317,0.39558193,-0.80357695,0.4575217,-0.71523094,0.2103017,-0.4056621,-0.6055279,-0.59816647,0.62549555,-0.5090411,0.503487,-0.46626526,0.19947842,-0.07578167,-0.4337058,-0.26744762,0.7188109,-0.23915794,0.550458,-0.21101376,0.2573628,0.2193104,-0.1930238,0.05083632,0.6637271,0.05023767,0.5191228,0.07558126,0.2504706
0.0,0.0,-0.28260258,-0.02079589,-0.5138793,-0.35487276,-0.50476056,-0.69033253,-0.3682803,-0.7366263,-0.3225378,-0.70463157,-0.23965363,-1.0,-0.23625427,-0.7150206,-0.26862365,-0.5593311,-0.15003708,-0.683176,-0.06634723,-0.9164648,-0.08012795,-0.5765593,-0.13859627,-0.45735738,-0.0029784827,-0.65356034,0.07766281,-0.86934257,0.056565464,-0.54366,-0.0061049983,-0.4136098,0.13255762,-0.60455406,0.19910803,-0.77135676,0.18593603,-0.53081226,0.13249128,-0.4123194
0.0,0.0,0.3372914,0.16269645,0.7858288,-0.0783518,1.0,-0.45732215,0.91093475,-0.66809285,0.72825813,-0.37296543,0.8420179,-0.6975974,0.7115063,-0.47948155,0.6637508,-0.33313578,0.5234066,-0.490064,0.6333024,-0.8123904,0.5086297,-0.46378285,0.46865818,-0.317527,0.3470823,-0.5624222,0.42812535,-0.8236727,0.32691553,-0.4484014,0.29381576,-0.27374652,0.1833011,-0.6192214,0.25406992,-0.7459838,0.17308924,-0.46438384,0.1413821,-0.32166898
0.0,0.0,-0.48500723,0.04483977,-0.8347683,0.24879453,-1.0,0.5645183,-0.86826354,0.8005409,-0.653898,-0.6601113,-0.8450962,0.37253672,-0.7132837,0.40816656,-0.6319695,0.1286359,-0.28254998,-0.56036776,-0.53659767,0.62665564,-0.42481443,0.5080616,-0.36972013,0.1749869,0.061552543,-0.32680172,-0.20009723,0.79508084,-0.15132181,0.6503725,-0.11953049,0.34011093,0.35415488,-0.03760295,0.14493537,0.83074975,0.13977352,0.70380616,0.1396157,0.4171738
0.0,0.0,-0.44231153,0.07787122,-0.80168766,0.30218038,-1.0,0.6036512,-0.88570476,0.78269595,-0.7568693,-0.77520126,-0.88137,0.26885226,-0.7261718,0.3312495,-0.65453404,0.043876458,-0.37845674,-0.757399,-0.5424717,0.51600456,-0.44680038,0.41211537,-0.41792074,0.05901244,-0.010174944,-0.5686984,-0.1857516,0.6363792,-0.17656265,0.498156,-0.17052615,0.17772011,0.2990944,-0.30458105,0.14292078,0.604024,0.1282719,0.47381616,0.123517744,0.1644909
0.0,0.0,-0.41547033,0.10774725,-0.7936023,0.40528858,-1.0,0.7346133,-0.91730213,0.7957688,-0.74081,-0.80837786,-0.8587565,0.4260976,-0.7748489,0.47871098,-0.72620624,0.12528747,-0.2934928,-0.7431791,-0.44370398,0.832626,-0.4022514,0.67483854,-0.39485222,0.17987305,0.13560879,-0.50464463,-0.06483848,0.98453635,-0.10243508,0.76037425,-0.13196331,0.29935303,0.48770705,-0.18643478,0.28387845,0.9508643,0.23392013,0.7429768,0.20797418,0.287959
0.0,0.0,-0.2622246,-0.0367125,-0.50635004,-0.27531457,-0.5677286,-0.5844223,-0.4982321,-0.78187126,-0.4593662,-0.6587197,-0.39354047,-1.0,-0.30616885,-0.76046485,-0.30993688,-0.5771016,-0.29799953,-0.70303357,-0.22373039,-0.9812352,-0.15323833,-0.67727345,-0.20744765,-0.53127176,-0.15380628,-0.7339179,-0.08612556,-0.9964691,-0.045108672,-0.7082319,-0.10389126,-0.5592681,-0.02427873,-0.73340815,0.04181308,-0.9271023,0.061635274,-0.7291765,0.009709269,-0.60510993
0.0,0.0,-0.29175624,0.061602276,-0.56487346,0.100634284,-0.78512204,0.22439174,-1.0,0.33185232,-0.52116257,-0.3945795,-0.62944615,0.12556264,-0.6807674,0.41981888,-0.71893096,0.6046803,-0.28395686,-0.4128867,-0.3803618,0.2894465,-0.37954578,0.5397658,-0.38058466,0.6172403,-0.04451687,-0.3294097,-0.1707677,0.33649203,-0.19615649,0.5144946,-0.20512415,0.5480848,0.16455127,-0.21276684,0.06581077,0.2826279,0.014427531,0.5025399,-0.004855313,0.6057578
0.0,0.0,0.34447628,0.088046215,0.6479227,-0.0075952844,0.6182724,-0.21231484,0.43058413,-0.3389601,0.56582814,-0.88618773,0.5207439,-0.5808251,0.49741805,-0.3110155,0.50204426,-0.29598555,0.31562158,-1.0,0.24822953,-0.5898946,0.25219205,-0.3577401,0.25169787,-0.40568376,0.080349475,-0.96983474,0.028746601,-0.5611673,0.06347236,-0.35198927,0.07639088,-0.39874133,-0.119789064,-0.8686976,-0.11915104,-0.5316765,-0.074275725,-0.3414194,-0.048208173,-0.35313874
0.0,0.0,-0.34224412,0.06285306,-0.6348806,0.12920791,-0.84826624,0.22134095,-1.0,0.2544639,-0.5598236,-0.4682814,-0.6823389,0.21506806,-0.5743376,0.29063883,-0.5063832,0.14593127,-0.31032562,-0.4739739,-0.42636067,0.3388825,-0.35202762,0.30323234,-0.3230506,0.08732062,-0.06527297,-0.3742861,-0.18141642,0.38296574,-0.15095997,0.30515766,-0.13147719,0.10754812,0.15016332,-0.23661275,0.04700155,0.33322462,0.044951435,0.26690677,0.04856766,0.07822045
0.0,0.0,0.31794786,0.06878426,0.62128294,-0.005088124,0.8148704,-0.11584219,0.87761706,-0.29535604,0.64741313,-0.8600499,0.67795146,-0.5482499,0.5795367,-0.30755648,0.532364,-0.327588,0.43467253,-0.9915828,0.4413461,-0.5310623,0.3749045,-0.2895317,0.356602,-0.35018468,0.21300608,-1.0,0.22950374,-0.5367531,0.19434084,-0.33025715,0.18116136,-0.4031243,0.0088321045,-0.94321173,0.036459744,-0.56666476,0.032448947,-0.39160377,0.025777536,-0.43192035
0.0,0.0,-0.2943983,-0.13744621,-0.5023421,-0.4220269,-0.56799895,-0.7457122,-0.4743699,-0.90624297,-0.17601113,-0.7515447,-0.37450075,-1.0,-0.4174923,-0.7925166,-0.3648592,-0.6345695,-0.016411254,-0.77848786,-0.23743707,-0.9979744,-0.28737444,-0.8394082,-0.23398404,-0.71658456,0.090367086,-0.7455956,-0.093964204,-0.9836086,-0.15467688,-0.8581289,-0.11660562,-0.7348695,0.15806103,-0.6874963,0.0051266337,-0.8964968,-0.05253087,-0.8022358,-0.0186792,-0.6913879
0.0,0.0,-0.4408341,0.1586485,-0.74239194,0.3636959,-0.92849785,0.6691347,-1.0,0.9904863,-0.74756265,-0.33170143,-0.84930503,0.48943758,-0.71506494,0.50318545,-0.6552389,0.28828362,-0.46107993,-0.3795619,-0.5529233,0.60334605,-0.48130035,0.50832784,-0.46731877,0.2668897,-0.16535643,-0.28745088,-0.27508232,0.64162314,-0.24887843,0.5351037,-0.23577794,0.32141042,0.10442022,-0.13905089,0.0021900106,0.6096324,-0.011858218,0.6357409,-0.00823389,0.55647933
0.0,0.0,-0.27376166,-0.056429278,-0.4620158,-0.39867327,-0.43873724,-0.72429466,-0.30960906,-0.7686522,-0.2479304,-0.7209871,-0.24614304,-1.0,-0.26041028,-0.7218538,-0.2521245,-0.5869904,-0.084267415,-0.6949043,-0.099843815,-0.9330015,-0.13118143,-0.6114342,-0.114461444,-0.5391293,0.06578824,-0.65336746,0.05149662,-0.87781787,0.008150102,-0.5714106,0.024088232,-0.4951729,0.2209174,-0.60564655,0.19607617,-0.7629172,0.15267469,-0.5503155,0.16611643,-0.47716933
0.0,0.0,-0.40133238,-0.03207885,-0.7352022,0.029259522,-0.9016731,0.26478186,-0.9832727,0.54535156,-0.64660376,-1.0,-0.81077147,-0.07698873,-0.7911254,0.050878957,-0.7707964,-0.1440733,-0.26808867,-0.99083096,-0.4491072,0.22263332,-0.43305343,0.14590658,-0.41150373,-0.1892002,0.08631416,-0.79306006,-0.1275138,0.38610628,-0.12959994,0.26016444,-0.100134484,-0.04044756,0.37507793,-0.53230745,0.18884501,0.38572243,0.18270648,0.29578015,0.22973378,0.014647357
0.0,0.0,-0.44369057,0.13678475,-0.7932211,0.40033263,-1.0,0.6875931,-0.8517442,0.8060971,-0.75871766,-0.6835382,-0.8153031,0.38179907,-0.7004829,0.47878873,-0.6530234,0.21347658,-0.35179806,-0.67453414,-0.45728043,0.5933609,-0.42282632,0.514478,-0.4301326,0.17069592,0.03531789,-0.50830215,-0.10479374,0.68636036,-0.13962467,0.5693479,-0.16215326,0.25325963,0.34960824,-0.27073228,0.21865262,0.6638444,0.16537963,0.57209396,0.124031566,0.2888526
0.0,0.0,-0.31182843,0.1254261,-0.5752198,0.4412059,-0.58228564,0.80588394,-0.33814842,1.0,-0.4751968,-0.46960476,-0.47631466,0.47379062,-0.49496412,0.51561296,-0.500833,0.30445454,-0.10666626,-0.4841208,-0.14268366,0.6426255,-0.19731835,0.5419895,-0.22107933,0.25781178,0.22987688,-0.3595086,0.1335656,0.71667206,0.04019683,0.5786378,-0.0012604044,0.28103107,0.49669355,-0.16576134,0.37964657,0.65094525,0.2895302,0.5522341,0.25388202,0.29693398
0.0,0.0,-0.29611492,0.18517779,-0.47959834,0.44449234,-0.56792104,0.7575884,-0.537701,1.0,-0.29498786,-0.15242957,-0.41449222,0.6812308,-0.43072298,0.654861,-0.43459383,0.43153942,-0.079814464,-0.15987124,-0.21457885,0.825282,-0.2720189,0.6706873,-0.31586102,0.40946504,0.101107195,-0.09944862,-0.03873125,0.8396575,-0.12817797,0.65146714,-0.16859806,0.3782748,0.2611194,0.00044780094,0.11607827,0.7445316,0.027550852,0.62309533,-0.02690739,0.38351983
0.0,0.0,0.28915423,0.03069534,0.59416974,-0.1821699,0.7948106,-0.40936688,1.0,-0.5234663,0.5267272,-0.83758444,0.428936,-0.5851905,0.38200015,-0.28925088,0.39410836,-0.24170145,0.32226247,-0.957469,0.2154791,-0.59444374,0.21585417,-0.26684302,0.25637186,-0.23598689,0.1189942,-0.9537355,0.031532317,-0.5986034,0.062048323,-0.2920336,0.109468214,-0.245312,-0.068072334,-0.8898481,-0.11795134,-0.6259212,-0.078946814,-0.36765546,-0.034538575,-0.2968327
0.0,0.0,-0.27700168,0.050300505,-0.5672765,-0.25835267,-0.5885947,-0.63061094,-0.42031676,-0.8168526,-0.5107575,-0.688149,-0.48137006,-1.0,-0.3699561,-0.7068102,-0.34817886,-0.57520866,-0.33556196,-0.7487901,-0.27752784,-0.9754411,-0.20311296,-0.59267706,-0.26394182,-0.53292876,-0.16386977,-0.78289443,-0.08020259,-0.9455074,-0.04558398,-0.56689924,-0.11741982,-0.512902,0.00869713,-0.78541857,0.07659816,-0.91152084,0.09424763,-0.6204238,0.03889778,-0.5431614
0.0,0.0,-0.37940276,0.060004998,-0.6680338,0.31892437,-0.8186175,0.6835175,-0.7894083,1.0,-0.5471955,-0.37038526,-0.7087482,0.5205208,-0.7360162,0.5929574,-0.71145594,0.46049854,-0.21327876,-0.35355106,-0.38431236,0.77404994,-0.4181705,0.6370466,-0.4017316,0.38899967,0.09609591,-0.22601184,-0.098864935,0.8439845,-0.15753901,0.63252026,-0.16342308,0.34754372,0.3483395,-0.049385924,0.20364347,0.77348095,0.14973006,0.6451584,0.14304543,0.40150118
0.0,0.0,0.33477774,0.06709505,0.6999729,-0.15326121,0.7640688,-0.5129156,0.6018075,-0.71203613,0.5621286,-0.67025816,0.6640599,-0.88413835,0.63408685,-0.63290894,0.5947097,-0.45955557,0.3745678,-0.788696,0.46998128,-0.94875264,0.43663648,-0.6460218,0.3689816,-0.4642862,0.19118054,-0.8433733,0.25842857,-1.0,0.24376863,-0.71319884,0.18682517,-0.5263012,-0.003700572,-0.86508834,0.06692866,-0.99736625,0.068165705,-0.77289253,0.033235654,-0.6093198
0.0,0.0,-0.42451727,0.085435875,-0.8051459,0.20832527,-0.99115777,0.39402393,-0.83330613,0.43934038,-0.8645086,-0.92042667,-0.9407518,-0.018207686,-0.79037845,-0.026929107,-0.72968537,-0.3111154,-0.5253374,-1.0,-0.57424784,0.12872286,-0.4692182,-0.0018542347,-0.44971108,-0.3368381,-0.16548808,-0.9183055,-0.22770838,0.14276533,-0.18178523,-0.008603117,-0.18144298,-0.33222434,0.16859935,-0.7455371,0.10560661,0.06408086,0.13501942,-0.05508488,0.14066815,-0.36215273
0.0,0.0,-0.27485764,-0.028885953,-0.4973712,-0.28317705,-0.50406,-0.6194077,-0.42742726,-0.8392761,-0.4588714,-0.6850724,-0.26672465,-1.0,-0.24499561,-0.7194125,-0.30548277,-0.53722405,-0.27270713,-0.72864085,-0.104746394,-0.9627564,-0.09841029,-0.65116537,-0.17182297,-0.49314573,-0.12216481,-0.7391493,0.030960424,-0.91750735,0.02520009,-0.6348424,-0.053062778,-0.48942736,0.008566299,-0.722802,0.11376111,-0.8616867,0.11063635,-0.6299457,0.040317304,-0.48854312
0.0,0.0,-0.46417952,0.12492976,-0.80493885,0.3387813,-1.0,0.6002442,-0.8552554,0.705303,-0.7675812,-0.625329,-0.8331401,0.32484925,-0.7133961,0.3795277,-0.6732862,0.13613494,-0.41128138,-0.6371939,-0.5273087,0.4960445,-0.462852,0.42383513,-0.4697289,0.12383026,-0.067375354,-0.50139505,-0.20908831,0.56579393,-0.20002647,0.4728842,-0.2137651,0.2068115,0.22692399,-0.29580137,0.11076538,0.53438115,0.0837074,0.46396178,0.047640532,0.23955771
0.0,0.0,-0.47096783,0.0838253,-0.81025404,0.19208121,-1.0,0.3387109,-0.9864979,0.42268702,-0.8107312,-0.68412846,-0.78270376,0.30182508,-0.6509469,0.38621032,-0.6188125,0.14791973,-0.4716172,-0.73818856,-0.44567737,0.42294154,-0.3977069,0.34020874,-0.41814053,0.03559692,-0.13051824,-0.6670639,-0.15029886,0.44055498,-0.1547764,0.31097314,-0.1758634,0.033168025,0.16811442,-0.52016526,0.14353184,0.3540835,0.12046686,0.2369257,0.088705495,-0.044446766
0.0,0.0,0.24018154,-0.28084353,0.3506902,-0.5981156,0.30774313,-0.85216355,0.18463339,-0.926864,0.0991422,-0.83666164,0.14134,-1.0,0.17863353,-0.87123543,0.17989302,-0.74350053,-0.05223802,-0.8284056,0.033209026,-0.94849956,0.07410343,-0.8453353,0.06967209,-0.72551715,-0.16810843,-0.7685931,-0.07528707,-0.87438244,-0.039029516,-0.7923744,-0.040023364,-0.68621385,-0.25512502,-0.68752766,-0.17478245,-0.79341495,-0.14019494,-0.72427136,-0.13874184,-0.6395474
0.0,0.0,0.24853128,-0.15659297,0.45074928,-0.42741755,0.55783725,-0.6706277,0.5577462,-0.9259094,0.20370497,-0.92967856,0.4336621,-1.0,0.43113598,-0.7104866,0.34975234,-0.5882746,0.09046003,-0.9488541,0.36455488,-0.9964914,0.3511201,-0.6717409,0.25312522,-0.5592373,-0.014443324,-0.925082,0.26934075,-0.9656321,0.24405824,-0.6554218,0.14103061,-0.55289185,-0.12040771,-0.85845697,0.1434504,-0.88803893,0.13249274,-0.65348184,0.032129474,-0.56137484
0.0,0.0,0.35594586,0.10678227,0.65682924,0.1754384,0.85249925,0.20627813,1.0,0.25070626,0.7842406,-0.71857435,0.7855067,0.084134124,0.62826866,0.17373335,0.5686514,-0.010179108,0.50140476,-0.8241643,0.49257427,0.13784595,0.3891064,0.16230808,0.3422095,-0.019289255,0.21414617,-0.756961,0.21110654,0.12157376,0.15814178,0.14905825,0.12992223,-0.0144013,-0.055728927,-0.6164717,-0.0046567875,0.054414168,-0.0005380368,0.108709656,-0.0065887407,-0.023277333
0.0,0.0,0.35350293,0.090349935,0.67803216,-0.018464519,0.8703729,-0.13980465,1.0,-0.17966774,0.7115297,-0.88854825,0.7820584,-0.52510726,0.6831623,-0.29752982,0.6348198,-0.3126015,0.5150395,-0.999448,0.5843586,-0.43946877,0.50172114,-0.23993263,0.4544692,-0.31094757,0.299564,-0.985013,0.3760668,-0.399287,0.31806177,-0.2342817,0.27244627,-0.32282558,0.09221551,-0.8870782,0.16837104,-0.38019887,0.13885175,-0.24488248,0.100853615,-0.32909444
0.0,0.0,-0.27999544,-0.0851897,-0.48630065,-0.3933889,-0.4508568,-0.7114604,-0.2703268,-0.77380383,-0.21570177,-0.72275394,-0.20801045,-1.0,-0.24068388,-0.7139746,-0.23499462,-0.6190198,-0.043847106,-0.6955591,-0.034666218,-0.93656474,-0.08857234,-0.5972918,-0.07147132,-0.5514052,0.113403715,-0.655486,0.12820159,-0.88937616,0.06210337,-0.5684001,0.07803136,-0.5047836,0.27491722,-0.59459776,0.27388257,-0.77794594,0.214516,-0.55400944,0.22541642,-0.47380593
0.0,0.0,0.22653884,-0.12716126,0.43515158,-0.40625024,0.54306644,-0.6596732,0.45874193,-0.8132999,0.17930555,-0.9783737,0.33560106,-0.9161279,0.33888194,-0.64713895,0.28568956,-0.5361202,0.011541868,-1.0,0.18811056,-0.83491796,0.1905789,-0.54960227,0.13403912,-0.4883352,-0.13971834,-0.9241031,0.041216392,-0.6922941,0.039902262,-0.45573887,-0.019774863,-0.4363851,-0.2704968,-0.7965021,-0.11700874,-0.57379633,-0.10485708,-0.42230043,-0.1554904,-0.4298236
0.0,0.0,-0.41319203,-0.007530144,-0.7443788,-0.07643147,-0.9496121,-0.12691349,-1.0,-0.1074206,-0.6176912,-0.6724614,-0.77211326,0.093293585,-0.6737383,0.23368998,-0.62593186,0.06559564,-0.34709132,-0.6410561,-0.5052655,0.29417163,-0.43964383,0.33071202,-0.4367372,0.087985955,-0.08473826,-0.48639625,-0.2377643,0.39436138,-0.23554462,0.37770686,-0.23301947,0.16584517,0.14135867,-0.2832289,0.019268181,0.40614134,0.01517808,0.3580615,0.0320024,0.14122483
0.0,0.0,-0.45145604,0.06776969,-0.90648395,0.26465154,-1.0,0.67605096,-0.66788507,0.97821045,-0.5899431,-0.9800206,-0.81822467,0.30705407,-0.77797467,0.33276543,-0.69212186,-0.03798096,-0.08972555,-0.91874486,-0.34372318,0.6256507,-0.3395852,0.4283117,-0.29074177,-0.08784995,0.35476062,-0.6672701,0.056389835,0.75926304,0.0012144381,0.51080656,0.03282158,0.015120946,0.7040267,-0.34806788,0.4001184,0.66283,0.33037987,0.44837123,0.3646825,0.012236745
0.0,0.0,-0.40402126,0.13414684,-0.71033114,0.31308112,-0.9015714,0.5581747,-1.0,0.7618546,-0.8981825,-0.52993256,-0.9504985,0.30589092,-0.9153926,0.4065147,-0.9126517,0.25654477,-0.58619875,-0.5992826,-0.6247076,0.46280906,-0.62359023,0.44970298,-0.67026323,0.23947713,-0.2585835,-0.5424745,-0.3182196,0.48905852,-0.33328804,0.421915,-0.3695173,0.203616,0.046293464,-0.4008641,-0.01580252,0.38738993,-0.04039276,0.32670793,-0.06406974,0.114877515
0.0,0.0,0.3657516,0.008162501,0.69156146,-0.355853,0.78811896,-0.7610071,0.66028905,-0.95670164,0.45550597,-0.70649385,0.48269394,-0.99821246,0.46651253,-0.7241874,0.45243147,-0.51967776,0.2535168,-0.7119749,0.29741454,-1.0,0.3044412,-0.6229082,0.28108627,-0.41063395,0.07015475,-0.6731814,0.10544246,-0.9219906,0.13608773,-0.53907335,0.13011123,-0.33920828,-0.12073614,-0.60906786,-0.082600005,-0.77415043,-0.048572294,-0.5061183,-0.043105308,-0.35317117
0.0,0.0,-0.39555368,-0.032339998,-0.7079762,0.12243479,-0.86330444,0.34897584,-0.9477013,0.5409491,-0.662156,-0.9995887,-0.7286465,-0.29977322,-0.8073388,0.02830874,-0.92915964,0.17585406,-0.21329148,-1.0,-0.29004523,0.3311607,-0.46302322,0.7628805,-0.60595924,0.8806074,0.1895511,-0.7705268,0.042129736,0.55118614,-0.13092138,0.83208114,-0.26377308,0.85905117,0.5047367,-0.44811556,0.4155492,0.56272155,0.28494626,0.78564745,0.18176974,0.7865476
0.0,0.0,-0.42484602,-0.036329806,-0.7856035,-0.10063801,-1.0,-0.12938213,-0.99996394,-0.10835598,-0.6495864,-0.7571354,-0.8053991,0.07060339,-0.6899302,0.2265021,-0.6315289,0.04640091,-0.36195308,-0.72083783,-0.528176,0.2775274,-0.43650645,0.3168854,-0.42673993,0.035153303,-0.082812354,-0.5539176,-0.24264738,0.38233474,-0.21781296,0.35531402,-0.2050286,0.12013026,0.15830742,-0.331861,0.035071395,0.3947209,0.03951556,0.34886196,0.0567759,0.12200737
0.0,0.0,-0.3279779,0.06620506,-0.6281614,0.15367243,-0.8432323,0.2571984,-1.0,0.30302498,-0.5317768,-0.55705583,-0.64342326,0.27561426,-0.5501674,0.48175845,-0.47508094,0.3406607,-0.21331821,-0.5689008,-0.3091246,0.4455123,-0.2767359,0.49056995,-0.25750673,0.2270489,0.08569846,-0.44272345,-0.011555387,0.5124665,-0.03329607,0.5020688,-0.029456891,0.2671653,0.33029485,-0.27509797,0.24286485,0.44782752,0.2101945,0.4385449,0.21661647,0.24435897
0.0,0.0,-0.4336126,0.024312424,-0.8682435,0.17323053,-0.9743422,0.53180605,-0.7136664,0.8404179,-0.5453164,-1.0,-0.74012846,0.25024787,-0.7115033,0.26593876,-0.64050376,-0.0772939,-0.071487464,-0.93846893,-0.2999257,0.51803666,-0.30342725,0.33028096,-0.26279798,-0.14698045,0.3481091,-0.7056785,0.068303734,0.628135,0.033617295,0.40773427,0.075641744,-0.048333514,0.6791184,-0.40512085,0.40934348,0.53825945,0.35557595,0.3815426,0.39679614,0.008832136
0.0,0.0,0.20689386,-0.13723214,0.32475936,-0.5094532,0.29142985,-0.84563273,0.18017377,-1.0,0.14610007,-0.69789827,0.13332738,-0.90065956,0.19592448,-0.671232,0.19327062,-0.56046313,0.006556622,-0.65307206,0.016317716,-0.8310031,0.092347644,-0.53961617,0.06166071,-0.49901792,-0.12271249,-0.57810867,-0.10794454,-0.75206107,-0.021521876,-0.4847926,-0.05156552,-0.43155265,-0.26674736,-0.48158517,-0.22346282,-0.63216233,-0.1477489,-0.45753384,-0.16981295,-0.39230853
0.0,0.0,0.260648,0.04949315,0.55823916,-0.1574743,0.64227074,-0.43506122,0.50264573,-0.6104049,0.5292002,-0.8954113,0.43340614,-0.727223,0.4025354,-0.4699347,0.42852628,-0.4394703,0.3367078,-1.0,0.21339098,-0.6933661,0.23155464,-0.402655,0.2859737,-0.4172773,0.13194637,-0.986465,0.022650154,-0.65581656,0.067415155,-0.40436935,0.120834,-0.41565895,-0.06423532,-0.92330045,-0.12860435,-0.6384177,-0.07855591,-0.42409953,-0.021451987,-0.41377056
0.0,0.0,0.41535842,0.078600034,0.81104094,0.23413146,1.0,0.3610395,0.9485526,0.39176294,0.67990077,-0.10889172,0.71342415,0.6920339,0.63829786,0.64863557,0.6227141,0.4067452,0.3852023,-0.1355476,0.45432615,0.7395335,0.41909844,0.61631393,0.45162845,0.37359485,0.12154657,-0.08083156,0.1991376,0.7222217,0.17970249,0.59274006,0.21151383,0.3781897,-0.089360364,0.021246482,0.0005832097,0.6543402,0.045397118,0.61714405,0.083240114,0.46387866
0.0,0.0,-0.32900825,0.08016801,-0.60762566,0.30766758,-0.64508235,0.6990775,-0.49305117,1.0,-0.4856064,-0.5660025,-0.6019356,0.334594,-0.55326456,0.3069834,-0.50437737,0.03797597,-0.15066367,-0.5649307,-0.29009572,0.52922297,-0.27190462,0.34977874,-0.2454308,0.005244999,0.1681255,-0.4155945,-0.0044109793,0.6236409,-0.025238052,0.42831275,-0.009031016,0.10664096,0.42919362,-0.20734785,0.24927515,0.5963326,0.22832918,0.43178716,0.25250956,0.10346532
0.0,0.0,-0.2853786,0.19432719,-0.47551107,0.4492499,-0.39192533,0.7898783,-0.13027671,1.0,-0.5398107,-0.420596,-0.61801386,0.5226865,-0.48471758,0.5736052,-0.42489138,0.3225409,-0.22751467,-0.4992075,-0.27186465,0.66780925,-0.18072729,0.564167,-0.16448556,0.24388748,0.091303565,-0.41517818,0.013699002,0.6844875,0.037485264,0.5231326,0.03185723,0.2141152,0.3606862,-0.24425705,0.29370338,0.58048606,0.29130766,0.44369182,0.2891838,0.15180275
0.0,0.0,0.25631517,0.04789187,0.53211796,-0.010770338,0.6505023,-0.1810997,0.5415993,-0.34723234,0.56408113,-0.86316365,0.4785662,-0.6845871,0.42355257,-0.41639686,0.42655078,-0.32039532,0.3548315,-0.989662,0.23787299,-0.6822854,0.2218578,-0.39513487,0.25243714,-0.34813213,0.13491136,-1.0,0.0313694,-0.6758743,0.0493793,-0.41639376,0.08540822,-0.36805677,-0.06586518,-0.93692386,-0.12974553,-0.69760835,-0.10416615,-0.47358784,-0.06843494,-0.40768713
0.0,0.0,0.24021488,-0.06867009,0.40280667,-0.48839664,0.38662487,-0.86391217,0.24211855,-1.0,0.19216554,-0.6831768,0.21607605,-0.8526508,0.24953027,-0.61484396,0.23244467,-0.55138606,0.035019126,-0.6499386,0.067725,-0.80086666,0.124994904,-0.49986076,0.09306602,-0.48940918,-0.09886862,-0.5758856,-0.07026961,-0.7284072,0.0023919316,-0.45481008,-0.03194457,-0.40363687,-0.24362648,-0.4942211,-0.19755188,-0.58928025,-0.13919938,-0.4016878,-0.16838413,-0.34661567
0.0,0.0,-0.35791653,0.14788234,-0.6228714,0.4563309,-0.54860526,0.820363,-0.24909575,1.0,-0.5339998,-0.44444558,-0.51053935,0.53533244,-0.5172466,0.58849907,-0.5168746,0.36770675,-0.15946902,-0.46422538,-0.16291799,0.64503574,-0.23072886,0.5265272,-0.26752636,0.21892476,0.19059919,-0.3347681,0.13449733,0.7444245,0.02480738,0.60801715,-0.018421363,0.30667794,0.4685158,-0.13045707,0.37493053,0.7102636,0.2634478,0.59470785,0.22080526,0.3152103
0.0,0.0,0.37075216,0.20099962,0.69897395,0.31681216,0.90768033,0.3282734,1.0,0.24389121,0.89977187,-0.761596,0.72354555,0.02211662,0.64237916,0.10571841,0.65419173,-0.043816186,0.5651741,-0.9108688,0.39336902,0.101432405,0.36986694,0.14145881,0.38986787,-0.019475745,0.2214942,-0.8791149,0.0957918,0.06357704,0.115531206,0.119522214,0.15232438,-0.014923017,-0.099680774,-0.7546404,-0.11697347,-0.035298847,-0.06100591,0.030413888,-0.0014547432,-0.088943385
0.0,0.0,-0.3109645,-0.13785675,-0.5125029,-0.4553768,-0.55284107,-0.79239094,-0.4422944,-0.94858956,-0.16030863,-0.7823761,-0.3674818,-1.0,-0.40355143,-0.7980817,-0.34226927,-0.64378375,0.011887096,-0.7987976,-0.21306135,-0.98724645,-0.26522228,-0.8367934,-0.21310446,-0.71568227,0.12701492,-0.7552716,-0.06632193,-0.9573422,-0.12861991,-0.83695614,-0.089028776,-0.7182629,0.20002332,-0.6891139,0.036993627,-0.86784065,-0.018700501,-0.7643568,0.019108772,-0.65359706
0.0,0.0,0.23195025,-0.12676375,0.4093766,-0.43624553,0.48434958,-0.71123177,0.44230255,-0.9403837,0.24285951,-0.74937236,0.32483423,-0.9570615,0.3610548,-0.71606094,0.33147466,-0.5879609,0.104509816,-0.7706086,0.20845257,-0.97514874,0.23493981,-0.6784024,0.16543573,-0.56979185,-0.047024596,-0.75552243,0.050052166,-1.0,0.0891112,-0.7008359,0.028552856,-0.5745198,-0.21831504,-0.701274,-0.090578966,-0.8957869,-0.041837793,-0.68705994,-0.08565543,-0.56385124
0.0,0.0,0.13447703,-0.3007598,0.15944518,-0.6032872,0.06331712,-0.7811791,-0.07148807,-0.83194804,0.19493464,-0.87298506,-0.07601552,-1.0,-0.10921331,-0.84816253,-0.057526037,-0.7576999,0.10460049,-0.8755044,-0.1939566,-0.9617956,-0.200666,-0.7991223,-0.13480212,-0.7099689,-0.00879443,-0.82759106,-0.28708208,-0.89909506,-0.28025964,-0.730737,-0.20631735,-0.6518712,-0.12653042,-0.7454207,-0.34194395,-0.75642526,-0.32558462,-0.6115533,-0.2604073,-0.5480498
0.0,0.0,0.25581914,-0.19022566,0.43745884,-0.5063425,0.44195205,-0.8287015,0.32731476,-1.0,0.17371394,-0.74604154,0.23046197,-0.9401206,0.26404268,-0.7015706,0.21868944,-0.64398086,0.022878524,-0.7211681,0.07603766,-0.944015,0.1299578,-0.64301246,0.069111854,-0.5987434,-0.11934047,-0.6479164,-0.07095801,-0.85425144,-0.00095329626,-0.5746811,-0.06266012,-0.5236182,-0.28428245,-0.5421913,-0.22288027,-0.70450485,-0.14675137,-0.5344887,-0.18889838,-0.47768986
0.0,0.0,0.25884143,0.21740124,0.72238475,0.13958588,1.0,-0.13067183,0.96101165,-0.43507558,0.8441291,-0.54734784,0.79305637,-0.62561065,0.6391811,-0.26997608,0.6078167,-0.16075423,0.6761553,-0.76966494,0.564555,-0.7106608,0.45174462,-0.29154554,0.47054508,-0.22932512,0.4668468,-0.87612855,0.32759032,-0.6960128,0.25531608,-0.31922814,0.28038418,-0.26382637,0.2466237,-0.92988193,0.12561494,-0.67998993,0.08282712,-0.3931026,0.1241145,-0.34035057
0.0,0.0,-0.38494107,0.1572977,-0.7288302,0.46204275,-0.80059844,0.82620597,-0.4756589,1.0,-0.65342355,-0.6852959,-0.7259348,0.45233628,-0.6048248,0.53075707,-0.5291569,0.21115102,-0.25135508,-0.69386226,-0.35627168,0.67949903,-0.28005227,0.57259715,-0.26130417,0.16547094,0.13495746,-0.53528917,0.013515368,0.7724282,0.005365977,0.63052315,-0.010687541,0.24427027,0.457687,-0.2955049,0.31207183,0.7188626,0.28924438,0.5852514,0.282495,0.22678097
0.0,0.0,0.28326052,0.122299485,0.5656227,0.061077543,0.7242641,-0.09205229,0.829628,-0.2883724,0.6511868,-0.8061763,0.5014537,-0.39986226,0.44392022,-0.1837131,0.4782832,-0.22017057,0.424342,-0.9636046,0.2511982,-0.40793476,0.23361847,-0.18215695,0.28340396,-0.22886208,0.19055794,-1.0,0.046674408,-0.43374753,0.061964165,-0.23292457,0.11791201,-0.2940119,-0.019731103,-0.9495442,-0.112226866,-0.49746475,-0.09403008,-0.30946553,-0.04820701,-0.33772206
0.0,0.0,0.29672256,0.1012979,0.594929,0.05778678,0.7204091,-0.14339039,0.55011624,-0.2517593,0.5508992,-0.792102,0.5419982,-0.73756313,0.44627112,-0.42594358,0.37815005,-0.26707155,0.3488525,-0.9544814,0.22932065,-0.71488464,0.20428117,-0.41489664,0.21122561,-0.32722574,0.15233308,-1.0,0.03852272,-0.7172101,0.047937408,-0.47604772,0.07283009,-0.41304198,-0.023181418,-0.9824452,-0.10554504,-0.75778157,-0.094136894,-0.54138446,-0.061419956,-0.45644614
0.0,0.0,0.2925546,0.21176921,0.7673802,0.060586024,1.0,-0.28572303,0.9043458,-0.5961266,0.8330869,-0.72294396,0.75300276,-0.7068055,0.63535374,-0.3266337,0.6105457,-0.23671757,0.6485261,-0.92217183,0.51421267,-0.7633109,0.42887378,-0.3121985,0.44682524,-0.28881007,0.42666158,-0.9856837,0.28469583,-0.7377263,0.23424418,-0.3243556,0.25175384,-0.29106086,0.1889889,-0.99245775,0.07231574,-0.675634,0.056909207,-0.3677614,0.100754246,-0.33579376
0.0,0.0,0.29400843,0.06399206,0.61522967,-0.12293649,0.8191807,-0.35564867,1.0,-0.50854445,0.6006068,-0.8265197,0.49620762,-0.6156492,0.42011812,-0.3316785,0.41874352,-0.2924065,0.39842224,-0.9691242,0.2687552,-0.6418552,0.24148361,-0.3178049,0.27457377,-0.28433457,0.18911697,-0.986319,0.07557206,-0.6413107,0.088508844,-0.3378547,0.13534102,-0.292952,-0.0053346073,-0.9394688,-0.07586119,-0.66730136,-0.050054114,-0.40910307,-0.003416918,-0.3396883
0.0,0.0,0.23064843,-0.15890896,0.40074328,-0.43348157,0.475297,-0.6660474,0.4728887,-0.8735095,0.17548124,-0.79492444,0.2744577,-1.0,0.3512573,-0.8609666,0.3537812,-0.73247397,0.058388755,-0.80970603,0.18227664,-0.9972333,0.23436555,-0.7662208,0.19312738,-0.6257119,-0.0815078,-0.7884587,0.045698773,-0.9971411,0.10119291,-0.75765014,0.06327686,-0.60905683,-0.25511426,-0.7305245,-0.12077541,-0.8959337,-0.051610462,-0.71879274,-0.07236736,-0.5849819
0.0,0.0,-0.26851285,-0.13228919,-0.42068678,-0.44844043,-0.36270586,-0.72404474,-0.20551115,-0.7408486,-0.14710222,-0.7297191,-0.14714433,-1.0,-0.19108073,-0.72331214,-0.17607877,-0.6144946,0.00075716426,-0.69412833,-0.003559917,-0.9369223,-0.06477928,-0.6066557,-0.026097637,-0.5515942,0.14115952,-0.647067,0.14446643,-0.8903659,0.06695009,-0.584239,0.10462341,-0.51003855,0.2931207,-0.5744142,0.28113642,-0.7638918,0.20635729,-0.5693233,0.22856732,-0.4886472
0.0,0.0,0.35738072,0.10969795,0.6780186,0.20283546,0.88291276,0.33926678,1.0,0.52265805,0.7863891,-0.39233175,0.7852051,0.43837422,0.6347401,0.44233915,0.58951277,0.2354551,0.49963528,-0.50694233,0.4995094,0.46171802,0.39458805,0.37436593,0.3888347,0.13867319,0.20861468,-0.48600242,0.21465397,0.40132278,0.15312251,0.31745538,0.15327151,0.11402584,-0.062148184,-0.4047095,-0.009726959,0.26255217,-0.0028192603,0.2063469,0.0067689186,0.018181112
0.0,0.0,0.07554747,-0.29990202,0.08597726,-0.57666314,0.100686125,-0.7942181,0.08403135,-1.0,-0.26797405,-0.7011439,-0.08498258,-0.8759889,0.010592064,-0.7024057,0.0035957578,-0.58983815,-0.34740758,-0.63480514,-0.1282898,-0.8155161,-0.03031828,-0.60153764,-0.059781328,-0.48210856,-0.40354902,-0.5327874,-0.18245466,-0.7115277,-0.095446825,-0.50586164,-0.13805321,-0.3911973,-0.44463295,-0.39564547,-0.259098,-0.5739021,-0.18375632,-0.44263032,-0.22316729,-0.3355146
0.0,0.0,-0.40256855,0.06965116,-0.71864337,0.2661891,-0.8503084,0.6137269,-0.8931383,1.0,-0.81523234,-0.6348789,-0.8449964,0.15894458,-0.8389504,0.5560857,-0.9076317,0.61150706,-0.44028342,-0.70774364,-0.46687776,0.42024168,-0.5391444,0.78247935,-0.6668463,0.79434115,-0.07356829,-0.6156067,-0.15467069,0.5414609,-0.26751903,0.8107165,-0.40314835,0.78729975,0.23778546,-0.44154096,0.19466649,0.4713636,0.10668082,0.6687327,0.015540361,0.6432769
0.0,0.0,0.35594103,0.19907835,0.7603361,0.24625511,0.9910398,0.17643946,0.89446807,-0.039941423,0.83638465,-0.7459071,0.6293422,-0.10629384,0.5471179,0.0989939,0.580014,0.0013678058,0.52424085,-0.9654834,0.2704727,-0.0039395266,0.2643022,0.11945342,0.3233024,-0.06254207,0.20486724,-1.0,-0.0036565627,-0.090932496,0.031964384,-0.011802762,0.10106208,-0.20864683,-0.09006131,-0.9427903,-0.21328323,-0.24088275,-0.17081314,-0.14503838,-0.108249106,-0.29133075
0.0,0.0,0.32796937,0.05077115,0.58367586,0.32874498,0.69754374,0.70062745,0.71699876,1.0,0.46897674,0.10620547,0.4674587,0.67775553,0.4169561,0.7564814,0.3929643,0.7224759,0.23534541,0.08984588,0.26005122,0.7537124,0.24068062,0.6763777,0.241381,0.48527572,0.041634172,0.12665127,0.08222311,0.71501666,0.072288886,0.6111163,0.081113696,0.42915848,-0.11728507,0.17754285,-0.0721129,0.64083356,-0.078881435,0.56323594,-0.08078767,0.38644725
0.0,0.0,-0.368032,0.054602597,-0.7120945,0.20762983,-0.90885013,0.48641545,-1.0,0.7105579,-0.5362377,-0.62977403,-0.5498066,0.53339183,-0.5382082,0.7325938,-0.5217345,0.575097,-0.09066131,-0.6409029,-0.10101143,0.6437117,-0.18757765,0.59874517,-0.23604068,0.30843037,0.30044708,-0.49940306,0.21734013,0.7045739,0.09934318,0.61971927,0.052402914,0.31534532,0.60426676,-0.29752094,0.50252765,0.5985155,0.39762416,0.5545857,0.36159146,0.30644116
0.0,0.0,0.27481782,0.18518943,0.70173496,0.13187148,0.92168117,-0.13146879,0.85240144,-0.42046684,0.8122296,-0.67914075,0.6993577,-0.5701229,0.58290607,-0.242207,0.5756406,-0.15348677,0.6343833,-0.8858334,0.46366054,-0.6499141,0.37825954,-0.26268223,0.4036893,-0.21832196,0.4169721,-0.9703643,0.24830846,-0.7048769,0.20023845,-0.32625407,0.22102691,-0.24991857,0.18784559,-1.0,0.06790705,-0.7489916,0.042200636,-0.44944012,0.06845627,-0.3652893
0.0,0.0,-0.24388024,-0.08477187,-0.4265862,-0.38283968,-0.44690323,-0.7089828,-0.38338012,-0.9309313,-0.31057397,-0.69713306,-0.34486872,-1.0,-0.34266138,-0.7437357,-0.32610464,-0.5701038,-0.14429854,-0.684891,-0.16969854,-0.950778,-0.18143274,-0.67330426,-0.17217128,-0.51906395,0.014173711,-0.6313475,-0.021166062,-0.85277164,-0.034855124,-0.5876664,-0.02900912,-0.45307577,0.17335682,-0.5404662,0.12608753,-0.73447984,0.097600594,-0.5335991,0.09924853,-0.41517192
0.0,0.0,-0.27965894,-0.10762201,-0.50056386,-0.3589971,-0.5568079,-0.62793595,-0.45794567,-0.7308324,-0.35698926,-0.73421127,-0.40567,-1.0,-0.39999458,-0.72415537,-0.37415576,-0.58545727,-0.20823947,-0.7564131,-0.2517156,-0.99770993,-0.24806829,-0.6848205,-0.21845032,-0.58113337,-0.05989247,-0.7517188,-0.09969645,-0.97506595,-0.10319549,-0.6769941,-0.0787699,-0.56188387,0.1016573,-0.7119059,0.05259823,-0.9209236,0.03474078,-0.7125628,0.051594686,-0.6010982
0.0,0.0,-0.46491385,0.06687975,-0.82998544,0.30014262,-1.0,0.6224807,-0.8053267,0.8414134,-0.6233446,-0.65436685,-0.8004271,0.41464308,-0.66800016,0.5107061,-0.57493633,0.246287,-0.2274469,-0.57261425,-0.47902322,0.70042086,-0.38620132,0.616931,-0.32827422,0.2674259,0.13278683,-0.34191945,-0.12858763,0.8678091,-0.104749404,0.7386461,-0.07360182,0.39932504,0.42433727,-0.058993395,0.20231935,0.8797269,0.18298669,0.7659144,0.18983543,0.4622562
0.0,0.0,-0.25439388,-0.13749352,-0.40717906,-0.4338963,-0.37368235,-0.71077716,-0.2437961,-0.7879917,-0.19971956,-0.7239715,-0.2149181,-1.0,-0.2479947,-0.7461991,-0.23035742,-0.63023776,-0.050385542,-0.69473153,-0.07040144,-0.9428115,-0.12116235,-0.6568083,-0.08733241,-0.5935872,0.08765878,-0.64616466,0.06656807,-0.86616313,0.0039160186,-0.59575284,0.034951784,-0.5226766,0.23529401,-0.5753573,0.20333798,-0.77344817,0.13563891,-0.58984447,0.15268618,-0.499091
0.0,0.0,-0.37989622,0.030141857,-0.735444,0.2050793,-0.72778094,0.58139855,-0.5016592,0.78323406,-0.5710391,-0.90554047,-0.547228,-0.08065263,-0.5668438,0.14295237,-0.61331725,0.14283569,-0.11252893,-0.9421846,-0.1540413,0.44367728,-0.3284272,0.8908386,-0.4599109,1.0,0.30282497,-0.7846113,0.17971402,0.55743027,0.028991465,0.7850358,-0.0715583,0.70795405,0.6377473,-0.544852,0.51017547,0.4478083,0.37033588,0.6228815,0.2863374,0.54275084
0.0,0.0,0.30745456,0.0779016,0.5852227,0.016680067,0.7710844,-0.08804442,0.8654596,-0.25389162,0.6471639,-0.8431142,0.6840394,-0.5839177,0.5951016,-0.3159072,0.5431853,-0.23073353,0.4494655,-0.9806701,0.46185634,-0.57192236,0.38164335,-0.30283925,0.34982395,-0.29343468,0.23463383,-1.0,0.25417793,-0.5471214,0.20353997,-0.33329487,0.18423724,-0.37166548,0.032212455,-0.947932,0.06636921,-0.57033837,0.053766627,-0.38991815,0.042825118,-0.41562605
0.0,0.0,-0.2550266,-0.24119045,-0.36877054,-0.5482116,-0.4137518,-0.7739483,-0.445952,-0.94239366,-0.12465942,-1.0,-0.4907561,-0.93371314,-0.44132507,-0.7086866,-0.32784212,-0.68213385,-0.073423386,-0.9723432,-0.4950124,-0.82463425,-0.42182398,-0.61091393,-0.3038348,-0.5995402,-0.06108407,-0.8764996,-0.45132682,-0.7239409,-0.38809937,-0.5251342,-0.28600743,-0.50906336,-0.075054064,-0.73472023,-0.3752244,-0.5880586,-0.32190767,-0.44173872,-0.22256207,-0.42814735
0.0,0.0,0.21783066,-0.09376698,0.41056997,-0.39028963,0.50130916,-0.65702456,0.463776,-0.88437,0.2523328,-0.7658114,0.33752498,-0.94072336,0.3812646,-0.716473,0.37618527,-0.5719578,0.123076506,-0.78975683,0.225042,-0.9739197,0.27746674,-0.701053,0.26079607,-0.5753826,-0.026131762,-0.7693394,0.049321834,-1.0,0.12838213,-0.7480911,0.12678438,-0.6169677,-0.1915856,-0.7062553,-0.09997074,-0.8792314,-0.018227596,-0.7116599,-0.01158838,-0.594174
0.0,0.0,-0.32766467,0.1980429,-0.5930718,0.40861163,-0.79892945,0.6394845,-1.0,0.8195346,-0.5712125,-0.21120696,-0.6006159,0.47147983,-0.5594255,0.4940165,-0.5626586,0.33082032,-0.31539726,-0.246734,-0.35460976,0.5389376,-0.35001597,0.48688054,-0.37591532,0.29102752,-0.07056805,-0.18674767,-0.121931724,0.55409986,-0.14516427,0.49259615,-0.16915236,0.3228991,0.1375161,-0.07690969,0.09068511,0.49925378,0.055036746,0.4896797,0.02858887,0.37781018
0.0,0.0,0.048607502,-0.32288456,0.019760184,-0.5791061,0.0026514346,-0.7648206,-0.03981324,-0.9161445,-0.38619998,-0.72379076,-0.11375664,-0.97418374,-0.02078232,-0.7871301,-0.045166172,-0.60787165,-0.42140123,-0.7178724,-0.09816261,-1.0,-0.013775334,-0.757415,-0.05138938,-0.5597695,-0.4123252,-0.6986529,-0.09294039,-0.95390683,-0.026549669,-0.70189255,-0.0813929,-0.5307831,-0.36962077,-0.64891255,-0.12193623,-0.8565258,-0.06822723,-0.67496717,-0.12145729,-0.536274
0.0,0.0,0.24553992,-0.11708878,0.41040707,-0.4231484,0.48121434,-0.7008071,0.43553156,-0.91899014,0.26211143,-0.72276497,0.35540852,-0.916657,0.36938184,-0.67961514,0.32079074,-0.5172569,0.13039571,-0.75479794,0.2412274,-0.9555484,0.25876573,-0.6798719,0.19468352,-0.55315816,-0.016174048,-0.7492285,0.08273776,-1.0,0.11979054,-0.73078567,0.06407504,-0.60295695,-0.17879744,-0.7026821,-0.052644666,-0.8963275,-0.011508991,-0.70847994,-0.057161532,-0.59438556
0.0,0.0,-0.51632416,0.09802879,-0.84502226,0.32581383,-0.9218674,0.704715,-0.82965416,1.0,-0.87560403,-0.4733698,-0.98647094,0.45582366,-0.98607713,0.8178065,-0.9603377,0.9865797,-0.535787,-0.4867952,-0.58430713,0.6853768,-0.5770772,0.64489305,-0.6111621,0.4386619,-0.18515438,-0.37886655,-0.24982458,0.75598645,-0.26820537,0.6114743,-0.29259062,0.3693664,0.12986477,-0.19325334,0.060943753,0.65919495,0.025400663,0.5063628,-0.00015902949,0.2215168
0.0,0.0,-0.4254239,0.14248312,-0.82228214,0.38284278,-1.0,0.6668652,-0.83496183,0.7726698,-0.7880974,-0.7876555,-0.84666485,0.26516142,-0.76813006,0.26567087,-0.7366645,-0.039676495,-0.36056355,-0.79964113,-0.45069343,0.5108344,-0.4296802,0.32361445,-0.451224,-0.06901921,0.05536468,-0.6409131,-0.07860056,0.6279347,-0.10619428,0.3991877,-0.13613799,0.010685925,0.4062207,-0.38879406,0.25509235,0.56594616,0.22657894,0.37747544,0.21597987,0.018847538
0.0,0.0,0.2923725,0.07986335,0.6429116,-0.06419095,0.83652717,-0.3090694,0.8271266,-0.5691407,0.6777775,-0.784194,0.61468077,-0.6566567,0.507705,-0.3468031,0.47910094,-0.27961907,0.48894387,-0.9492918,0.37299076,-0.70360476,0.3174452,-0.35488188,0.3320883,-0.2989493,0.28182945,-1.0,0.15935728,-0.69176143,0.15155174,-0.36008784,0.18670845,-0.2907202,0.08390215,-0.98992366,-0.0012765516,-0.7205792,0.00082806946,-0.4541433,0.038070448,-0.37761006
0.0,0.0,-0.40445456,0.0518784,-0.7955701,0.2908441,-0.8154342,0.74088997,-0.5508613,0.9928536,-0.62591106,-0.7842793,-0.64570296,0.13407184,-0.6369832,0.3672603,-0.6657202,0.28447095,-0.1749739,-0.812657,-0.25199413,0.60825914,-0.37850937,1.0,-0.49105662,0.9966579,0.24116474,-0.65189177,0.08780504,0.68209344,-0.02892258,0.7989908,-0.115869805,0.5954222,0.55696607,-0.4150764,0.41360167,0.5922393,0.31949124,0.661139,0.27276164,0.46137533
0.0,0.0,-0.26657718,-0.015122643,-0.492274,-0.36238587,-0.47315896,-0.7190879,-0.30838606,-0.729007,-0.2806681,-0.71046394,-0.2945483,-1.0,-0.2944843,-0.6907304,-0.28330654,-0.5731166,-0.11224444,-0.69695956,-0.13713227,-0.9335446,-0.1525782,-0.582266,-0.14813378,-0.5372517,0.04210735,-0.6731383,0.028026497,-0.9063245,-0.0021698815,-0.5654999,0.008228936,-0.508293,0.20127071,-0.6462203,0.18320215,-0.8040402,0.152133,-0.55890256,0.16605958,-0.48942012
0.0,0.0,-0.37487286,0.09904105,-0.7532495,0.17012872,-0.945184,0.2074943,-1.0,0.10780957,-0.5838265,-0.6164118,-0.5305178,0.32211927,-0.5355705,0.31412092,-0.53601366,0.040507827,-0.20071109,-0.6802019,-0.14948077,0.488513,-0.22521493,0.32460105,-0.2729171,-0.01798566,0.15293786,-0.6032348,0.13940391,0.51365215,0.06852277,0.3434109,0.042717308,0.0049140337,0.43516806,-0.45341456,0.37835848,0.41519877,0.31860453,0.30337378,0.29926884,-0.009461733
0.0,0.0,0.22827768,-0.07506867,0.42938852,-0.38872963,0.5298985,-0.68471944,0.48897696,-0.9134684,0.29481968,-0.7557207,0.3736484,-0.9741927,0.37999052,-0.72040415,0.3440103,-0.599169,0.150673,-0.7811893,0.22073291,-0.9966495,0.23693717,-0.7040949,0.1856321,-0.6172777,-0.0009444711,-0.75673157,0.056928225,-1.0,0.09086917,-0.72320014,0.044049073,-0.6402281,-0.16844177,-0.6955681,-0.085466765,-0.86694247,-0.046940718,-0.6869059,-0.085111134,-0.61195636
0.0,0.0,-0.2765373,-0.0885984,-0.50799173,-0.37188956,-0.57366794,-0.633677,-0.5014682,-0.80074525,-0.34954956,-0.8243084,-0.44251096,-1.0,-0.39183387,-0.6876502,-0.3462658,-0.62797344,-0.18306592,-0.8573357,-0.26829627,-0.9458995,-0.23695119,-0.5861323,-0.19839376,-0.5900533,-0.02097328,-0.839073,-0.09204021,-0.9032256,-0.08849846,-0.5590861,-0.045429915,-0.5577907,0.14097576,-0.78493905,0.06146611,-0.8090034,0.036047347,-0.56913096,0.064712845,-0.5497748
0.0,0.0,0.24964061,0.050236948,0.54758894,-0.07164907,0.64774936,-0.2897115,0.5090974,-0.47214666,0.5306738,-0.8894837,0.45054024,-0.6442658,0.41496715,-0.3748404,0.4337156,-0.3475515,0.31582123,-1.0,0.22709505,-0.60743695,0.22796212,-0.30601558,0.27117935,-0.33770937,0.09261877,-0.9827968,0.024944609,-0.5763888,0.056343947,-0.33132648,0.0962564,-0.36356878,-0.115420915,-0.9077963,-0.1464485,-0.5755525,-0.10256893,-0.3639527,-0.057097837,-0.35996035
0.0,0.0,-0.44952574,0.089037605,-0.9193565,0.33234268,-1.0,0.7477381,-0.61271936,0.9962428,-0.6413143,-0.99930334,-0.7834753,0.20444503,-0.7746821,0.19895828,-0.73972756,-0.14187318,-0.14348002,-0.9923236,-0.33906862,0.6079321,-0.34148175,0.38170117,-0.29402614,-0.084203035,0.314406,-0.76376456,0.074143864,0.7399488,0.027937666,0.4544735,0.056023035,-0.03344425,0.685257,-0.43921337,0.42286116,0.6578098,0.38588545,0.41401684,0.43325472,-0.06464481
0.0,0.0,0.32460257,0.23232888,0.6906293,0.27902982,0.8933345,0.19771363,0.86143464,-0.08726009,0.7775306,-0.7437321,0.56885576,-0.07178687,0.48561278,0.04792649,0.5188295,-0.09532012,0.46786818,-0.95490944,0.2601245,-0.08740466,0.24894314,-0.037452027,0.29362774,-0.21359478,0.16127686,-1.0,-0.021120133,-0.1719625,0.005629553,-0.14423457,0.062324394,-0.35937637,-0.11826199,-0.94948,-0.22459577,-0.3192841,-0.17925186,-0.2655242,-0.115732916,-0.44506675
0.0,0.0,-0.050414003,-0.26004255,-0.056047298,-0.5681894,-0.088230655,-0.73935026,-0.15418302,-0.8415093,0.12923582,-0.8579737,-0.20133346,-0.9981174,-0.21651977,-0.80126977,-0.1306522,-0.7080642,0.10011649,-0.86077154,-0.25795105,-1.0,-0.2646787,-0.7850993,-0.18042284,-0.6987813,0.042875472,-0.8384155,-0.29257748,-0.9726344,-0.2992185,-0.74947846,-0.2122288,-0.6627525,-0.0275605,-0.7879582,-0.29820928,-0.84835917,-0.3016357,-0.67758405,-0.22165658,-0.6004967
0.0,0.0,-0.45100388,0.16194515,-0.79519117,0.43200532,-1.0,0.69835526,-0.8737902,0.80617243,-0.76760566,-0.55663747,-0.8371109,0.45842206,-0.7106457,0.50160736,-0.65940285,0.21797755,-0.38519755,-0.5745972,-0.48237497,0.6581831,-0.41957897,0.53610545,-0.41883716,0.18784887,-0.018048897,-0.43867493,-0.14210117,0.7189977,-0.14458825,0.5657517,-0.1592916,0.24948682,0.28833047,-0.22931524,0.17289352,0.65962255,0.14120644,0.5324173,0.10135765,0.2383074
0.0,0.0,0.17557517,-0.122115195,0.29663187,-0.4613321,0.27978727,-0.766555,0.17779526,-0.91098744,0.36079752,-0.7933198,0.23048323,-1.0,0.15907508,-0.7854151,0.1609121,-0.65025336,0.23514381,-0.84162825,0.066179186,-0.9867055,0.03253203,-0.7379072,0.0575716,-0.6246169,0.10496517,-0.8299759,-0.037198104,-0.9408666,-0.05026169,-0.71027565,-0.023231523,-0.5961558,-0.014163204,-0.79093677,-0.11417691,-0.8594141,-0.11433426,-0.6936737,-0.075331405,-0.5966416
0.0,0.0,0.28794825,0.19497387,0.72057736,0.19901688,0.9927113,-0.008574922,1.0,-0.29410252,0.74519175,-0.32582983,0.94617933,-0.48496065,0.7773301,-0.21393694,0.6552331,-0.09227428,0.5965815,-0.49620965,0.79986316,-0.63421685,0.60604286,-0.28818527,0.47846043,-0.16285351,0.42703572,-0.6204447,0.57519346,-0.6881637,0.41192108,-0.32755935,0.31420574,-0.20764187,0.22906841,-0.7270739,0.3535274,-0.7188647,0.25693515,-0.44363135,0.18593332,-0.34492743
0.0,0.0,-0.47182083,0.13370961,-0.87663525,0.3789643,-1.0,0.68472654,-0.705624,0.84658766,-0.8211639,-0.6995153,-0.922611,0.3218774,-0.78804815,0.39516798,-0.7271685,0.11904958,-0.42850247,-0.7229997,-0.5485225,0.5532258,-0.478638,0.45740065,-0.45936817,0.11053997,-0.045955118,-0.5852776,-0.17512582,0.61970776,-0.19180465,0.47326392,-0.21124995,0.12453427,0.27346253,-0.36279485,0.14254655,0.5770747,0.1360507,0.43226048,0.13753852,0.08748699
0.0,0.0,-0.45007935,0.09608677,-0.8151688,0.30994877,-0.92151415,0.6292091,-0.71034193,0.8354933,-0.5126695,-0.48079935,-0.65717083,0.5383321,-0.57853633,0.55274016,-0.53527683,0.27212077,-0.1340746,-0.39455146,-0.3378383,0.85217017,-0.28521782,0.68317795,-0.26716262,0.3163709,0.20342037,-0.17807662,-0.028316906,0.9955805,-0.045583263,0.7766995,-0.053729955,0.41094637,0.46963432,0.08827547,0.2762426,1.0,0.2571492,0.81950504,0.2600655,0.47866702
0.0,0.0,0.41366404,0.32758567,0.7661739,0.6310325,0.984836,0.75864136,1.0,0.65238756,0.9940149,-0.50592214,0.69233656,0.5186607,0.63716656,0.5419348,0.66897994,0.32696655,0.5849428,-0.6909151,0.31060466,0.5785553,0.3552105,0.48614475,0.4149476,0.2207134,0.17195836,-0.66286856,-0.020405611,0.5360272,0.05417144,0.45397142,0.12787966,0.20145373,-0.20753646,-0.53159803,-0.26074806,0.436627,-0.15978187,0.39895666,-0.07399258,0.1848714
0.0,0.0,-0.36099723,0.17279321,-0.62928545,0.51092225,-0.5174629,0.8682023,-0.15450606,1.0,-0.4893983,-0.4963586,-0.4767218,0.5017848,-0.5163509,0.5218743,-0.52680445,0.2856079,-0.09362664,-0.51831895,-0.1088698,0.64887446,-0.18588933,0.5062179,-0.219465,0.1790592,0.26303363,-0.3725499,0.17918052,0.76460147,0.07052177,0.6086378,0.039571937,0.30089495,0.5432671,-0.14878839,0.42056397,0.7084116,0.30254838,0.5910745,0.2671196,0.32392043
0.0,0.0,-0.17631073,-0.2749348,-0.21831103,-0.56368816,-0.13963963,-0.79450953,-0.021964172,-0.88614416,-0.2219771,-0.8132859,0.019443871,-1.0,0.058357865,-0.88722247,0.01669779,-0.7983365,-0.080921754,-0.7783224,0.15252326,-0.93884826,0.1685834,-0.8079527,0.114838816,-0.71645814,0.07386418,-0.6995761,0.2458338,-0.7976483,0.24498789,-0.6800678,0.19601932,-0.5968367,0.22074911,-0.59212154,0.3158333,-0.6643932,0.29633668,-0.5568667,0.25833315,-0.48648393
0.0,0.0,-0.41725734,0.13908966,-0.83467,0.45790875,-0.90696216,0.83246213,-0.5905773,1.0,-0.6833322,-0.9146567,-0.7748417,0.2790647,-0.75671166,0.21057414,-0.722143,-0.15909751,-0.16719006,-0.9512549,-0.28165254,0.6170151,-0.29549333,0.36572632,-0.26397574,-0.122243285,0.30908895,-0.7573779,0.13334365,0.7328966,0.08491421,0.4507193,0.104600854,-0.037933744,0.6995295,-0.46123886,0.47191596,0.67042834,0.4145563,0.45066217,0.43750092,-0.013703767
0.0,0.0,-0.3403165,0.08351615,-0.6233189,0.16927795,-0.8363253,0.25350302,-1.0,0.2970395,-0.56544274,-0.4085479,-0.6524349,0.30199906,-0.5672717,0.30818132,-0.51493645,0.12874158,-0.2965522,-0.4195478,-0.38773522,0.41609314,-0.33901542,0.31463763,-0.31991562,0.07575362,-0.030682765,-0.33305657,-0.13078268,0.45159423,-0.11871491,0.31664035,-0.10369936,0.10095565,0.20766373,-0.20312507,0.11957887,0.38160247,0.10924044,0.2747893,0.11096168,0.06525979
0.0,0.0,0.3431696,0.18552132,0.7353401,0.22732954,0.96880955,0.15917256,0.84780484,-0.026307473,0.7901293,-0.7284428,0.5964326,-0.11475905,0.513245,0.07267696,0.53876954,-0.020776642,0.48847547,-0.9514757,0.25954327,-0.045988146,0.25346762,0.061776254,0.3071617,-0.10603428,0.18278246,-1.0,-0.0073443837,-0.13659374,0.025804574,-0.07305197,0.09224344,-0.26701197,-0.099404946,-0.95518494,-0.20587365,-0.2907706,-0.16763219,-0.20324391,-0.11110287,-0.3424716
0.0,0.0,0.3793473,0.018120484,0.708327,-0.06892528,0.85324544,-0.25421685,0.8083047,-0.45624238,0.8274377,-0.61484784,0.8459687,-0.73388565,0.8262666,-0.57248074,0.7981122,-0.38421237,0.6544747,-0.74647224,0.6532472,-0.95909876,0.6507869,-0.809434,0.6135402,-0.6119352,0.44143942,-0.8086664,0.45874885,-1.0,0.474327,-0.8558177,0.46196058,-0.6826424,0.2234724,-0.80909723,0.284313,-0.9109396,0.32321608,-0.7786344,0.34222573,-0.6312394
0.0,0.0,0.25262782,0.03782334,0.5375464,-0.07472891,0.66787755,-0.28622484,0.52469206,-0.43253934,0.5242976,-0.8756558,0.5327789,-0.84905773,0.46917748,-0.56046134,0.44051805,-0.4112052,0.3236337,-0.98822117,0.29789272,-0.8583888,0.26016334,-0.5159049,0.26811355,-0.39037016,0.113003835,-1.0,0.087446064,-0.79255706,0.092644915,-0.498024,0.11610305,-0.39034587,-0.07998516,-0.9500668,-0.08823671,-0.78228426,-0.06543077,-0.54506063,-0.034085132,-0.45060194
0.0,0.0,-0.33298278,0.06340021,-0.6571385,0.13849212,-0.8901936,0.18542212,-1.0,0.06799428,-0.59377736,-0.5294463,-0.695406,0.240409,-0.58766294,0.2958635,-0.5263233,0.09822067,-0.32656965,-0.53595746,-0.40903077,0.38805467,-0.33606547,0.31869164,-0.3126937,0.058861207,-0.057924964,-0.41782492,-0.13319725,0.46113032,-0.116321586,0.369499,-0.10824729,0.15076159,0.18182468,-0.23674639,0.11143219,0.43969065,0.09916475,0.3637413,0.09334946,0.15394245
0.0,0.0,-0.19528677,-0.21121107,-0.26765454,-0.5437222,-0.25213125,-0.78693753,-0.24104033,-0.9862331,-0.123265155,-0.8558421,-0.2921353,-1.0,-0.28866223,-0.75685644,-0.20738721,-0.6282049,-0.04488338,-0.86387855,-0.24107486,-0.99199563,-0.22629848,-0.7059313,-0.12790866,-0.58095723,0.05336217,-0.8736172,-0.16211481,-0.9781708,-0.15312031,-0.6947035,-0.05312266,-0.5820136,0.17119253,-0.8596762,-0.03619221,-0.94397175,-0.051705007,-0.7379671,0.031815644,-0.6324381
0.0,0.0,0.28300622,0.18901077,0.6998255,0.06624007,0.9165737,-0.20513906,0.8349175,-0.46591556,0.7992652,-0.69047827,0.7005967,-0.5867792,0.57587147,-0.27702373,0.5448121,-0.17173389,0.6197682,-0.8770066,0.48235708,-0.70462006,0.3895095,-0.33602223,0.37255016,-0.22395138,0.40997946,-0.96279174,0.27619117,-0.7820918,0.2180841,-0.41835192,0.20037621,-0.2760003,0.19627509,-1.0,0.11529409,-0.85782826,0.07143925,-0.5769303,0.06940534,-0.4410843
0.0,0.0,0.28062877,0.23900305,0.76667196,0.05967091,1.0,-0.30920553,0.9154534,-0.6343857,0.7935504,-0.6548414,0.7573693,-0.74363905,0.6344481,-0.35452932,0.60425955,-0.22031851,0.5971625,-0.8163701,0.54265106,-0.85866547,0.44120455,-0.36366594,0.4244104,-0.2295267,0.38704175,-0.8829863,0.3256499,-0.85521895,0.2514696,-0.37294996,0.23126704,-0.21293695,0.16463585,-0.9237409,0.13307226,-0.7958429,0.08613055,-0.44359428,0.09750926,-0.31250638
0.0,0.0,0.36690104,0.17743911,0.77099985,0.22443771,1.0,0.15559313,0.8798585,-0.021847762,0.8164248,-0.7839987,0.63247764,-0.12936342,0.5349828,0.092635915,0.53679764,0.01299372,0.5060387,-0.9817893,0.28304553,-0.021155732,0.25988823,0.10047712,0.29909942,-0.06968386,0.18949851,-0.9971583,0.007071989,-0.08807058,0.030449485,-0.0145196635,0.08298433,-0.20564184,-0.10428139,-0.919583,-0.20562176,-0.23271841,-0.17024107,-0.14911813,-0.12739664,-0.29814255
0.0,0.0,-0.31091645,-0.00045941208,-0.6356692,-0.21345705,-0.75924134,-0.5498863,-0.6964927,-0.8068055,-0.6226057,-0.66450894,-0.66784644,-0.9637263,-0.61167973,-0.74344116,-0.601205,-0.6324399,-0.45633766,-0.74159014,-0.48144126,-0.9879687,-0.41469935,-0.6657881,-0.43171096,-0.5522677,-0.2858474,-0.78067243,-0.30529982,-1.0,-0.25411525,-0.6808473,-0.27060983,-0.5538855,-0.10317188,-0.7756277,-0.14519587,-0.98107934,-0.11344437,-0.73881984,-0.11347386,-0.6060184
0.0,0.0,0.24219441,-0.2407548,0.3749292,-0.53513485,0.3671385,-0.8354126,0.2541318,-1.0,0.12152248,-0.70425445,0.11482583,-0.9631216,0.19967315,-0.7921948,0.20130911,-0.663389,-0.01626902,-0.67213726,-0.01557861,-0.9515987,0.07779705,-0.7072226,0.050679203,-0.5784424,-0.15311426,-0.6027191,-0.13625357,-0.86342037,-0.0382053,-0.6289493,-0.064149864,-0.5075288,-0.3071098,-0.49275112,-0.27469292,-0.7173167,-0.17945379,-0.5842923,-0.18321317,-0.4753162
0.0,0.0,-0.21729256,-0.06732902,-0.40169835,-0.34680015,-0.40125072,-0.61216325,-0.31179935,-0.738769,-0.32884458,-0.72835946,-0.22627774,-1.0,-0.17992406,-0.78454643,-0.18891698,-0.6122815,-0.16325937,-0.74008566,-0.07147289,-0.89835405,-0.06584261,-0.60492164,-0.13159795,-0.47797647,-0.019054499,-0.7288368,0.06808813,-0.8241502,0.061156083,-0.56772184,-0.005792803,-0.47225738,0.11192631,-0.6817827,0.1807627,-0.74522895,0.16878027,-0.53543323,0.1086971,-0.43694392
0.0,0.0,0.2993793,-0.0042150845,0.6278489,-0.037123024,0.84839016,-0.0002196898,1.0,0.07307873,0.73475206,-0.56276816,0.8798606,0.027133966,0.7367655,0.11788151,0.6653033,-0.01557521,0.5493374,-0.5705217,0.6734472,0.09724119,0.54899806,0.11455457,0.505404,-0.055644695,0.35460728,-0.48274812,0.46808717,0.13201906,0.35381845,0.1264181,0.31876263,-0.033452608,0.17544948,-0.35239324,0.29414394,0.13623528,0.21355449,0.121963695,0.16513929,-0.033090632
0.0,0.0,0.23422565,-0.20003149,0.3462261,-0.54476696,0.33568034,-0.84886664,0.20871076,-1.0,0.05963754,-0.74023354,0.05831496,-0.95008844,0.16176872,-0.7805322,0.17751361,-0.6051859,-0.06282053,-0.68031305,-0.061968483,-0.9026707,0.064319976,-0.6701258,0.06309451,-0.49251044,-0.18378444,-0.58942586,-0.1940764,-0.83425486,-0.045624528,-0.60996103,-0.03255533,-0.4309669,-0.32227463,-0.4632507,-0.29231772,-0.681167,-0.17557079,-0.5501945,-0.1601328,-0.40566564
0.0,0.0,-0.26843038,-0.037993427,-0.49457765,-0.3287413,-0.4976895,-0.668194,-0.34836897,-0.763163,-0.34435335,-0.72031426,-0.26450378,-1.0,-0.25529388,-0.7298641,-0.28185326,-0.57671857,-0.1755766,-0.71439487,-0.098370716,-0.9442781,-0.100302696,-0.607131,-0.14762221,-0.48641905,-0.027478801,-0.7005976,0.045118432,-0.9060389,0.035756484,-0.5782005,-0.014029115,-0.44799373,0.11602353,-0.65691924,0.16857646,-0.8339164,0.16201687,-0.58634675,0.12224807,-0.45986545
0.0,0.0,0.28426027,0.13260418,0.6845609,0.0009874448,0.8860536,-0.2889357,0.8052096,-0.5605463,0.73578435,-0.75997174,0.67938906,-0.6684987,0.56913006,-0.33193177,0.5425086,-0.24766971,0.5561444,-0.9358423,0.44692641,-0.7435276,0.3675698,-0.3463005,0.3739899,-0.29711637,0.34199217,-0.994811,0.2142957,-0.74139583,0.17978889,-0.3599507,0.19777468,-0.28508154,0.11991964,-1.0,0.021089347,-0.75700885,0.0152348215,-0.4735784,0.04625888,-0.4023335
0.0,0.0,-0.3148669,0.08912811,-0.67306876,0.03816619,-0.88818026,-0.17721921,-0.8831291,-0.3831527,-0.761332,-0.4354064,-0.88481486,-0.6791329,-0.73498315,-0.5188184,-0.6387946,-0.37448588,-0.6306658,-0.6157419,-0.7073258,-0.8183348,-0.53713936,-0.5943799,-0.48957986,-0.44562262,-0.48620594,-0.7559842,-0.5393033,-0.924983,-0.4125613,-0.70746297,-0.386153,-0.56386834,-0.3309503,-0.85220325,-0.37662664,-1.0,-0.29943714,-0.8231137,-0.28501752,-0.6948923
0.0,0.0,-0.46730965,0.076529115,-0.82046616,0.18519813,-1.0,0.36354804,-0.8891252,0.53446,-0.86654544,-0.77916896,-0.9747219,0.066630706,-0.8325172,0.12946224,-0.7775642,-0.12790833,-0.5419878,-0.8209203,-0.650171,0.25269872,-0.5555639,0.16120222,-0.5425633,-0.14960587,-0.20942394,-0.7282235,-0.33079132,0.2919975,-0.28613606,0.16033123,-0.28489226,-0.15760696,0.081230916,-0.5659791,-0.00820556,0.25401312,0.021389132,0.13977808,0.029287415,-0.16539566
0.0,0.0,0.43313316,0.14427109,0.77983016,0.20153588,0.8920768,0.33231103,0.86645585,0.45718807,1.0,-0.6743851,0.9799255,-0.10518266,0.9387072,0.30291826,0.94352037,0.5593777,0.58164924,-0.9049054,0.43760052,0.36057824,0.43192536,0.5635561,0.5022972,0.5214974,0.12144535,-0.91158426,0.014917195,0.36288083,0.06036402,0.49608976,0.14006238,0.40747255,-0.3220436,-0.82187384,-0.39610106,0.19131827,-0.34817418,0.3394084,-0.27838448,0.26076245
0.0,0.0,0.29168922,0.004330519,0.59719247,-0.24974005,0.79869217,-0.49449092,0.9945135,-0.62997735,0.51683,-0.8934293,0.43615177,-0.6536697,0.38608354,-0.35262665,0.39093044,-0.3031015,0.3070235,-1.0,0.22147676,-0.65691125,0.22119254,-0.3275388,0.25941515,-0.29028428,0.10182074,-0.9871749,0.031610116,-0.64316016,0.063401856,-0.33988228,0.10913207,-0.2957038,-0.08320527,-0.91530377,-0.12440732,-0.65327597,-0.08699545,-0.3994458,-0.042827852,-0.33769798
0.0,0.0,-0.35737625,0.010098123,-0.68780446,0.052284844,-0.91445404,0.09300522,-1.0,0.04029703,-0.53847134,-0.6436593,-0.66920584,0.23220052,-0.5699585,0.2780118,-0.49704206,0.0367783,-0.2421877,-0.62055457,-0.34394574,0.4085748,-0.29692018,0.30127218,-0.28153744,-0.009213944,0.045698535,-0.46965522,-0.05824195,0.4919704,-0.071500346,0.3454562,-0.079262055,0.07636284,0.29683828,-0.25854963,0.18821031,0.4727647,0.1606299,0.33628404,0.1512754,0.060672577
0.0,0.0,0.16686815,-0.3036963,0.20494534,-0.61806494,0.19051667,-0.8203745,0.12731779,-0.975759,-0.12968834,-0.862315,0.07430527,-1.0,0.13287768,-0.77714866,0.09470383,-0.650031,-0.21889593,-0.8375859,0.044030625,-0.9655724,0.09808496,-0.70676297,0.045411617,-0.59891665,-0.2757119,-0.7617876,0.0034739047,-0.84443533,0.04309004,-0.59583575,-0.0272267,-0.5021568,-0.30225897,-0.6467746,-0.06393887,-0.68398625,-0.02688471,-0.52481186,-0.09133116,-0.45794496
0.0,0.0,-0.26643753,0.15591012,-0.50643677,0.3271457,-0.71786106,0.5099104,-0.9359733,0.61530817,-0.37457508,-0.20447588,-0.52177966,0.32110918,-0.55260515,0.61992985,-0.52088165,0.77302283,-0.15293145,-0.20284794,-0.2519179,0.44678098,-0.28760597,0.7969236,-0.29280216,0.9509226,0.048423354,-0.09843395,-0.06340234,0.50636595,-0.15733843,0.84394735,-0.20653771,1.0,0.21024565,0.059625443,0.13105835,0.54212207,0.07838997,0.7941129,0.051748507,0.9162467
0.0,0.0,-0.3194996,0.19136065,-0.5561559,0.52391607,-0.47737747,0.8691291,-0.18418105,1.0,-0.4702746,-0.33325532,-0.4205613,0.5755748,-0.46133384,0.6030802,-0.48924002,0.39707536,-0.12657925,-0.3698468,-0.10556293,0.71370757,-0.18241777,0.596817,-0.22538006,0.31474465,0.18969208,-0.26155707,0.14547312,0.78355813,0.033424497,0.65049744,-0.009584513,0.3820124,0.4349775,-0.07708628,0.3441201,0.72719413,0.2283666,0.6099615,0.17973639,0.3566277
0.0,0.0,0.38029596,0.17162591,0.781911,0.2129466,1.0,0.09569241,0.8263697,-0.052057922,0.7489563,-0.7221484,0.551678,-0.014640162,0.45106748,0.2150961,0.44360095,0.12985365,0.42165405,-0.91851866,0.21675049,0.04667769,0.20193292,0.17571677,0.22519672,0.018190855,0.10578098,-0.9581573,-0.063736916,-0.03765989,-0.030933315,0.04707637,0.0173263,-0.13108237,-0.1856802,-0.90164405,-0.26285338,-0.22569528,-0.22668274,-0.12805206,-0.19535333,-0.25322047
0.0,0.0,-0.33720735,0.22674958,-0.5254789,0.54833585,-0.47489682,0.87857926,-0.21248694,1.0,-0.49869755,-0.22685827,-0.5091212,0.63151276,-0.43526542,0.63728076,-0.44618818,0.41447353,-0.18795817,-0.25455034,-0.22282606,0.7139916,-0.20574853,0.6102714,-0.25370932,0.36221436,0.10399378,-0.15012488,0.063496545,0.76294124,0.032756835,0.68963915,-0.009265757,0.47882977,0.3500562,0.02037146,0.2988786,0.72890675,0.25525558,0.76257664,0.23026541,0.6884801
0.0,0.0,-0.42251745,0.106453806,-0.81357247,0.3304703,-0.95564014,0.72289675,-0.8649941,1.0,-0.78601116,-0.86687434,-0.86312956,0.29759684,-0.8310851,0.7761241,-0.79786044,0.8267992,-0.28835723,-0.96601325,-0.38698328,0.58905035,-0.438371,0.92230475,-0.4794569,0.785222,0.18305634,-0.84762675,0.03015954,0.59639424,-0.029007763,0.77417076,-0.055081185,0.558006,0.55147654,-0.6396531,0.39401686,0.4263006,0.32535642,0.54833835,0.31290674,0.34826425
0.0,0.0,-0.43978122,0.033833575,-0.78825873,0.06478092,-1.0,0.17164548,-0.9643668,0.24418439,-0.8314255,-0.91972095,-0.98746175,-0.16147377,-0.82622623,-0.06190103,-0.7446966,-0.2529616,-0.54655254,-0.9223482,-0.7190878,0.01415545,-0.58668053,0.0045655873,-0.5333179,-0.23398103,-0.2519913,-0.78615004,-0.4294409,0.09829566,-0.33613092,0.070138425,-0.28777876,-0.14491668,0.021069728,-0.5675037,-0.13183227,0.11322288,-0.07523349,0.06546291,-0.039644007,-0.15402311
0.0,0.0,-0.33713338,0.032239422,-0.62535655,0.06642852,-0.76043683,0.19938235,-0.8326376,0.44234288,-0.43924764,-0.705423,-0.51166624,0.03464303,-0.5183158,0.5595711,-0.47081277,0.9245539,-0.09961885,-0.7554495,-0.14084645,0.11642358,-0.14896175,0.6542618,-0.116281785,1.0,0.21889336,-0.6561531,0.18750323,0.096648626,0.21072538,0.5220248,0.25673467,0.81707186,0.49184042,-0.4951444,0.4868989,0.050934352,0.46344748,0.40835306,0.48917073,0.6615627
0.0,0.0,0.28051874,0.13423659,0.56478506,0.10769869,0.7070961,-0.017318288,0.8057418,-0.17412317,0.6802786,-0.780758,0.5440741,-0.47191668,0.4603943,-0.19485763,0.4692278,-0.10382685,0.45324352,-0.94840074,0.28513157,-0.49167615,0.25686565,-0.22576517,0.29558724,-0.1737977,0.2136634,-1.0,0.06842764,-0.5286597,0.073912635,-0.29136953,0.12177436,-0.25400355,-0.0071913637,-0.970576,-0.10034559,-0.60803884,-0.07986943,-0.3792445,-0.02658185,-0.32201985
0.0,0.0,0.2997329,0.10335929,0.6012282,-0.008259651,0.74178416,-0.21072875,0.8365745,-0.4464185,0.63380563,-0.8178052,0.48258245,-0.37614307,0.43707535,-0.16700615,0.47748294,-0.21499874,0.40605068,-0.975921,0.24100135,-0.38275397,0.22910625,-0.18808885,0.27242205,-0.26603076,0.17285807,-1.0,0.03058298,-0.4347521,0.04908527,-0.26689473,0.09298709,-0.35887575,-0.041192293,-0.9407882,-0.13037628,-0.50000143,-0.1092243,-0.33367366,-0.076590806,-0.3826313
0.0,0.0,-0.35531628,0.07830077,-0.6223909,0.32013765,-0.7744561,0.6215628,-0.80098933,1.0,-0.5280385,-0.57279813,-0.6960905,0.6123596,-0.72992504,0.61188453,-0.7134538,0.3337612,-0.17441003,-0.6339224,-0.3175117,0.89185095,-0.32557204,0.6217265,-0.2750693,0.2638278,0.13546008,-0.5237666,-0.07273929,0.9388092,-0.113886215,0.58751845,-0.101286106,0.18989536,0.385817,-0.3163467,0.15374447,0.8134939,0.026841957,0.7433712,-0.027749397,0.5318022
0.0,0.0,0.3043089,0.11230421,0.6433923,-0.06618843,0.7624588,-0.37186795,0.833586,-0.64488196,0.6378105,-0.7750504,0.5373365,-0.5939984,0.4687717,-0.29865515,0.48728478,-0.24236755,0.42857367,-0.95455456,0.2749335,-0.55785364,0.24556161,-0.275749,0.2856922,-0.29896945,0.21387027,-1.0,0.07614183,-0.56178087,0.07711272,-0.32917726,0.12245272,-0.3774955,0.014117734,-0.96324587,-0.08585802,-0.58711755,-0.08211727,-0.3838791,-0.0463645,-0.41258845
0.0,0.0,-0.023532035,-0.40941808,-0.15220504,-0.66403115,-0.22808821,-0.8590397,-0.26248056,-1.0,-0.55566543,-0.573431,-0.29633585,-0.9885769,-0.17654811,-0.86347693,-0.20122404,-0.7321031,-0.54806507,-0.49173614,-0.25360194,-0.9268598,-0.15114199,-0.78277963,-0.19899787,-0.6418706,-0.4788093,-0.41078168,-0.21949086,-0.83350843,-0.1183232,-0.70363194,-0.15147863,-0.5734643,-0.37694758,-0.34039533,-0.19725458,-0.6752471,-0.11481061,-0.59186155,-0.131525,-0.4716307
0.0,0.0,-0.26220798,-0.087575145,-0.46230742,-0.3407699,-0.50896066,-0.6364256,-0.3922764,-0.80047154,-0.32365978,-0.703385,-0.34412783,-1.0,-0.34132034,-0.72724885,-0.32433254,-0.5700264,-0.15012921,-0.69528013,-0.16546774,-0.93883836,-0.18059674,-0.624544,-0.17783685,-0.49129388,0.012991831,-0.657776,-0.0049415245,-0.8769468,-0.02014314,-0.58717823,-0.016079763,-0.45381057,0.17738995,-0.588302,0.1549293,-0.7811188,0.12981823,-0.5731744,0.12769532,-0.45393565
0.0,0.0,-0.4231029,0.088381134,-0.89576143,0.24663241,-0.9677551,0.62236816,-0.57252854,0.84577274,-0.5462126,-1.0,-0.7371708,0.21670802,-0.78092575,0.26938078,-0.7584569,-0.054270674,-0.06430804,-0.9469496,-0.29492393,0.5447024,-0.32336003,0.3576935,-0.28858757,-0.13615562,0.36473423,-0.7110223,0.07618494,0.66848487,-0.00012266071,0.44192758,0.023648242,-0.001886373,0.6991556,-0.4038407,0.40454394,0.5731158,0.32000506,0.3769516,0.34506688,-0.018608002
0.0,0.0,0.19489892,-0.0979493,0.35404888,-0.41252148,0.4373154,-0.66987383,0.4031431,-0.8696638,0.18186678,-0.75437385,0.27242863,-0.95101863,0.31053817,-0.75147957,0.2881551,-0.567698,0.054930933,-0.7622494,0.17131418,-0.95885485,0.24087295,-0.7076671,0.22974089,-0.53068805,-0.094349556,-0.7256093,-0.0062141665,-1.0,0.095264636,-0.768825,0.10174386,-0.5842871,-0.26329282,-0.6471712,-0.1742586,-0.86601466,-0.06554628,-0.7198474,-0.03186384,-0.56615824
0.0,0.0,-0.28814107,-0.092482,-0.5165529,-0.37586758,-0.55759144,-0.7187665,-0.47626457,-0.92422664,-0.56670195,-0.6778577,-0.5929589,-0.92273235,-0.5008403,-0.66195166,-0.4854461,-0.55478525,-0.4206993,-0.7633054,-0.42653757,-0.97421527,-0.33692637,-0.66083586,-0.33996534,-0.5676161,-0.26084483,-0.8230795,-0.26292565,-1.0,-0.20542346,-0.67617595,-0.20795976,-0.5678512,-0.09606673,-0.8348459,-0.10280177,-0.9951673,-0.08237256,-0.73231727,-0.083408155,-0.61946374
0.0,0.0,0.22543894,-0.16934446,0.36593157,-0.52549803,0.34407192,-0.86625403,0.21334644,-1.0,0.17493424,-0.7309753,0.13485996,-0.9660665,0.19809991,-0.7076633,0.20916528,-0.61075515,0.023542736,-0.67603517,0.004061275,-0.86418855,0.08567231,-0.5709076,0.0667215,-0.54044586,-0.11416036,-0.58937854,-0.12477154,-0.77795774,-0.037647057,-0.51488614,-0.052450676,-0.4641297,-0.26383945,-0.48704842,-0.25936773,-0.648871,-0.17966053,-0.48510107,-0.18343776,-0.4198912
0.0,0.0,-0.35449773,0.1407116,-0.60413116,0.4796123,-0.67467153,0.84658766,-0.62568307,1.0,-0.60327655,-0.5547087,-0.67704105,0.44641232,-0.6385575,0.49865335,-0.6156512,0.2125045,-0.21823166,-0.5350757,-0.30741808,0.75313866,-0.32180214,0.60038316,-0.3217934,0.23585176,0.14480692,-0.3610722,0.014185099,0.88221186,-0.064143896,0.68992037,-0.11000592,0.33611026,0.44428918,-0.1203258,0.3114683,0.82823014,0.22668873,0.6701812,0.17450644,0.33209902
0.0,0.0,-0.4481805,0.17277013,-0.8085068,0.35110965,-1.0,0.5024973,-0.96381176,0.54447585,-0.73595595,-0.5137684,-0.7752597,0.28747073,-0.69358736,0.35365394,-0.67611945,0.13243438,-0.4040608,-0.52965146,-0.48465592,0.42963165,-0.46111518,0.37471932,-0.46263665,0.10841094,-0.0903071,-0.4248406,-0.21075091,0.4943275,-0.21299681,0.4161419,-0.20108436,0.1774291,0.16572022,-0.2581423,0.0741499,0.4619118,0.05834606,0.40061888,0.05005826,0.18894315
0.0,0.0,-0.23190384,-0.09976827,-0.3940467,-0.44512832,-0.3940123,-0.792279,-0.28765687,-1.0,-0.22550845,-0.8326517,-0.22081228,-0.9055825,-0.21444508,-0.60798216,-0.20925355,-0.46538794,-0.051005438,-0.83984387,-0.07208817,-0.8735544,-0.092331044,-0.53968775,-0.08702737,-0.44306138,0.11575613,-0.79305816,0.09503617,-0.80734086,0.053667497,-0.49268824,0.049876858,-0.3935129,0.2766824,-0.7126046,0.2452665,-0.7577893,0.1929689,-0.52261186,0.18164098,-0.4320197
0.0,0.0,0.35380235,0.15054609,0.7089829,0.26599404,0.91726774,0.439842,1.0,0.658434,0.78067523,-0.25503924,0.78458756,0.555522,0.6326594,0.56649125,0.6058808,0.38408324,0.5088538,-0.33013794,0.52151686,0.6030026,0.41320506,0.52881896,0.40449023,0.3294086,0.2323873,-0.29223165,0.24330816,0.5613822,0.18002015,0.5033024,0.18090571,0.34896162,-0.020552892,-0.2116327,0.03395711,0.4448302,0.04774076,0.4693747,0.05799908,0.3877368
0.0,0.0,-0.43654454,0.10235275,-0.8006413,0.3996717,-0.8681976,0.78584814,-0.67565626,1.0,-0.553433,-0.7584989,-0.7108779,0.4024552,-0.6777589,0.41980767,-0.61505705,0.08092114,-0.12382253,-0.7103344,-0.32957736,0.74006253,-0.31829828,0.5304527,-0.25825256,0.058814194,0.26551998,-0.48763123,0.011896487,0.8463,-0.03717996,0.59185934,-0.010445046,0.15561996,0.57263154,-0.20081437,0.31315875,0.81413084,0.2626517,0.59930164,0.2852738,0.16930167
0.0,0.0,0.37834322,0.07478701,0.7392857,0.1485048,0.92870885,0.26845786,1.0,0.45874667,0.83926135,-0.41483337,0.907618,0.25926253,0.8092913,0.37002745,0.7629446,0.30267864,0.5963016,-0.43013546,0.6614065,0.3977528,0.57412773,0.37862378,0.53842956,0.18890272,0.3516901,-0.3545324,0.4331849,0.39038283,0.37083203,0.37707856,0.3495313,0.2279309,0.13405137,-0.23721184,0.25295678,0.34124318,0.22674876,0.36127684,0.19571133,0.23577456
0.0,0.0,-0.43252045,0.07119334,-0.8803427,0.2659018,-1.0,0.6404657,-0.7091904,0.8597613,-0.59012395,-0.9643126,-0.8062987,0.22743593,-0.7550296,0.2658365,-0.6788417,-0.087205864,-0.11610485,-0.920708,-0.3622807,0.54598945,-0.34289885,0.37417382,-0.2934122,-0.12239968,0.3130228,-0.68970907,0.0318226,0.6830171,-0.0085925795,0.45731834,0.025864111,-0.01245423,0.6504807,-0.3858512,0.37052706,0.5969583,0.3166975,0.40797338,0.35400665,0.0018366767
0.0,0.0,0.029307794,-0.4256803,0.16483276,-0.7808546,0.37700218,-0.98951817,0.5394901,-1.0,0.334482,-0.8157581,0.608371,-0.8798332,0.59466404,-0.80676734,0.5279238,-0.73684263,0.43195188,-0.6017396,0.6528559,-0.7295064,0.5935164,-0.674748,0.5040353,-0.61683685,0.5081957,-0.38256276,0.66471213,-0.5506391,0.60618967,-0.5079733,0.52449226,-0.45037347,0.5656359,-0.17593718,0.6440631,-0.3722508,0.5877335,-0.35284677,0.52720183,-0.29127455
0.0,0.0,0.3249994,0.06348757,0.615629,-0.0026146502,0.7924253,-0.10361118,0.8513558,-0.29266766,0.6386907,-0.8898603,0.6526448,-0.5317731,0.58318686,-0.29303664,0.54912055,-0.2743408,0.42146334,-1.0,0.42827576,-0.47683817,0.38062167,-0.26073495,0.36114255,-0.30097094,0.19445696,-0.9739841,0.21848592,-0.4242071,0.19506282,-0.25358754,0.17822349,-0.33917412,-0.011200398,-0.8688376,0.017804213,-0.3982929,0.020940693,-0.25907838,0.015575041,-0.3378816
0.0,0.0,-0.41537747,0.09184543,-0.69444704,0.27783066,-0.87920874,0.5496388,-1.0,0.870608,-0.64127064,-0.6478054,-0.8140302,0.28463265,-0.83632135,0.38801208,-0.83987606,0.20144625,-0.28476793,-0.629523,-0.5068921,0.47467616,-0.5444641,0.46452305,-0.56357497,0.2274602,0.036252115,-0.47659346,-0.22095823,0.5823858,-0.26676542,0.5043821,-0.2802971,0.25963864,0.3036986,-0.26048577,0.124093495,0.58435464,0.08521956,0.5523879,0.07933168,0.35735318
0.0,0.0,-0.26888862,-0.10842502,-0.45249766,-0.41332152,-0.435512,-0.72220904,-0.28897408,-0.7543361,-0.24391444,-0.7208999,-0.2634367,-1.0,-0.27562478,-0.72539306,-0.25911283,-0.61264646,-0.09356382,-0.7117894,-0.12211414,-0.9507198,-0.14669849,-0.6360832,-0.113676906,-0.5755895,0.04531523,-0.67872775,0.017372176,-0.90017325,-0.02217108,-0.6056052,0.011043926,-0.5327775,0.19535433,-0.62537926,0.15854706,-0.8113879,0.10892472,-0.6142751,0.13428147,-0.53175473
0.0,0.0,-0.2573052,-0.21504281,-0.39125943,-0.5091605,-0.3596469,-0.830169,-0.22682801,-0.9490064,-0.10829174,-0.6987169,-0.13498789,-1.0,-0.20463808,-0.8804128,-0.2210484,-0.7273691,0.07621724,-0.69389737,-0.0039017496,-0.9546064,-0.07031637,-0.84337854,-0.07274736,-0.71242946,0.21414441,-0.6583119,0.11173954,-0.8678716,0.051934738,-0.7751103,0.047418594,-0.6575971,0.3170595,-0.60375047,0.20824626,-0.76086867,0.15810348,-0.6795915,0.1586226,-0.57694954
0.0,0.0,-0.30807137,0.032238677,-0.60388273,0.13525295,-0.82735837,0.27576223,-1.0,0.3689599,-0.5986022,-0.5072582,-0.63941956,0.2785881,-0.6087782,0.4107019,-0.6066845,0.2899819,-0.31887135,-0.528791,-0.3458029,0.43481994,-0.37760055,0.45862645,-0.41924754,0.31102714,-0.04071254,-0.4336679,-0.09906899,0.5009792,-0.1526558,0.4740802,-0.19183724,0.30443615,0.19596662,-0.28257138,0.14003904,0.43999684,0.09032925,0.42713606,0.05722717,0.26381612
0.0,0.0,0.25334135,-0.23157549,0.38924912,-0.52296674,0.3675245,-0.84150153,0.24847268,-1.0,0.12244244,-0.6962725,0.12697217,-0.94769734,0.20574002,-0.7473464,0.19318719,-0.6386367,-0.016477466,-0.66648906,-0.0075324313,-0.94709265,0.087326795,-0.6704014,0.047788676,-0.5653221,-0.15145916,-0.5994726,-0.13089441,-0.85655236,-0.029552283,-0.5932701,-0.06850437,-0.4946567,-0.30686167,-0.49510628,-0.2646015,-0.7119083,-0.17111294,-0.5528871,-0.18952034,-0.45586246
0.0,0.0,0.21301176,-0.08674868,0.36851677,-0.43989244,0.44368267,-0.76483333,0.40153748,-0.9912999,0.20518214,-0.7651611,0.27574208,-0.9843448,0.32704574,-0.7189155,0.29452112,-0.6052449,0.06715794,-0.7766389,0.14932044,-1.0,0.20621765,-0.6807565,0.14336151,-0.6120081,-0.07933851,-0.7384214,-0.015217223,-0.99113965,0.061638255,-0.69418854,0.006470179,-0.61152977,-0.24561396,-0.6661433,-0.15748945,-0.85764384,-0.08463008,-0.6680375,-0.122331575,-0.5778361
0.0,0.0,-0.30351546,0.20363809,-0.5190148,0.40791333,-0.6898663,0.57133156,-0.8356881,0.7367027,-0.43954813,-0.37193045,-0.5816067,0.25305223,-0.5203554,0.5534407,-0.4456522,0.6027353,-0.13830788,-0.35270822,-0.29476988,0.42855096,-0.24608415,0.7580675,-0.2015627,0.8662705,0.12258872,-0.22977684,-0.04183849,0.5364113,0.004247099,0.84914476,0.0479607,1.0,0.33221424,-0.070672035,0.19847752,0.47890055,0.188183,0.7374129,0.18545778,0.87857443
0.0,0.0,0.14558586,0.11142545,0.26083386,0.34458843,0.26113215,0.5749839,0.21684189,0.76007634,0.30365142,0.21407774,0.30698714,0.5818184,0.28007504,0.8348278,0.24197657,1.0,0.1548331,0.17985584,0.10728593,0.60613436,0.09207046,0.8105825,0.08418789,0.90981907,-0.003432552,0.1830122,-0.06300656,0.61285645,-0.057803713,0.7759713,-0.05130857,0.8337451,-0.14141747,0.2193431,-0.15651846,0.5601907,-0.1487959,0.7091962,-0.13244167,0.7894379
0.0,0.0,-0.2775899,-0.16728823,-0.4872874,-0.46375108,-0.53262687,-0.7828726,-0.421706,-0.9321386,-0.20002654,-0.70679694,-0.32764217,-0.99735177,-0.37722862,-0.8249618,-0.3427221,-0.66556495,-0.037747405,-0.74872106,-0.18455575,-1.0,-0.2304868,-0.8690272,-0.1940765,-0.7355705,0.08893535,-0.7537149,-0.046725973,-0.9569658,-0.09455974,-0.8500353,-0.07027911,-0.72835624,0.1917971,-0.7309639,0.0812833,-0.90170604,0.037114307,-0.8104867,0.056956414,-0.69781876
0.0,0.0,-0.32511798,0.13926524,-0.60436356,0.25238678,-0.8144597,0.4047652,-1.0,0.5401792,-0.6484639,-0.32887655,-0.7139487,0.28782505,-0.6083852,0.26995042,-0.5620853,0.10817196,-0.45125514,-0.35987085,-0.51231104,0.36732626,-0.43233314,0.273407,-0.41073397,0.08258506,-0.2336032,-0.30425057,-0.30178794,0.37583414,-0.25047415,0.26220012,-0.23024318,0.078144744,-0.02061673,-0.19748496,-0.09119173,0.32474235,-0.07868664,0.2480814,-0.07565222,0.078017116
0.0,0.0,-0.34584707,0.1301328,-0.60946375,0.39630428,-0.6047962,0.76157594,-0.39034453,1.0,-0.5161781,-0.49468416,-0.6176148,0.44673386,-0.5290717,0.39163995,-0.46091628,0.08351704,-0.15803197,-0.4749866,-0.28856432,0.67542017,-0.24218811,0.44896865,-0.21386151,0.073776565,0.17721921,-0.31595019,0.025879597,0.80345243,0.0033522001,0.57549137,-0.00624497,0.21220946,0.4612751,-0.088063754,0.2970162,0.79076177,0.24662216,0.60792714,0.22939955,0.2607264
0.0,0.0,0.2253037,-0.1445371,0.36600116,-0.40989918,0.4137127,-0.658009,0.38266462,-0.84912294,0.16740425,-0.7070148,0.21802163,-0.9391128,0.29203948,-0.7784774,0.31003752,-0.60720164,0.059923384,-0.7394716,0.14462851,-0.9708029,0.21905172,-0.7494999,0.21784212,-0.5684312,-0.07375509,-0.73769426,0.017233338,-1.0,0.10480187,-0.7715551,0.11111978,-0.5792058,-0.238183,-0.6943289,-0.129017,-0.87980545,-0.0324163,-0.72592723,-0.0015066115,-0.57154787
0.0,0.0,0.20564272,-0.17798716,0.35124087,-0.42748827,0.42280406,-0.65918547,0.3960618,-0.8857319,0.14789453,-0.7022792,0.22657676,-0.9492813,0.29234368,-0.8109074,0.28219038,-0.6440443,0.050006405,-0.73221636,0.16261296,-0.98635364,0.2300358,-0.7934169,0.20163147,-0.6125335,-0.07379789,-0.72976226,0.040517405,-1.0,0.1288375,-0.8251474,0.12346398,-0.6493113,-0.22374897,-0.6840745,-0.11416029,-0.8689,-0.004822,-0.78551656,0.029649083,-0.6687881
0.0,0.0,0.32233897,0.07419849,0.64963025,-0.1262849,0.70104456,-0.47229922,0.5639323,-0.6870752,0.5449095,-0.61938524,0.6365301,-0.867391,0.5945029,-0.6933929,0.5454104,-0.5324308,0.34545845,-0.7538394,0.42439833,-0.9536355,0.38607186,-0.73262846,0.3363206,-0.5623492,0.15944226,-0.8183339,0.22787836,-1.0,0.20017079,-0.78479385,0.15263183,-0.61820096,-0.028176505,-0.83823466,0.04432066,-0.9675278,0.03229011,-0.8038796,0.0025241633,-0.674069
0.0,0.0,0.2640378,0.044500142,0.5537178,-0.015941441,0.6944191,-0.15963143,0.58174145,-0.28626034,0.5545892,-0.8559438,0.43939057,-0.5857185,0.40141046,-0.3351812,0.43155175,-0.31897447,0.35034853,-0.98597115,0.20301692,-0.57342505,0.20353368,-0.32313022,0.24996647,-0.34588906,0.13715538,-1.0,0.006162274,-0.57998127,0.03791668,-0.35920128,0.09163678,-0.3872929,-0.05642635,-0.9451386,-0.14342153,-0.611729,-0.10929709,-0.40970835,-0.058129683,-0.39486757
0.0,0.0,0.25444895,-0.17923176,0.47777927,-0.48827744,0.53811914,-0.8169243,0.40087298,-0.9839234,0.26015052,-0.76951563,0.3249216,-1.0,0.3374058,-0.7211786,0.2981162,-0.6187334,0.11093869,-0.7596121,0.17996371,-0.95705414,0.20583269,-0.63778234,0.15924604,-0.5924005,-0.03329005,-0.7109402,0.031959366,-0.8747954,0.0632695,-0.592832,0.013696338,-0.5459826,-0.1927038,-0.64262897,-0.10570626,-0.77956146,-0.06631097,-0.59655637,-0.10882012,-0.5351099
0.0,0.0,-0.47311795,0.16754982,-0.7876514,0.3972809,-0.89275825,0.75045264,-0.78636396,1.0,-0.8094606,-0.54394054,-0.8736053,0.43874335,-0.81709236,0.46350542,-0.78855914,0.22133704,-0.4409134,-0.5663334,-0.5185085,0.65222156,-0.5011145,0.5210935,-0.52631104,0.21098614,-0.07149026,-0.46064284,-0.17241336,0.7198258,-0.19432874,0.53364587,-0.21843004,0.23479198,0.25789985,-0.27328107,0.17560571,0.61041343,0.1526747,0.4374732,0.13815564,0.13328747
0.0,0.0,0.2915213,0.17461172,0.5998213,0.1306583,0.7888981,-0.026435755,1.0,-0.19422568,0.66546375,-0.5335127,0.48263276,0.040603757,0.42852795,0.07910318,0.4532559,-0.06924735,0.42260966,-0.7284617,0.22285835,0.031251237,0.2325223,0.01706793,0.28658336,-0.18294887,0.17277142,-0.77444816,0.0027674523,-0.08922797,0.04109321,-0.08788606,0.10741239,-0.27748725,-0.06545989,-0.7519195,-0.16355392,-0.22805686,-0.12205745,-0.1921968,-0.07363333,-0.33816126
0.0,0.0,-0.03332056,-0.3945995,-0.13551417,-0.6370728,-0.19606374,-0.82922417,-0.23588465,-1.0,-0.5345664,-0.49900636,-0.35588723,-0.90008795,-0.22936715,-0.7993191,-0.21950851,-0.66212356,-0.5308229,-0.4290945,-0.30720645,-0.8770009,-0.19491552,-0.75998074,-0.19645643,-0.62027586,-0.47243956,-0.37394497,-0.26365057,-0.7993285,-0.16290887,-0.68907183,-0.16268602,-0.5497173,-0.3803827,-0.33008894,-0.24097086,-0.6470165,-0.16003458,-0.58631057,-0.15560275,-0.48547733
0.0,0.0,-0.4193892,0.03094691,-0.7825161,0.054997098,-1.0,0.12325373,-0.9937613,0.15985408,-0.7107969,-0.5459724,-0.77073646,0.40868792,-0.6536094,0.47208434,-0.6090929,0.22565141,-0.38533393,-0.55807143,-0.43754998,0.62218505,-0.3689644,0.52518266,-0.38239208,0.1827703,-0.054270655,-0.43404844,-0.13311851,0.6792153,-0.13589492,0.5294928,-0.14960423,0.2288788,0.23217744,-0.24672052,0.14869393,0.6230657,0.13327841,0.5068078,0.12759772,0.22668928
0.0,0.0,-0.44106472,0.07151551,-0.7979664,0.22356008,-1.0,0.51499826,-0.9577764,0.81636393,-0.8619621,-0.8290169,-0.94021577,0.25633124,-0.8011874,0.2996235,-0.7410362,0.010586667,-0.4703532,-0.8923031,-0.5071172,0.4318953,-0.43289033,0.29879582,-0.43066096,-0.06544396,-0.06313521,-0.77915674,-0.119362,0.47212934,-0.10855446,0.27272832,-0.12984858,-0.092275284,0.30123514,-0.57296497,0.23285145,0.37197933,0.2315481,0.20359404,0.2239742,-0.15794758
0.0,0.0,0.2790287,-0.04089956,0.5445861,-0.38866293,0.6163206,-0.7617875,0.48417875,-0.93234414,0.33541185,-0.76647216,0.38204953,-1.0,0.43387827,-0.72085655,0.4179324,-0.5772308,0.19265336,-0.7663689,0.24718064,-0.99389315,0.29843557,-0.65381324,0.26102874,-0.56343365,0.04710198,-0.7262358,0.110216536,-0.91774946,0.17141713,-0.6048539,0.13205175,-0.52222365,-0.1250183,-0.6637391,-0.023811828,-0.7974517,0.03611812,-0.58929515,0.004243001,-0.51493376
0.0,0.0,-0.25383723,-0.041738156,-0.48702377,-0.3602141,-0.5463971,-0.67005455,-0.51342976,-0.7883848,-0.35790414,-0.7341181,-0.40639096,-1.0,-0.35894957,-0.7006992,-0.33103338,-0.60092944,-0.19058588,-0.75406843,-0.2347424,-0.94764787,-0.205279,-0.5887012,-0.18848662,-0.5689121,-0.029197777,-0.7441716,-0.07545587,-0.9217113,-0.067078754,-0.57221,-0.045300517,-0.5473391,0.13657413,-0.717848,0.088819414,-0.8450828,0.06841699,-0.5964436,0.08677392,-0.5471622
0.0,0.0,-0.2933052,0.03403313,-0.5980561,-0.24185753,-0.6669397,-0.611142,-0.5254958,-0.75595295,-0.45211533,-0.7036721,-0.45765775,-1.0,-0.42952093,-0.6843365,-0.4306237,-0.5597327,-0.27103537,-0.7322629,-0.27726042,-0.9870449,-0.2557552,-0.62384725,-0.27782395,-0.5606231,-0.10398038,-0.7406223,-0.10541563,-0.9768861,-0.09011196,-0.62864363,-0.10962414,-0.5496239,0.0700663,-0.7307432,0.053003184,-0.9185409,0.067246065,-0.66161495,0.06522749,-0.5663773
0.0,0.0,-0.45773327,0.07613125,-0.78123266,0.32182366,-0.9334134,0.6481386,-0.8017856,0.8918432,-0.5408747,-0.48160988,-0.74244434,0.520651,-0.67192864,0.5981657,-0.60822755,0.36114264,-0.1552367,-0.38832504,-0.41683692,0.8215621,-0.34871244,0.73441994,-0.29912263,0.40818247,0.19069976,-0.16536035,-0.07841936,0.9978118,-0.06951004,0.85038096,-0.03932964,0.53439033,0.46751198,0.0982573,0.25567365,1.0,0.22155344,0.8738488,0.22354499,0.58685124
0.0,0.0,-0.28823048,-0.09255305,-0.50202173,-0.41774386,-0.45457903,-0.75763464,-0.2625652,-0.8236254,-0.2006659,-0.71124357,-0.20931359,-1.0,-0.23958787,-0.71503574,-0.21495613,-0.62630427,-0.026405126,-0.690403,-0.031240175,-0.9603392,-0.08187985,-0.6247822,-0.05739497,-0.5625894,0.1377601,-0.6635615,0.1362852,-0.9194162,0.07230487,-0.59014547,0.0975658,-0.506382,0.3140303,-0.61599624,0.29123563,-0.7989417,0.22950745,-0.56559175,0.24858578,-0.47521326
0.0,0.0,0.3750421,0.2002916,0.7640254,0.24341677,1.0,0.16399339,0.9459578,-0.020289574,0.8198136,-0.67753613,0.67113334,-0.059572645,0.5431358,0.15494035,0.5063102,0.06709177,0.51981544,-0.90664184,0.29790115,-0.017014543,0.2608504,0.11926243,0.28166667,-0.0038283388,0.22226351,-0.9777834,0.03154719,-0.12933867,0.028405936,-0.027371204,0.058735583,-0.1614527,-0.05184941,-0.9545593,-0.1627916,-0.3258596,-0.15387776,-0.20885967,-0.12489911,-0.2959637
0.0,0.0,-0.37754315,0.08039879,-0.69143665,0.13884795,-0.9214289,0.18689425,-1.0,0.17301358,-0.61581266,-0.48262453,-0.7152897,0.28487408,-0.6180799,0.34417635,-0.5708939,0.1550661,-0.3305158,-0.48008287,-0.43450612,0.44933733,-0.36968967,0.3842757,-0.35625336,0.13500716,-0.055422124,-0.36170775,-0.16140984,0.5189639,-0.15020508,0.43246832,-0.1445766,0.2217673,0.18603191,-0.19344474,0.084732525,0.48013893,0.07017941,0.41305253,0.063531585,0.2179381
0.0,0.0,0.27536947,0.25458246,0.7531637,0.06710093,1.0,-0.26443088,0.8852456,-0.5384328,0.7488229,-0.65655726,0.7535073,-0.674897,0.6397634,-0.30764207,0.5917931,-0.17414449,0.5489295,-0.80766785,0.5318362,-0.76358587,0.4527991,-0.30851537,0.42255312,-0.18411167,0.3403511,-0.86183786,0.32573274,-0.7809809,0.27600357,-0.3415509,0.24091601,-0.18476364,0.13132802,-0.8897814,0.14010619,-0.7423779,0.10277412,-0.40738901,0.099687465,-0.26656035
0.0,0.0,0.26918945,0.050485693,0.54540086,-0.028650332,0.6325335,-0.2217906,0.48234397,-0.38076764,0.51071936,-0.8809961,0.3829923,-0.61496764,0.35036984,-0.355168,0.37733912,-0.3109995,0.312291,-1.0,0.14807227,-0.59092057,0.16562134,-0.33719683,0.21983278,-0.33963117,0.10307692,-0.9984335,-0.03622842,-0.5852011,0.00936473,-0.365106,0.06589794,-0.37845993,-0.09043982,-0.92930067,-0.17956558,-0.6112564,-0.12740037,-0.41628692,-0.06442963,-0.40187073
0.0,0.0,-0.3535573,0.031207833,-0.65878165,0.06891319,-0.87905496,0.15838383,-1.0,0.22368488,-0.58077997,-0.5068161,-0.7178141,0.15660407,-0.61193126,0.24917771,-0.53279465,0.121166565,-0.33796814,-0.5142364,-0.45582068,0.2919396,-0.37738296,0.25890294,-0.34256342,0.045306146,-0.094831206,-0.4142691,-0.21216173,0.33766475,-0.1751097,0.25372306,-0.14680426,0.0547429,0.12223344,-0.27559188,0.01600156,0.290381,0.020495199,0.22393362,0.035162102,0.04002584
0.0,0.0,-0.48604736,0.17315811,-0.8458652,0.44596025,-1.0,0.74623066,-0.85753226,0.87361616,-0.85318,-0.7446316,-0.96574855,0.33705834,-0.8083865,0.43179202,-0.7526835,0.15363266,-0.45745403,-0.7105826,-0.6231376,0.5830238,-0.5199093,0.52091336,-0.50730205,0.17488796,-0.07578683,-0.5122546,-0.26183137,0.7252364,-0.24014316,0.6242529,-0.24272515,0.31186524,0.24325559,-0.23218225,0.072815344,0.7142912,0.052375313,0.6011993,0.03397316,0.30248338
0.0,0.0,-0.47824818,0.19728526,-0.8777931,0.48614997,-1.0,0.8299444,-0.7587029,0.9095539,-0.8019952,-0.80809844,-0.9631054,0.35807765,-0.81251764,0.33739254,-0.73376507,-0.040227987,-0.3632041,-0.8268208,-0.52309704,0.5525199,-0.42812026,0.34498072,-0.3945721,-0.092032544,0.07746874,-0.6643869,-0.09205457,0.6295465,-0.08039199,0.4002104,-0.08785797,-0.01730245,0.46308073,-0.4141223,0.30881873,0.5818143,0.30745727,0.37972355,0.30196688,-0.04443665
0.0,0.0,0.15112199,0.12151287,0.2660356,0.36105868,0.28619504,0.5980865,0.24484554,0.7832579,0.27458474,0.29706445,0.28937036,0.63079756,0.25930005,0.8519081,0.22247118,1.0,0.13145465,0.29100394,0.11251757,0.6419824,0.082323976,0.85132015,0.059307523,0.98531353,-0.01856573,0.28935352,-0.038905162,0.61649925,-0.053694084,0.8067225,-0.07066684,0.92180294,-0.15017222,0.29966646,-0.14651285,0.5515494,-0.15026441,0.704819,-0.15939929,0.8063351
0.0,0.0,0.23608261,-0.09863843,0.4283962,-0.41988906,0.5161577,-0.7233794,0.46590534,-0.9466857,0.28792736,-0.7800595,0.38486403,-0.9545375,0.40559575,-0.6783999,0.3705436,-0.58422303,0.14196292,-0.7994682,0.2468201,-0.98768616,0.27611527,-0.6630565,0.21276002,-0.6109814,-0.010289142,-0.7681642,0.070303254,-1.0,0.124146156,-0.69509244,0.0681295,-0.62794393,-0.18100698,-0.6986773,-0.084500015,-0.86612415,-0.023858162,-0.67473006,-0.06192212,-0.5985785
0.0,0.0,0.097285874,-0.28659168,0.123159654,-0.57005084,0.15506043,-0.79359865,0.16430302,-1.0,-0.1370277,-0.67049354,-0.022273552,-0.8410025,0.053060718,-0.6582625,0.06340231,-0.531493,-0.22718915,-0.61554027,-0.08144015,-0.7809533,-0.0052445447,-0.56606096,-0.01939007,-0.45634425,-0.3123432,-0.5321324,-0.1416942,-0.6878998,-0.073613375,-0.49034244,-0.10570604,-0.39046016,-0.3844828,-0.41833484,-0.22792736,-0.57244915,-0.16725063,-0.45269865,-0.19687898,-0.36910734
0.0,0.0,-0.25720993,-0.03938898,-0.49302956,-0.31365848,-0.49874005,-0.6356731,-0.3988149,-0.8321344,-0.52924025,-0.679292,-0.48855257,-1.0,-0.40765107,-0.72416544,-0.4160269,-0.5667633,-0.36248943,-0.7289789,-0.2971819,-0.98889816,-0.22763786,-0.64507604,-0.27607942,-0.5224584,-0.20240964,-0.75882643,-0.1390478,-0.95189244,-0.08798208,-0.63460565,-0.13781697,-0.518295,-0.039593536,-0.7579964,-0.0021554981,-0.9280902,0.033977676,-0.685098,0.00018966281,-0.5634777
0.0,0.0,0.36854684,-0.11576641,0.68529594,-0.3665076,0.80826837,-0.68638116,0.6980357,-0.9076396,0.44067502,-0.6682085,0.5049429,-0.9532783,0.5080517,-0.7673479,0.479606,-0.5573712,0.23729207,-0.69988775,0.2945597,-1.0,0.32074538,-0.7214144,0.29773626,-0.46879023,0.03586345,-0.678001,0.0952892,-0.99998164,0.14117411,-0.68379223,0.13332844,-0.41969296,-0.17538486,-0.6099866,-0.10842001,-0.8488013,-0.0531244,-0.62448007,-0.049726162,-0.41180846
0.0,0.0,-0.4839077,0.027761918,-0.85131335,0.1686682,-1.0,0.5280412,-0.91590095,0.85741115,-0.93407613,-0.8631325,-0.9881425,0.21966647,-0.8047726,0.33381334,-0.73907936,0.068805665,-0.5643562,-0.89059955,-0.6184507,0.4121806,-0.48505014,0.37247804,-0.47847024,0.030793894,-0.18536897,-0.7517297,-0.269717,0.47210547,-0.2161016,0.38955432,-0.22753775,0.089993656,0.14886223,-0.5245859,0.07508029,0.40794042,0.08536202,0.3030867,0.061426427,-0.008431567
0.0,0.0,-0.47603986,0.034125324,-0.8348146,0.24229434,-1.0,0.57849437,-0.8439247,0.82840115,-0.63977563,-0.66756445,-0.82498085,0.42627656,-0.6873015,0.51966596,-0.59116423,0.2547151,-0.24812791,-0.5890361,-0.4987904,0.69003224,-0.4010518,0.60017383,-0.3473519,0.24706584,0.111332096,-0.35751843,-0.15197301,0.8447355,-0.12225306,0.70869553,-0.09571981,0.37424168,0.40490076,-0.071066946,0.19010977,0.845285,0.1690445,0.7161096,0.16607533,0.40448597
0.0,0.0,0.29632807,0.12691942,0.624167,-0.05137973,0.73792684,-0.38104472,0.8538017,-0.63827455,0.6361651,-0.766566,0.5185192,-0.55280894,0.46009722,-0.2885406,0.49268037,-0.27597332,0.43248972,-0.94896364,0.26601887,-0.5617345,0.24264881,-0.28857708,0.29098526,-0.32960454,0.21780384,-1.0,0.056068905,-0.5741405,0.06702027,-0.33843818,0.12930602,-0.39835683,0.014125822,-0.96694136,-0.11420172,-0.6196445,-0.102994986,-0.4165509,-0.059123367,-0.4436498
0.0,0.0,-0.45238227,0.12292868,-0.8036178,0.39546654,-1.0,0.6893279,-0.8618221,0.81651294,-0.7908506,-0.6836793,-0.8731964,0.3900162,-0.7399753,0.39081603,-0.681002,0.08533113,-0.38333848,-0.6658726,-0.5147247,0.59223866,-0.45049453,0.43710515,-0.43672252,0.0833021,0.0032588064,-0.4957494,-0.15854149,0.6734335,-0.17112736,0.48747718,-0.18571073,0.15427665,0.32489645,-0.2519014,0.18669492,0.6361095,0.15704124,0.47916523,0.12938444,0.16087674
0.0,0.0,0.1802735,-0.2527094,0.27538866,-0.5467787,0.30001524,-0.77713054,0.23784918,-0.9597187,0.015872201,-0.85125244,0.15527631,-1.0,0.19601156,-0.7758084,0.16643268,-0.63447565,-0.086646944,-0.8387146,0.09488085,-0.98597425,0.13511528,-0.71027124,0.091579914,-0.5888803,-0.18139829,-0.78040653,0.02742325,-0.8670365,0.055317976,-0.5972913,-0.0068987687,-0.49414387,-0.26589736,-0.6775052,-0.06339615,-0.7415239,-0.030695442,-0.56756467,-0.09159721,-0.48988008
0.0,0.0,0.2095566,-0.14703368,0.32371014,-0.51928,0.29902673,-0.86217993,0.17063767,-1.0,0.14083174,-0.720973,0.1076421,-0.95303655,0.1755831,-0.6978294,0.18147545,-0.5976722,0.0034749357,-0.6594168,-0.0047446885,-0.8401827,0.07962856,-0.555947,0.05571662,-0.5299139,-0.12776296,-0.572077,-0.13329801,-0.766215,-0.041255254,-0.50179523,-0.060642432,-0.45018244,-0.27394193,-0.47122547,-0.25457063,-0.6346248,-0.17593223,-0.46785164,-0.18736382,-0.39630637
0.0,0.0,0.16759932,-0.2731195,0.22149023,-0.57273597,0.21798144,-0.7919302,0.154649,-0.96794796,-0.06696486,-0.8366775,0.09005459,-1.0,0.15528974,-0.77367646,0.12281579,-0.6391682,-0.15954715,-0.81632364,0.04453673,-0.9854321,0.11038008,-0.7112789,0.05842996,-0.592699,-0.2344638,-0.75281835,-0.007306133,-0.8651733,0.044227164,-0.5954484,-0.024859788,-0.49312767,-0.28976992,-0.64437586,-0.07375616,-0.7088895,-0.031279113,-0.533594,-0.09911381,-0.4553858
0.0,0.0,-0.44757384,0.117284864,-0.91666704,0.3627965,-0.99851125,0.7158358,-0.6157101,0.8881065,-0.64210397,-0.9980018,-0.7928967,0.1586911,-0.7826221,0.17675246,-0.73868483,-0.15139525,-0.14760856,-1.0,-0.35650405,0.58549553,-0.35772085,0.3724945,-0.31291834,-0.09294708,0.30360147,-0.77771604,0.047318146,0.7196194,0.0030817697,0.44294903,0.031214867,-0.035892718,0.66024494,-0.45257547,0.37709585,0.6454275,0.33443645,0.40578648,0.37704653,-0.06247352
0.0,0.0,-0.4791176,0.07620853,-0.80567944,0.28859487,-0.9900868,0.6130901,-1.0,0.88477707,-0.75982606,-0.44282514,-0.903081,0.5532099,-0.79938126,0.5077188,-0.7473737,0.23345718,-0.41303867,-0.42400858,-0.58346796,0.7323694,-0.50801855,0.5540253,-0.4870121,0.23494695,-0.08116466,-0.2850582,-0.27076778,0.7880915,-0.24131282,0.5619345,-0.2201122,0.24666482,0.21191515,-0.08063807,0.044949833,0.738562,0.03190367,0.6084219,0.03133731,0.36021852
0.0,0.0,0.33581898,0.1509211,0.6785886,0.10929582,0.9109725,0.028412294,1.0,-0.05454542,0.69211715,-0.45662582,0.8446318,0.0031174705,0.75941855,0.17370673,0.6742129,0.16892788,0.49839324,-0.46747398,0.64495015,0.08541679,0.5505068,0.21427795,0.47444972,0.18560007,0.31513238,-0.40812433,0.4572572,0.12127738,0.39130527,0.21143113,0.32118264,0.17218147,0.1529372,-0.31967384,0.27559277,0.099229164,0.2331037,0.19280691,0.18659303,0.16708945
0.0,0.0,-0.44005004,0.03192831,-0.89920855,0.17967995,-0.9764435,0.5250521,-0.64497167,0.7396874,-0.68876976,-0.9858496,-0.74987006,0.06818013,-0.7594281,0.13329196,-0.7473192,-0.10317486,-0.22100888,-1.0,-0.30253652,0.49108937,-0.36921334,0.3830855,-0.3875292,0.015278407,0.21182683,-0.80379325,0.08651831,0.64069027,-0.0017800087,0.46274462,-0.013841102,0.05350597,0.5603126,-0.5177834,0.395239,0.5913332,0.30488685,0.47938055,0.29549506,0.123346075
0.0,0.0,0.2561191,0.054737955,0.5526025,-0.009455306,0.69795954,-0.18121192,0.5618514,-0.29760247,0.57278943,-0.841834,0.4522276,-0.6381247,0.3906248,-0.38084644,0.3935331,-0.31307712,0.38249645,-0.97549033,0.2182198,-0.643575,0.21089634,-0.36377832,0.26750678,-0.34600076,0.17469142,-1.0,0.02738738,-0.6503834,0.055086076,-0.4103454,0.11508585,-0.4041242,-0.020773446,-0.9656726,-0.11424738,-0.6867513,-0.078916065,-0.469799,-0.01781293,-0.43432432
0.0,0.0,0.29216787,0.1029192,0.60093755,-0.110214904,0.7121769,-0.4244132,0.8404786,-0.66747487,0.61143297,-0.80660146,0.50902945,-0.53999436,0.44715217,-0.29911318,0.4709663,-0.30137533,0.39323103,-0.96560186,0.27335605,-0.5644504,0.24735594,-0.3093143,0.28897372,-0.34275794,0.17105041,-1.0,0.06286033,-0.57650024,0.06274868,-0.35173035,0.10813574,-0.39904493,-0.03581017,-0.9568221,-0.11662249,-0.59654033,-0.10731833,-0.40283456,-0.071750164,-0.4337519
0.0,0.0,-0.32350022,0.19383891,-0.5881361,0.415809,-0.79518044,0.66197777,-1.0,0.84174305,-0.57814646,-0.20486164,-0.6065972,0.4879766,-0.56355006,0.52141374,-0.56812304,0.36022133,-0.32036602,-0.2450616,-0.35398716,0.56115556,-0.35348606,0.51936626,-0.3886832,0.32834518,-0.07030141,-0.18738686,-0.11480124,0.5753472,-0.14477836,0.52159774,-0.1786293,0.35362783,0.14605717,-0.08165781,0.1028421,0.52964574,0.065244466,0.5584659,0.03943031,0.48254007
0.0,0.0,0.23817852,-0.20551932,0.35000178,-0.5427062,0.3261031,-0.8393177,0.21841323,-1.0,0.084271275,-0.73946047,0.07222296,-0.97685736,0.16362119,-0.7782052,0.17095424,-0.632938,-0.04635444,-0.69127876,-0.048371933,-0.9379313,0.056889948,-0.68036395,0.03743956,-0.53972864,-0.17647995,-0.6113272,-0.17468409,-0.86260486,-0.059749246,-0.62213594,-0.07132773,-0.48441464,-0.32319108,-0.49665907,-0.30050632,-0.7181325,-0.19712304,-0.5842044,-0.18905587,-0.47029373
0.0,0.0,0.2884527,0.12245007,0.59735596,-0.003609543,0.7214118,-0.25198293,0.814929,-0.52325326,0.6144074,-0.80267274,0.43643498,-0.38603407,0.42675632,-0.18988414,0.5067593,-0.2475078,0.38199607,-0.97489923,0.20674439,-0.37288958,0.2322323,-0.19436182,0.30560747,-0.30528802,0.15206459,-1.0,0.0069677085,-0.42143244,0.04717734,-0.26108727,0.10907205,-0.37602174,-0.05733566,-0.9385609,-0.14922342,-0.48144773,-0.11616744,-0.32494187,-0.07025179,-0.39503074
0.0,0.0,-0.4858295,0.042035487,-0.8366966,0.21841867,-1.0,0.51277596,-0.8905906,0.7188486,-0.67850906,-0.72410065,-0.8911302,0.24373887,-0.78330845,0.3928216,-0.72141135,0.16547567,-0.31068692,-0.6447508,-0.58176166,0.5367118,-0.49466506,0.5363058,-0.46030656,0.23185892,0.022408806,-0.41987237,-0.24155372,0.7093769,-0.20095086,0.6614972,-0.16695443,0.39634553,0.29875332,-0.14336374,0.10023058,0.7075345,0.095004775,0.64744604,0.10549018,0.4122375
0.0,0.0,0.2566167,0.23896004,0.73978806,0.08337821,1.0,-0.2630817,0.9786736,-0.5754909,0.73166347,-0.37740418,0.8538104,-0.6385114,0.69990605,-0.35020983,0.6640925,-0.22542423,0.56502646,-0.475573,0.68741363,-0.7313066,0.52272147,-0.33906686,0.47650275,-0.23023704,0.40428945,-0.548613,0.48796353,-0.7472773,0.3492162,-0.35444283,0.30367044,-0.22571282,0.24337779,-0.6381756,0.31191954,-0.70760965,0.22397734,-0.43798542,0.1982483,-0.3443676
0.0,0.0,-0.44725904,0.12868997,-0.8248475,0.28987256,-1.0,0.49666807,-0.8878784,0.5328214,-0.82228875,-0.91356313,-0.91219926,0.103473164,-0.7733556,0.09140094,-0.7161437,-0.21200396,-0.43862072,-0.97287536,-0.54530096,0.22425523,-0.47531736,0.047602218,-0.45156944,-0.30431977,-0.05648758,-0.86743784,-0.18535057,0.27092376,-0.15945384,0.08828612,-0.14417927,-0.24979518,0.286514,-0.6594871,0.17286973,0.21826929,0.18996188,0.08072895,0.20646499,-0.23909424
0.0,0.0,-0.31160688,-0.07809569,-0.580377,-0.28819692,-0.7123265,-0.5301529,-0.75515753,-0.73758805,-0.5479205,-0.72537464,-0.7148345,-0.95078284,-0.7249274,-0.77789664,-0.67518973,-0.626734,-0.42918715,-0.8018597,-0.58073896,-0.99439925,-0.5633502,-0.77189106,-0.49629092,-0.6109205,-0.2848093,-0.83672285,-0.42008758,-1.0,-0.40300605,-0.7745959,-0.3431215,-0.61933154,-0.120605096,-0.8223433,-0.24182586,-0.96028066,-0.24557261,-0.78575873,-0.2014847,-0.66335726
0.0,0.0,-0.36126983,0.053082652,-0.7352135,0.25104776,-0.8447316,0.6603192,-0.6172008,1.0,-0.4978878,-0.71953136,-0.6721079,0.35128745,-0.62827855,0.38258636,-0.55074316,0.10077662,-0.08274866,-0.67302483,-0.2855589,0.63340455,-0.26977998,0.45459625,-0.21807906,0.053853165,0.28466886,-0.47502634,0.03397338,0.71920615,0.006817086,0.51135635,0.03872463,0.12842315,0.57706875,-0.22528328,0.34041762,0.6068566,0.294445,0.43616214,0.31947237,0.11269982
0.0,0.0,0.37395167,0.15327767,0.73638886,0.28144804,0.93241256,0.47352275,1.0,0.71516776,0.7748165,-0.31171128,0.7564744,0.52830166,0.6315875,0.48987642,0.6066122,0.26046476,0.4925782,-0.4201601,0.49430752,0.5274907,0.41707414,0.37784475,0.42706874,0.13351165,0.20524438,-0.3971758,0.21667287,0.48918515,0.16747113,0.33921343,0.1813069,0.124436684,-0.05920253,-0.31355274,0.0059932643,0.35329828,0.0037763235,0.23855075,-0.0009259184,0.033145506
0.0,0.0,0.29325265,0.07397286,0.5710519,-0.01167052,0.73100317,-0.1464168,0.8113596,-0.30070132,0.58078796,-0.901993,0.6223619,-0.59170926,0.5476147,-0.3318815,0.4980605,-0.3488179,0.35734287,-1.0,0.3996364,-0.5635784,0.34427157,-0.31274512,0.30689365,-0.37574837,0.13662735,-0.9690666,0.18795015,-0.49467394,0.163412,-0.28274745,0.13596886,-0.35298496,-0.06159091,-0.85808754,-0.0014882887,-0.442017,0.00067388546,-0.27423465,-0.011128719,-0.3261904
0.0,0.0,-0.26693165,-0.13051684,-0.48350736,-0.39687848,-0.4995648,-0.6950117,-0.3754107,-0.83124757,-0.34748402,-0.7563961,-0.34389892,-1.0,-0.3514232,-0.7441539,-0.35365593,-0.61303896,-0.18911986,-0.774101,-0.18199725,-0.99315566,-0.19326685,-0.7088947,-0.19118221,-0.5849398,-0.03567049,-0.75158334,-0.023681074,-0.93868715,-0.045165285,-0.6694922,-0.053226117,-0.5379443,0.12360998,-0.687511,0.11686334,-0.8435421,0.08305455,-0.63913375,0.06695821,-0.52627194
0.0,0.0,0.24973363,0.17035045,0.61308354,0.08660461,0.8014022,-0.15266488,0.80527496,-0.40303078,0.7530931,-0.7010199,0.61983365,-0.56293815,0.5018328,-0.25819874,0.49622473,-0.18329658,0.5847121,-0.8943135,0.39666042,-0.6459896,0.31437096,-0.28080583,0.3399499,-0.21787618,0.38245216,-0.9753861,0.20262925,-0.7130499,0.15391745,-0.36272562,0.17394471,-0.26875356,0.17636265,-1.0,0.048986793,-0.78003883,0.009230546,-0.49411136,0.023615802,-0.38664636
0.0,0.0,0.06488183,-0.087733425,0.15316008,-0.39082325,0.13895185,-0.6946151,0.08316434,-0.9284748,0.4202909,-0.74060106,0.13123854,-0.95770913,0.026217554,-0.7814933,0.04636593,-0.6574583,0.34688303,-0.8119877,0.061360553,-1.0,-0.029515974,-0.7703644,-0.0009985864,-0.6507661,0.244157,-0.8275557,0.017476737,-0.9922368,-0.062740065,-0.77570087,-0.03654699,-0.64790726,0.1581329,-0.8053301,-0.0017580888,-0.9151065,-0.05928907,-0.75392723,-0.04120433,-0.6335939
0.0,0.0,0.3392527,-0.03959356,0.6279256,-0.29690626,0.8244903,-0.5553401,0.94990253,-0.7372279,0.48425886,-0.7730861,0.5559749,-0.9771235,0.546175,-0.812573,0.516914,-0.6515544,0.27214783,-0.83140635,0.3420115,-1.0,0.34975117,-0.84038866,0.3310693,-0.6865661,0.07990552,-0.80895674,0.15589364,-0.9351832,0.17971207,-0.80186087,0.16593158,-0.65601104,-0.074410416,-0.74219877,-0.016465057,-0.84192014,-0.004124133,-0.7209869,-0.013592048,-0.58380353
0.0,0.0,-0.40985015,0.0725946,-0.77448946,0.12976526,-0.9685027,0.18491293,-0.7464642,0.15135708,-0.640129,-1.0,-0.8110725,-0.22190517,-0.7101382,-0.12964033,-0.6508722,-0.32121965,-0.32404408,-0.9921115,-0.52976006,-0.022998016,-0.44889072,-0.06729637,-0.39803943,-0.32920653,-0.020292474,-0.83232635,-0.23087396,0.08177341,-0.18607168,0.009211398,-0.13470982,-0.2498013,0.23802558,-0.59420365,0.09138614,0.13152932,0.15984909,0.0525212,0.23791151,-0.2129376
0.0,0.0,0.2721291,0.19483861,0.6899371,0.12843126,0.9424667,-0.12116565,1.0,-0.39795968,0.84128195,-0.54717755,0.8074251,-0.63221866,0.6476592,-0.35793158,0.5500091,-0.15415731,0.6663213,-0.7567625,0.6161961,-0.7930302,0.46651366,-0.43476805,0.3866205,-0.212264,0.46585467,-0.88635623,0.4146698,-0.8834652,0.29944348,-0.5150919,0.23329097,-0.2775093,0.25052047,-0.9647117,0.24891578,-0.9696144,0.16350625,-0.68472695,0.119994394,-0.4758291
0.0,0.0,-0.40918306,0.122723386,-0.8226102,0.37195483,-0.82854897,0.76535976,-0.47933432,1.0,-0.5187104,-0.75739014,-0.6141739,0.34935752,-0.6182656,0.29838386,-0.5867466,-0.016932897,-0.067176536,-0.75075656,-0.20675981,0.64146715,-0.22844465,0.4321158,-0.19213901,-0.0010849339,0.33953583,-0.57023156,0.15379944,0.7429745,0.0833058,0.49625778,0.100581676,0.06921299,0.6611168,-0.31133574,0.4481255,0.66001356,0.40007314,0.45516184,0.43676013,0.044501167
0.0,0.0,-0.40400863,0.12582657,-0.7093565,0.26735687,-0.915094,0.47964093,-1.0,0.689478,-0.70143974,-0.35845348,-0.7938026,0.44139346,-0.66810703,0.45826915,-0.6127677,0.24380086,-0.43693227,-0.3984994,-0.50364804,0.572538,-0.40970576,0.45837888,-0.4046322,0.19542,-0.15420963,-0.33417845,-0.21986486,0.57872325,-0.16705607,0.43001744,-0.15334408,0.18023841,0.11833929,-0.22285645,0.039665937,0.4900965,0.04813766,0.39737818,0.055465713,0.1815833
0.0,0.0,-0.2567531,-0.17483316,-0.57868946,-0.1830033,-0.83207434,-0.096731804,-1.0,-0.022447597,-0.70914274,-0.26944318,-0.98270875,0.31867513,-0.8602509,0.33010402,-0.7597792,0.20086883,-0.55751044,-0.14029343,-0.8000249,0.5229061,-0.6945692,0.46222058,-0.61528635,0.30971465,-0.3972382,0.05627925,-0.6275511,0.63196623,-0.53635585,0.56345254,-0.4604066,0.41153222,-0.24743223,0.28401962,-0.46062335,0.7274114,-0.3815753,0.6646595,-0.29862323,0.53336006
0.0,0.0,-0.34167054,0.050103936,-0.69040227,0.24560106,-0.7704573,0.6669356,-0.5724024,1.0,-0.47760832,-0.7239195,-0.63536257,0.354308,-0.59619325,0.3887965,-0.521166,0.107398964,-0.075952575,-0.6852978,-0.24515265,0.6099069,-0.23339841,0.43469194,-0.18982953,0.020948226,0.28448665,-0.49528983,0.07170901,0.6880923,0.03382621,0.46660468,0.05908757,0.07094971,0.5677183,-0.25185755,0.35860702,0.57655007,0.30656353,0.40035862,0.3315463,0.063187644
0.0,0.0,-0.41880015,0.082319625,-0.7759728,0.2946921,-1.0,0.5727372,-0.956819,0.72173214,-0.80929387,-0.8634993,-0.8934678,0.1520225,-0.7741733,0.2271631,-0.7099854,-0.030690875,-0.41687676,-0.8534504,-0.49281964,0.45506957,-0.4271233,0.35865057,-0.41028473,0.021585774,-0.020095674,-0.6690127,-0.13645127,0.5765833,-0.14652586,0.4103206,-0.16543,0.08191951,0.31781062,-0.39943767,0.20097639,0.58811414,0.17081831,0.45273525,0.14395998,0.13967249
0.0,0.0,0.34282562,-0.015886812,0.70640653,0.10854994,0.9051551,0.28322324,1.0,0.47242847,0.6985207,-0.10765065,0.7921035,0.605691,0.7222878,0.60202444,0.70662946,0.45872954,0.41367087,-0.08123402,0.5261254,0.7250652,0.48232123,0.6034609,0.49165788,0.400923,0.14869115,0.007311847,0.27596074,0.72301054,0.24423413,0.5900145,0.24639976,0.41145876,-0.06941685,0.11073292,0.050755087,0.66260487,0.057029687,0.600739,0.047530495,0.45838523
0.0,0.0,0.23598845,-0.26903328,0.35175392,-0.51861656,0.41941512,-0.71718794,0.41473207,-0.9533679,0.08929511,-0.88894355,0.28384772,-0.99783283,0.30993342,-0.7656247,0.22672506,-0.63385975,0.007179309,-0.8929503,0.2618778,-1.0,0.2734686,-0.6975587,0.16030312,-0.5946936,-0.08198154,-0.87816906,0.18765323,-0.96454364,0.18721788,-0.6598928,0.06728257,-0.5602939,-0.18000199,-0.8245854,0.0679136,-0.8835357,0.08583485,-0.66534764,-0.01884296,-0.5743565
0.0,0.0,0.3630821,0.10226219,0.72268355,0.22966911,0.9301999,0.41595268,1.0,0.6180224,0.80045843,-0.26936275,0.80779886,0.55695677,0.66324514,0.53532773,0.6412501,0.31674978,0.51768726,-0.32006073,0.5452959,0.6009272,0.445059,0.47482085,0.44213107,0.2495337,0.23791696,-0.2682076,0.2629132,0.5842395,0.195292,0.448155,0.19975194,0.24589838,-0.011488349,-0.17015746,0.06701388,0.48028147,0.06347602,0.4086253,0.063378915,0.2371005
0.0,0.0,-0.42733765,0.0065573733,-0.73551834,-0.04359346,-0.92807424,-0.07356916,-1.0,-0.05432145,-0.6558348,-0.6479578,-0.7350367,0.22285955,-0.639015,0.2747129,-0.6014094,0.04446301,-0.36162975,-0.64374965,-0.44701576,0.3990598,-0.38199374,0.32340574,-0.38620013,0.03251776,-0.06786824,-0.5206881,-0.16107433,0.46822557,-0.15413485,0.3594956,-0.16337824,0.10120397,0.19638714,-0.3344161,0.12315504,0.4434101,0.12566844,0.36270824,0.13609211,0.12512395
0.0,0.0,0.38867262,0.30747294,0.72391236,0.5662803,0.9333835,0.67105067,1.0,0.6169547,0.9735528,-0.6048875,0.7136779,0.3640117,0.64644086,0.37193197,0.6818417,0.14480956,0.57587373,-0.7865153,0.3280836,0.44437033,0.36439866,0.36788172,0.43466207,0.0964115,0.1741993,-0.7582473,-0.012313224,0.3869526,0.0729651,0.292299,0.16390057,0.0032005887,-0.19213077,-0.62436396,-0.2559056,0.25697944,-0.14011703,0.18358405,-0.033484187,-0.090179674
0.0,0.0,0.22099875,-0.25811607,0.3419119,-0.5935687,0.29109013,-0.85003656,0.14500608,-0.89041674,0.1789778,-0.8182343,0.08639357,-1.0,0.07183161,-0.90261453,0.089173995,-0.7720571,0.014258764,-0.82743895,-0.054125376,-0.9306012,-0.047454122,-0.8292161,-0.026673844,-0.70911336,-0.1300316,-0.7819987,-0.17508431,-0.8591127,-0.16275753,-0.76544094,-0.13810636,-0.65727556,-0.25361404,-0.7066638,-0.28171983,-0.7674971,-0.26910102,-0.6678137,-0.24755211,-0.5721847
0.0,0.0,-0.29189524,-0.03385921,-0.49967405,-0.33193064,-0.4719642,-0.67058146,-0.34605145,-0.85150015,-0.34571466,-0.69141823,-0.23839714,-1.0,-0.22248438,-0.72097296,-0.24938633,-0.5150634,-0.15440522,-0.7133226,-0.07010487,-0.8985872,-0.06959168,-0.5931843,-0.12325952,-0.43079698,-0.007533378,-0.7162426,0.059621334,-0.8638315,0.05571128,-0.57966393,0.0035262716,-0.42877215,0.10641833,-0.69256026,0.15612471,-0.8146013,0.15153395,-0.5789378,0.1089395,-0.43792176
0.0,0.0,-0.47242606,0.13321783,-0.8497041,0.38749856,-0.8970168,0.74377686,-0.6206399,1.0,-0.6369389,-0.74829644,-0.65988773,0.41458872,-0.64539015,0.5202346,-0.63754565,0.27532986,-0.18355279,-0.75510997,-0.25705436,0.6099904,-0.27248672,0.52836174,-0.30043954,0.19005956,0.22303978,-0.61077553,0.09077345,0.6990513,0.06939156,0.5574284,0.053816866,0.19749846,0.5499407,-0.3914749,0.43647644,0.6030741,0.4264617,0.5073199,0.43591982,0.20667262
0.0,0.0,0.1494537,-0.28188506,0.208814,-0.57242906,0.20224246,-0.8185318,0.12645838,-1.0,0.023196978,-0.6885019,0.044495266,-0.8918336,0.12181414,-0.7335117,0.12766498,-0.5944753,-0.07976876,-0.6502632,-0.048690025,-0.83766687,0.03862822,-0.638937,0.021536857,-0.51239425,-0.1948642,-0.5838566,-0.15610404,-0.78855795,-0.06558193,-0.59384084,-0.08661275,-0.46965027,-0.3244531,-0.482776,-0.25562778,-0.6812827,-0.17582814,-0.5530837,-0.19320133,-0.43906492
0.0,0.0,-0.4254777,0.15266669,-0.74889207,0.3365928,-0.88860697,0.5175652,-0.7494901,0.5172168,-0.92146975,-0.7631451,-1.0,0.047481634,-0.85194415,0.14623739,-0.80591846,-0.06224893,-0.6408542,-0.79922515,-0.73804545,0.16227645,-0.62918526,0.13960591,-0.60435635,-0.11537781,-0.34872413,-0.6924044,-0.4652975,0.22413278,-0.389035,0.15870722,-0.35224342,-0.082504496,-0.09060334,-0.5060184,-0.18861677,0.18956299,-0.1561599,0.13792324,-0.13992384,-0.08304673
0.0,0.0,0.35830024,0.19413514,0.76092875,0.2434485,1.0,0.16012508,0.8727528,-0.010359255,0.78308237,-0.71653235,0.6101537,-0.027035076,0.50892365,0.09710677,0.51405555,-0.02623742,0.47646952,-0.9190922,0.28053343,0.015081366,0.26109216,0.058516383,0.29845285,-0.108810306,0.1725651,-0.9675494,0.0019584785,-0.06968015,0.021835422,-0.06639742,0.075657755,-0.27854624,-0.1068454,-0.92583,-0.19019388,-0.23613635,-0.15997289,-0.20605929,-0.11565968,-0.3877545
0.0,0.0,-0.36750096,0.13682729,-0.7125611,0.41246954,-0.80956066,0.78879094,-0.637261,1.0,-0.6613158,-0.6227692,-0.73617667,0.40765798,-0.65206015,0.63425475,-0.6153132,0.43889585,-0.2567323,-0.65802777,-0.37350538,0.6615642,-0.33956733,0.75869983,-0.33153304,0.4660801,0.11963896,-0.5333707,-0.028992495,0.6886304,-0.03893909,0.6672451,-0.04250228,0.34603664,0.41172016,-0.35124263,0.27244893,0.57698965,0.24241795,0.5690452,0.24019197,0.2973763
0.0,0.0,-0.28129402,-0.05199791,-0.50702214,-0.36022353,-0.4951031,-0.6873453,-0.3502026,-0.79067117,-0.27121893,-0.7214459,-0.23222871,-1.0,-0.2574017,-0.7032546,-0.27618164,-0.5975746,-0.088864475,-0.6896153,-0.04638133,-0.922801,-0.09868876,-0.5802835,-0.13299933,-0.5319816,0.070189245,-0.6529231,0.12009176,-0.8656298,0.06172088,-0.54505473,0.024094947,-0.4861399,0.22861238,-0.5994003,0.26546282,-0.7666793,0.2257381,-0.5330833,0.20188679,-0.4542818
0.0,0.0,-0.24762346,-0.01746974,-0.4947595,-0.37556756,-0.50964445,-0.70897573,-0.3820289,-0.74091816,-0.3392684,-0.7085249,-0.35007337,-1.0,-0.31532788,-0.69386595,-0.31158593,-0.5959991,-0.17473598,-0.71602196,-0.17250115,-0.94888246,-0.16118246,-0.57972825,-0.18528554,-0.5647639,-0.025017913,-0.70101357,-0.022297382,-0.91335386,-0.028547004,-0.5741709,-0.039536554,-0.5485584,0.1238533,-0.68034506,0.115369715,-0.83369476,0.102671616,-0.60051453,0.10713612,-0.5493704
0.0,0.0,-0.32808495,0.17609753,-0.5973769,0.38046795,-0.8084839,0.60251975,-1.0,0.7757979,-0.54076034,-0.21777616,-0.5708425,0.5174119,-0.5468229,0.48661396,-0.5485258,0.28394097,-0.27025628,-0.25171444,-0.309176,0.5987474,-0.32322246,0.48883003,-0.34714088,0.24978442,-0.011414716,-0.19800566,-0.06381128,0.5967226,-0.109308496,0.46984705,-0.13717416,0.2498702,0.21630451,-0.09536101,0.16331123,0.5110701,0.11092273,0.4162171,0.0711171,0.21877718
0.0,0.0,-0.5141396,0.13189419,-0.9326588,0.46325123,-1.0,0.8537216,-0.64240116,0.97278684,-0.7652423,-0.908365,-0.8732292,0.44998297,-0.7604189,0.44254425,-0.6874129,0.05318395,-0.24060006,-0.9258346,-0.34147787,0.72249943,-0.30886453,0.4807504,-0.28922993,-0.013879903,0.25926095,-0.7283377,0.11854582,0.83274716,0.06340514,0.5501308,0.03787248,0.077712715,0.6833463,-0.43009824,0.50809705,0.758663,0.4480599,0.5098234,0.42507875,0.024316378
0.0,0.0,0.2969024,0.08250973,0.6660286,-0.17347297,0.8282307,-0.56132644,0.72303337,-0.84679425,0.64140034,-0.7846685,0.65334815,-0.97414666,0.5817189,-0.62892604,0.56159824,-0.48507726,0.45464116,-0.9116523,0.4247012,-1.0,0.3708412,-0.5842377,0.396982,-0.5459887,0.2524795,-0.95321906,0.19938761,-0.936939,0.18408927,-0.5720876,0.21895397,-0.5433091,0.03496581,-0.9620651,-0.013719461,-0.8747844,0.0010697418,-0.6099239,0.042068597,-0.57191014
0.0,0.0,-0.43621626,0.081248164,-0.8744788,0.25871432,-0.9432511,0.6600295,-0.6401691,0.94489473,-0.5981207,-1.0,-0.79047227,0.25342223,-0.7636341,0.3197448,-0.70103043,-0.047489904,-0.101593725,-0.9586434,-0.3197974,0.5421083,-0.3287203,0.41412213,-0.29569313,-0.09875606,0.34741777,-0.7296276,0.08984775,0.6522611,0.022655299,0.4822992,0.042612128,0.01939602,0.70481217,-0.42980585,0.45534593,0.5313367,0.37363195,0.38153592,0.39571875,-0.0098351985
0.0,0.0,-0.4741107,0.20132808,-0.86124927,0.42728207,-0.9150112,0.78874743,-0.67426366,0.96270514,-1.0,-0.8129646,-0.9810072,0.6009351,-0.76978165,0.8358403,-0.67021817,0.5602267,-0.5222485,-0.95301145,-0.4364105,0.7385453,-0.33359468,0.7179591,-0.3225096,0.31471324,-0.04290879,-0.8664892,-0.012821413,0.74079984,-0.0009618158,0.6126336,-0.030396512,0.17415468,0.3543575,-0.641362,0.33168405,0.6116737,0.32310772,0.57305646,0.32152623,0.22290263
0.0,0.0,-0.32853702,0.079110436,-0.6498843,0.2293405,-0.8517574,0.49964282,-1.0,0.7875665,-0.58301896,-0.7176878,-0.70031613,0.20280012,-0.6432987,0.29503837,-0.59390104,0.068427265,-0.20634939,-0.7951808,-0.2933474,0.4750571,-0.29576194,0.37849137,-0.28664047,0.04335873,0.15457962,-0.6760542,0.033975247,0.49610823,-0.022092456,0.34429097,-0.033687644,0.025426038,0.45674437,-0.48193935,0.31196234,0.3689524,0.2576951,0.2538738,0.26053226,-0.031821694
0.0,0.0,0.32948762,0.26159257,0.68134964,0.34012726,0.8765705,0.28008112,0.8874164,-0.014229242,0.79115844,-0.7529973,0.5671844,-0.011165704,0.5065967,0.11672449,0.5577589,-0.041159727,0.46771765,-0.96912754,0.25697273,-0.018178089,0.26614928,0.041126017,0.32594416,-0.16575707,0.14610133,-1.0,-0.02560718,-0.13010746,0.016322535,-0.10039242,0.08543023,-0.3319151,-0.14664567,-0.94522667,-0.22749889,-0.31436864,-0.1619699,-0.24807209,-0.08098617,-0.4143246
0.0,0.0,0.33752418,0.14111574,0.64185053,0.15468714,0.83803207,0.15634955,1.0,0.18565889,0.75428075,-0.5205753,0.85884625,0.087832674,0.69126725,0.2035605,0.5956437,0.11434596,0.5722513,-0.59685,0.67363036,0.13219374,0.5257598,0.2103508,0.45187932,0.13462469,0.37615162,-0.5527237,0.49425927,0.12624417,0.38786885,0.19975783,0.32301912,0.1407424,0.18910699,-0.44037613,0.32454887,0.0685951,0.26517317,0.13097906,0.22111966,0.06758434
0.0,0.0,0.24461101,0.046930112,0.5090343,-0.018300448,0.60848534,-0.19184749,0.50316966,-0.3592891,0.53498363,-0.8574182,0.42507228,-0.6567485,0.37670544,-0.39738175,0.3874453,-0.31693965,0.32824585,-0.9895722,0.18759665,-0.6586101,0.18537217,-0.37419787,0.23697369,-0.34147334,0.11274546,-1.0,-0.01293502,-0.65174776,0.020315716,-0.40082335,0.07833022,-0.36686298,-0.0849696,-0.9405077,-0.16562915,-0.67542577,-0.12691101,-0.4535084,-0.071771964,-0.39523563
0.0,0.0,-0.4729767,0.10607202,-0.81306857,0.26919895,-1.0,0.47737673,-0.9281651,0.56819284,-0.82127947,-0.9025961,-0.965717,0.09382264,-0.81556004,0.1429572,-0.75864154,-0.11435083,-0.45769268,-0.8794092,-0.64876044,0.32368472,-0.55277663,0.21971267,-0.5231359,-0.08325789,-0.10561508,-0.6891005,-0.30879337,0.46052426,-0.271929,0.3285594,-0.25238505,0.03607895,0.20230478,-0.41112176,0.042885385,0.46583325,0.054694954,0.34615752,0.06798913,0.06396045
0.0,0.0,-0.26911977,0.05690976,-0.5260609,0.2906402,-0.6126072,0.6939582,-0.49391752,1.0,-0.38225284,-0.36642393,-0.494631,0.50778645,-0.48489547,0.6040846,-0.45514363,0.43438613,-0.06808665,-0.34029594,-0.1870605,0.68638515,-0.18524563,0.60284966,-0.17157592,0.33160293,0.2087289,-0.2028698,0.058798507,0.7527842,0.0037694313,0.6405479,-0.014841059,0.39781436,0.41898435,-0.019716455,0.30673215,0.68800694,0.2362649,0.6344831,0.20965682,0.47418275
0.0,0.0,0.42616737,0.1614251,0.7551261,0.3472242,0.9122449,0.53582186,0.94155085,0.60392576,0.95194566,-0.13881756,0.97945046,0.81239694,0.88170105,0.9129645,0.81519514,0.7829939,0.6326226,-0.3219461,0.5941571,1.0,0.4604291,0.95148045,0.43444866,0.7176929,0.26365328,-0.34360906,0.20836745,0.8985608,0.14270824,0.82262397,0.16842407,0.59985656,-0.09983467,-0.3019096,-0.17996348,0.63646775,-0.1866115,0.62014824,-0.14929967,0.43234363
0.0,0.0,-0.3592284,0.13950798,-0.593371,0.43378457,-0.58269656,0.7940542,-0.3709945,1.0,-0.68526644,-0.38897383,-0.6605112,0.49854684,-0.60675615,0.68661517,-0.6019748,0.6005612,-0.34626234,-0.47329012,-0.35871628,0.57258976,-0.37202194,0.7033301,-0.40902182,0.6314791,-0.013539831,-0.41885602,-0.07955445,0.63575184,-0.14586034,0.7285711,-0.20173134,0.648977,0.25231737,-0.28533876,0.17661327,0.5621999,0.07263719,0.68747807,-0.011454429,0.6616449
0.0,0.0,-0.22767292,-0.059101935,-0.4325466,-0.24837677,-0.4882777,-0.4844458,-0.35661274,-0.6014553,-0.3759019,-0.5798164,-0.39517984,-0.87665176,-0.38827777,-0.927024,-0.39265943,-1.0,-0.2517787,-0.59985274,-0.27211672,-0.7542989,-0.26107746,-0.54792047,-0.26970246,-0.4629501,-0.13298804,-0.5944047,-0.1406793,-0.7304012,-0.14350104,-0.5304379,-0.1499817,-0.44996697,-0.013338066,-0.5611884,-0.034462318,-0.6955845,-0.046427052,-0.54784536,-0.044445775,-0.462834
0.0,0.0,-0.32272035,0.093937606,-0.5783859,0.3348039,-0.66945475,0.6837116,-0.61062986,1.0,-0.5780254,-0.50423187,-0.56372774,0.32003677,-0.5282039,0.57358897,-0.51878744,0.55777276,-0.20815532,-0.543271,-0.2047002,0.44020757,-0.1973018,0.62148637,-0.22351606,0.51007855,0.12622109,-0.44392928,0.12507506,0.45601666,0.11781312,0.64755183,0.10403633,0.59704995,0.39716226,-0.30053806,0.4286248,0.33137596,0.39865863,0.5308125,0.37655076,0.55550075
0.0,0.0,-0.34737933,0.1476077,-0.6226887,0.3146532,-0.8296837,0.52119744,-1.0,0.6890573,-0.59878224,-0.2669657,-0.6442003,0.4329982,-0.6040099,0.49258414,-0.59585947,0.3461393,-0.34907115,-0.2875202,-0.39501584,0.49671605,-0.40890425,0.48294473,-0.4350335,0.3320359,-0.107685976,-0.21768261,-0.1689845,0.52295196,-0.21453008,0.49679255,-0.24564455,0.36798534,0.101552635,-0.102613546,0.0371046,0.46797663,-0.011376498,0.4874728,-0.036771532,0.41523147
0.0,0.0,0.34721735,0.20156384,0.7596472,0.24456976,1.0,0.148771,0.84261286,-0.018436622,0.76277095,-0.68797547,0.55443454,0.021868084,0.4554815,0.19539215,0.47016162,0.07186651,0.4395684,-0.9012519,0.21701905,0.07850408,0.20915829,0.17610005,0.25882453,-0.0051766597,0.12655903,-0.95298773,-0.06315146,-0.025395319,-0.023039494,0.036877144,0.04642699,-0.15660208,-0.16196054,-0.9224597,-0.2598161,-0.2368466,-0.21519856,-0.14281514,-0.15817589,-0.26814535
0.0,0.0,-0.3501841,0.22629757,-0.5990752,0.6209292,-0.49608943,0.9691791,-0.11792338,1.0,-0.53911066,-0.42551348,-0.54672325,0.5338592,-0.50547105,0.5856703,-0.5190487,0.32157612,-0.15761748,-0.45625082,-0.198125,0.7126566,-0.2107824,0.6062778,-0.24824807,0.26723817,0.19347797,-0.32596377,0.123693556,0.81739205,0.024783807,0.6904227,-0.040531527,0.38125026,0.4683118,-0.10892966,0.35880974,0.791133,0.23777956,0.7451024,0.15785614,0.52544826
0.0,0.0,0.24179351,-0.250205,0.35486016,-0.55495757,0.32921138,-0.8452894,0.22062908,-1.0,0.07967437,-0.7052072,0.06972414,-0.9654988,0.16527389,-0.7773903,0.16707629,-0.63471025,-0.048584256,-0.6642612,-0.047410853,-0.9412557,0.059705257,-0.67907304,0.026312161,-0.5421663,-0.17567489,-0.59132254,-0.16111787,-0.85486084,-0.05040151,-0.59980965,-0.08221779,-0.47134477,-0.3205684,-0.47877136,-0.28600296,-0.71422416,-0.18692009,-0.5645725,-0.19698128,-0.4461637
0.0,0.0,0.26996958,0.062027447,0.55911946,0.011360895,0.68555814,-0.15877816,0.54513025,-0.2928499,0.56975144,-0.83859485,0.42903355,-0.57103616,0.3680557,-0.3057022,0.3863707,-0.261015,0.36631426,-0.97745776,0.18768002,-0.5615571,0.18713433,-0.29826543,0.24788585,-0.2920392,0.1527899,-1.0,-0.009457986,-0.5664015,0.026347378,-0.33978784,0.095152065,-0.34933656,-0.042768337,-0.9530434,-0.15553698,-0.61403584,-0.11972951,-0.40917766,-0.05289071,-0.39135695
0.0,0.0,-0.43240395,0.073719405,-0.86401266,0.28879902,-0.97423315,0.64461076,-0.80684876,0.8171238,-0.6269296,-1.0,-0.7576051,0.20941402,-0.7714891,0.22178364,-0.7464391,-0.12720674,-0.13680978,-0.99424785,-0.29840925,0.60277253,-0.32409644,0.40025333,-0.29484943,-0.076304376,0.31672567,-0.77543473,0.08812657,0.71715206,0.035244334,0.46218592,0.05173824,-0.013911547,0.6799443,-0.46595687,0.43404093,0.6410208,0.38509354,0.4204054,0.42183852,-0.03556623
0.0,0.0,-0.36103886,0.094501205,-0.6538501,0.17262599,-0.86087173,0.24717031,-1.0,0.26511604,-0.5874042,-0.4340591,-0.67410684,0.25725728,-0.5846051,0.31887847,-0.53136224,0.17078619,-0.32738063,-0.44438982,-0.41732055,0.3783369,-0.3714994,0.32206637,-0.35230884,0.1171622,-0.07362352,-0.3518016,-0.17032136,0.41431007,-0.15874797,0.32637766,-0.14953771,0.1257803,0.15117037,-0.22043772,0.06677239,0.36035836,0.05997809,0.29523155,0.060189605,0.113118894
0.0,0.0,-0.37776512,0.046186116,-0.7258846,0.098512046,-0.8937189,0.20271997,-0.7330212,0.193523,-0.6371161,-1.0,-0.7109379,-0.17645296,-0.6211262,-0.09465602,-0.57031465,-0.32463238,-0.3140452,-0.992686,-0.42657238,0.048264094,-0.36795127,-0.014383125,-0.3343986,-0.32096857,-0.0022355986,-0.8376481,-0.13928805,0.14455415,-0.1205012,0.055605907,-0.096172124,-0.2398225,0.26169997,-0.6059634,0.14460915,0.18524511,0.18223162,0.10301613,0.22871369,-0.18853642
0.0,0.0,-0.35398912,0.06769601,-0.73506254,0.12743925,-0.9482728,0.10613241,-1.0,-0.13754773,-0.5984189,-0.74496305,-0.49587643,0.12737043,-0.50754774,0.1735386,-0.5307934,-0.06159276,-0.21517327,-0.82911634,-0.12849747,0.34369853,-0.20427728,0.22125638,-0.27578565,-0.09525867,0.13799083,-0.76588166,0.14757143,0.38056898,0.08036647,0.23014782,0.03306955,-0.10106166,0.41281906,-0.6259864,0.3731955,0.27366576,0.32064816,0.16858739,0.29026744,-0.14402945
0.0,0.0,0.29271165,0.14415848,0.6969314,0.014727323,0.9000853,-0.28794172,0.82715756,-0.5814113,0.7369794,-0.75250375,0.6844903,-0.65776765,0.58183897,-0.31848142,0.5602221,-0.23970442,0.55332404,-0.9297066,0.44406578,-0.7248637,0.3812792,-0.32575962,0.39658988,-0.2804336,0.33847278,-0.99133414,0.20389079,-0.71256346,0.18182313,-0.3300562,0.20742133,-0.26543567,0.11696934,-1.0,0.0120501695,-0.7203779,0.010003756,-0.43462026,0.04516005,-0.37465236
0.0,0.0,-0.31916448,-0.09156159,-0.57163227,-0.34150267,-0.6166135,-0.65740067,-0.5055801,-0.8587183,-0.4770554,-0.72602564,-0.45735925,-1.0,-0.42386746,-0.7401194,-0.43717495,-0.6028926,-0.29011217,-0.7503793,-0.24936654,-0.98133004,-0.23945472,-0.6678363,-0.27834547,-0.54385316,-0.12512381,-0.742371,-0.07641267,-0.93489605,-0.080461696,-0.64702713,-0.123508826,-0.52983487,0.039488353,-0.6948677,0.0720118,-0.8409592,0.06405382,-0.61985654,0.027567323,-0.50895983
0.0,0.0,-0.4882787,0.08532746,-0.8900397,0.33975673,-1.0,0.69575185,-0.74241614,0.84500307,-0.71032894,-0.77099246,-0.7968313,0.36089385,-0.72090054,0.44903508,-0.6808259,0.11680548,-0.2586339,-0.71786344,-0.3946631,0.75885004,-0.373578,0.6604042,-0.3683164,0.20405588,0.15761518,-0.48961884,-0.0070506064,0.9140619,-0.068895265,0.75784,-0.09664602,0.3242536,0.485439,-0.20363681,0.33145756,0.93358713,0.2753089,0.7800243,0.24276595,0.35790035
0.0,0.0,-0.29507542,-0.14317386,-0.50029504,-0.42497507,-0.56168866,-0.73974794,-0.46402904,-0.87130964,-0.18883002,-0.77622944,-0.37266034,-0.99722123,-0.41346216,-0.7956268,-0.36074173,-0.6465619,-0.028245501,-0.8066391,-0.23278178,-1.0,-0.27984107,-0.843311,-0.22790867,-0.7226472,0.08767849,-0.77658796,-0.09110444,-0.97661036,-0.14648421,-0.8488232,-0.108337775,-0.72895867,0.16856104,-0.71789145,0.023842616,-0.91045755,-0.029002668,-0.8100556,0.00533103,-0.6952349
0.0,0.0,0.33392203,0.19889641,0.61008763,0.2563186,0.81151766,0.2529334,1.0,0.17218228,0.82451123,-0.74981713,0.67366964,-0.14199407,0.58452696,0.045586232,0.59581256,-0.06265341,0.5632398,-0.95142466,0.3890448,-0.14751884,0.33011913,0.003604431,0.33598706,-0.13901702,0.28247988,-0.9957161,0.14733927,-0.24871986,0.12904182,-0.10986809,0.1507852,-0.25071493,0.011146602,-0.945668,-0.05912257,-0.38372886,-0.050332904,-0.24615262,-0.019515144,-0.3410221
0.0,0.0,-0.42389366,0.16512775,-0.8562406,0.43953845,-1.0,0.7953191,-0.7463482,0.94376725,-0.77475435,-0.88970935,-0.84489816,0.29535076,-0.845571,0.53609246,-0.84680825,0.35173875,-0.29787537,-0.9490917,-0.36519855,0.47262287,-0.3977906,0.5065102,-0.41760638,0.18093735,0.14190821,-0.82013917,-0.0052617383,0.4841435,-0.047057156,0.43804514,-0.05065947,0.0966139,0.48423624,-0.6107305,0.33427843,0.34855574,0.27342469,0.37893614,0.27139708,0.1486417
0.0,0.0,0.26919374,-0.15369453,0.4956326,-0.47020924,0.596202,-0.78216404,0.48892036,-0.9799354,0.23694102,-0.7845049,0.2826455,-0.99210626,0.33373144,-0.80865717,0.3186619,-0.6639889,0.06524738,-0.76812804,0.11033858,-1.0,0.19747227,-0.72324896,0.18606414,-0.5479311,-0.10167766,-0.69734955,-0.056132365,-0.9542058,0.046303324,-0.66208124,0.04086605,-0.4854915,-0.27156344,-0.5845226,-0.20104279,-0.7684947,-0.11675194,-0.5804083,-0.12475869,-0.43385246
0.0,0.0,0.16337022,-0.26982278,0.20903954,-0.577306,0.20061691,-0.7986893,0.13598545,-0.9759159,-0.078575574,-0.8467066,0.07687972,-1.0,0.1418232,-0.7744425,0.10996712,-0.6495221,-0.17102289,-0.8217095,0.03428382,-0.97448426,0.095935985,-0.7048353,0.0429,-0.5979835,-0.24635208,-0.75045204,-0.016962666,-0.8462316,0.03175429,-0.58501565,-0.034905624,-0.49440366,-0.3011643,-0.6363417,-0.085810766,-0.6903295,-0.044659585,-0.5214683,-0.1098853,-0.45112354
0.0,0.0,-0.37354523,0.0159245,-0.6976758,0.03832101,-0.90074366,0.1370116,-0.89326084,0.24859561,-0.76720554,-0.9431109,-0.86006665,-0.20403078,-0.7422131,0.027212901,-0.67882824,-0.09477748,-0.48122063,-1.0,-0.5749186,-0.04024865,-0.49334183,0.086239554,-0.46877095,-0.12397089,-0.18840677,-0.9048556,-0.28105372,0.011178599,-0.22683035,0.06532741,-0.19787915,-0.13578345,0.066260055,-0.7328469,-0.011388263,-0.033086646,0.023878615,-0.010250024,0.05478232,-0.20830674
0.0,0.0,-0.3882252,0.07788472,-0.76619714,0.19349656,-0.96401906,0.3952333,-0.8550347,0.5042246,-0.7229831,-0.96763337,-0.8387627,-0.031316303,-0.68461174,0.033674367,-0.60273397,-0.25354996,-0.34795067,-1.0,-0.46832308,0.21433468,-0.38262773,0.11263486,-0.3542992,-0.2603255,0.018877216,-0.8474496,-0.12337736,0.29159668,-0.09943644,0.16527095,-0.082499176,-0.17624857,0.3276126,-0.6050768,0.17856659,0.26272297,0.19924651,0.14688174,0.23254406,-0.17985016
0.0,0.0,-0.38330865,0.039548323,-0.7528038,0.18369988,-0.8811123,0.46729818,-0.83353525,0.641685,-0.64495707,-0.9982953,-0.7669084,0.11776932,-0.6594942,0.17729208,-0.57669824,-0.13412125,-0.20699525,-1.0,-0.36461565,0.37232643,-0.31217605,0.22616799,-0.25382003,-0.19096586,0.1936708,-0.7888271,-0.0071681626,0.50492173,-0.0061481316,0.3398793,0.038038652,-0.039432462,0.52509063,-0.49582994,0.31908628,0.49616295,0.30076006,0.3650919,0.34557855,-0.002465657
0.0,0.0,0.30232087,-0.08464651,0.5864293,-0.41382766,0.67907524,-0.7929687,0.5385116,-0.9850268,0.36013892,-0.7267371,0.44278103,-1.0,0.45357913,-0.7140857,0.41607246,-0.5239295,0.19687428,-0.7468686,0.26241833,-0.9665252,0.29126358,-0.645815,0.25300038,-0.49445203,0.040100273,-0.7242726,0.11530369,-0.9146791,0.15250571,-0.62093127,0.1246784,-0.48194486,-0.12533274,-0.6740564,-0.013024095,-0.821547,0.015241345,-0.6169024,-0.012505564,-0.4975094
0.0,0.0,0.11582017,-0.27262664,0.14906634,-0.5839118,0.15743665,-0.82283294,0.10117765,-1.0,-0.08544652,-0.7557376,-0.0057455306,-0.92812335,0.09041099,-0.7403123,0.09626536,-0.6546178,-0.19373791,-0.6942191,-0.07749676,-0.82704633,0.00539518,-0.57263166,-0.04748259,-0.5078476,-0.30229837,-0.5940999,-0.17743264,-0.73846,-0.10063537,-0.5038091,-0.1606123,-0.42364717,-0.41887325,-0.45687956,-0.2896146,-0.60775137,-0.2108844,-0.4670945,-0.2538249,-0.38255227
0.0,0.0,-0.23126884,-0.08311903,-0.4419919,-0.34018034,-0.48941064,-0.62409,-0.39494175,-0.8205414,-0.33935097,-0.65899116,-0.35680753,-1.0,-0.36204192,-0.86452854,-0.36464012,-0.7094847,-0.16428491,-0.66424596,-0.17515187,-0.9508583,-0.1792421,-0.75587857,-0.18042777,-0.60233676,0.008962351,-0.6206037,-0.014065204,-0.88813645,-0.016803749,-0.69241965,-0.020147616,-0.5543109,0.18013443,-0.534221,0.1489433,-0.752152,0.13062537,-0.6094895,0.12711407,-0.49816653
0.0,0.0,-0.41088858,0.009285618,-0.7397356,-0.04354838,-0.9392844,-0.013321905,-1.0,0.077405736,-0.79673785,-0.8611427,-0.92888725,-0.028769808,-0.78802514,-0.0101332255,-0.69466394,-0.25897458,-0.50639415,-0.874811,-0.6332416,0.12887697,-0.51210916,0.04697434,-0.46324676,-0.24312826,-0.20556134,-0.76650184,-0.34538677,0.19256745,-0.25073895,0.08772232,-0.2052879,-0.1825408,0.08365684,-0.5764163,-0.023049725,0.19352989,0.03906418,0.104842596,0.08185758,-0.17145275
0.0,0.0,-0.30320844,0.12667921,-0.57769275,0.2574108,-0.7921081,0.37018,-1.0,0.4159456,-0.4996558,-0.37121683,-0.5654024,0.38412923,-0.530323,0.5096719,-0.5358669,0.3546689,-0.20281681,-0.38948447,-0.26048052,0.50018245,-0.26534066,0.5617644,-0.30649194,0.38042468,0.07322258,-0.29328686,0.017456468,0.5673879,-0.03655917,0.6237208,-0.09544463,0.47438344,0.29723492,-0.14882809,0.26927963,0.48929945,0.2268403,0.5531351,0.1915681,0.45455748
0.0,0.0,0.29382655,0.017727917,0.61967814,-0.33789498,0.7255213,-0.7422704,0.58290285,-0.9343361,0.4524905,-0.7109635,0.44911498,-1.0,0.42488462,-0.65475756,0.42866167,-0.5567901,0.27937207,-0.719513,0.27432284,-0.9896866,0.27696264,-0.5880802,0.29271975,-0.56811845,0.11957327,-0.70335025,0.11098885,-0.92461914,0.12544349,-0.56666934,0.14123012,-0.5283435,-0.048306983,-0.69644487,-0.03981395,-0.8199751,-0.023850266,-0.57561016,-0.018641608,-0.5284543
0.0,0.0,-0.26560974,-0.049889658,-0.47344664,-0.32510832,-0.3828964,-0.6013553,-0.16871567,-0.73787,-0.43674666,-0.7172628,-0.30142355,-1.0,-0.23935731,-0.72961575,-0.24573109,-0.54977983,-0.22588,-0.81265885,-0.06262105,-0.9515644,-0.04252846,-0.5913266,-0.1118285,-0.40991756,-0.038861174,-0.8407435,0.12546793,-0.80944127,0.12804653,-0.44464174,0.052031364,-0.25044665,0.12998998,-0.8028103,0.24774681,-0.743274,0.23967868,-0.44926175,0.1728441,-0.28197324
0.0,0.0,0.37140566,0.18852317,0.81952333,-0.085098274,1.0,-0.55513036,0.89379215,-0.81992227,0.796965,-0.420219,0.9369798,-0.73899716,0.8018625,-0.49383655,0.7141665,-0.3608173,0.5866544,-0.5637315,0.71046084,-0.8949912,0.58114225,-0.4719026,0.5196456,-0.32489848,0.38735965,-0.65227914,0.50703603,-0.93274474,0.40107745,-0.4854695,0.33897763,-0.31871614,0.17817213,-0.7239232,0.28600046,-0.8393872,0.2155822,-0.49662104,0.17034023,-0.3472509
0.0,0.0,-0.29120308,-0.011070689,-0.5542502,-0.3002832,-0.5808172,-0.67440635,-0.4918988,-0.8802344,-0.4651454,-0.68695223,-0.35175478,-1.0,-0.3021384,-0.7054771,-0.33961457,-0.53864914,-0.27416745,-0.7108951,-0.17966901,-0.96627325,-0.13813497,-0.6190673,-0.20920092,-0.49568906,-0.11535819,-0.7280598,-0.025016906,-0.9481388,0.0021173845,-0.6074673,-0.0662874,-0.4838025,0.027647391,-0.7203173,0.09021177,-0.8883439,0.12475014,-0.62373847,0.08302656,-0.5020701
0.0,0.0,-0.47359577,0.12486851,-0.80597866,0.3797808,-0.9811675,0.7318629,-0.8837485,1.0,-0.72674346,-0.79509073,-0.88333255,0.4454431,-0.7780333,0.39624885,-0.699235,0.028031563,-0.247306,-0.78066313,-0.4571309,0.6897259,-0.40013695,0.430098,-0.35086915,0.0058898684,0.19461866,-0.59406984,-0.052704465,0.78964883,-0.052890245,0.4751575,-0.038047954,0.045559138,0.5610041,-0.33065438,0.36887228,0.7544935,0.35766953,0.5047235,0.35933208,0.068171315
0.0,0.0,0.30431086,0.22386257,0.7567086,0.022679355,1.0,-0.3356201,0.95305383,-0.5819137,0.7378084,-0.3583657,0.8433918,-0.67859936,0.7113338,-0.43392956,0.66393,-0.26094925,0.56090295,-0.47667864,0.67804617,-0.7788004,0.5357429,-0.40001786,0.495027,-0.23320219,0.41289324,-0.56484395,0.50951743,-0.81012434,0.39373577,-0.43288264,0.3597098,-0.25198615,0.27730915,-0.64753926,0.3469324,-0.7660268,0.25867397,-0.49041432,0.2298857,-0.34132218
